{
"type": "FeatureCollection",
"name": "titik_alert",
"crs": { "type": "name", "properties": { "name": "urn:ogc:def:crs:OGC:1.3:CRS84" } },
"features": [
{ "type": "Feature", "properties": { "id": 1, "alert_type": "Deforestation/Fire" }, "geometry": { "type": "Point", "coordinates": [ 125.491141761889082, -8.640625223360441 ] } },
{ "type": "Feature", "properties": { "id": 2, "alert_type": "Deforestation/Fire" }, "geometry": { "type": "Point", "coordinates": [ 125.440656442921565, -8.65248298511082 ] } },
{ "type": "Feature", "properties": { "id": 3, "alert_type": "Deforestation/Fire" }, "geometry": { "type": "Point", "coordinates": [ 125.480900967650129, -8.654459278735883 ] } },
{ "type": "Feature", "properties": { "id": 4, "alert_type": "Deforestation/Fire" }, "geometry": { "type": "Point", "coordinates": [ 125.481260293763768, -8.654638941792706 ] } },
{ "type": "Feature", "properties": { "id": 5, "alert_type": "Deforestation/Fire" }, "geometry": { "type": "Point", "coordinates": [ 125.439039475410155, -8.654998267906354 ] } },
{ "type": "Feature", "properties": { "id": 6, "alert_type": "Deforestation/Fire" }, "geometry": { "type": "Point", "coordinates": [ 125.480002652366011, -8.655177930963179 ] } },
{ "type": "Feature", "properties": { "id": 7, "alert_type": "Deforestation/Fire" }, "geometry": { "type": "Point", "coordinates": [ 125.438680149296502, -8.656255909304122 ] } },
{ "type": "Feature", "properties": { "id": 8, "alert_type": "Deforestation/Fire" }, "geometry": { "type": "Point", "coordinates": [ 125.487368837695783, -8.657333887645065 ] } },
{ "type": "Feature", "properties": { "id": 9, "alert_type": "Deforestation/Fire" }, "geometry": { "type": "Point", "coordinates": [ 125.434188572875911, -8.657693213758712 ] } },
{ "type": "Feature", "properties": { "id": 10, "alert_type": "Deforestation/Fire" }, "geometry": { "type": "Point", "coordinates": [ 125.490423109661791, -8.65805253987236 ] } },
{ "type": "Feature", "properties": { "id": 11, "alert_type": "Deforestation/Fire" }, "geometry": { "type": "Point", "coordinates": [ 125.499046936389334, -8.658411865986009 ] } },
{ "type": "Feature", "properties": { "id": 12, "alert_type": "Deforestation/Fire" }, "geometry": { "type": "Point", "coordinates": [ 125.473355119263516, -8.658771192099657 ] } },
{ "type": "Feature", "properties": { "id": 13, "alert_type": "Deforestation/Fire" }, "geometry": { "type": "Point", "coordinates": [ 125.435805540387321, -8.660388159611072 ] } },
{ "type": "Feature", "properties": { "id": 14, "alert_type": "Deforestation/Fire" }, "geometry": { "type": "Point", "coordinates": [ 125.434008909819084, -8.662903442406606 ] } },
{ "type": "Feature", "properties": { "id": 15, "alert_type": "Deforestation/Fire" }, "geometry": { "type": "Point", "coordinates": [ 125.511084361196538, -8.665059399088493 ] } },
{ "type": "Feature", "properties": { "id": 16, "alert_type": "Deforestation/Fire" }, "geometry": { "type": "Point", "coordinates": [ 125.434368235932737, -8.665778051315788 ] } },
{ "type": "Feature", "properties": { "id": 17, "alert_type": "Deforestation/Fire" }, "geometry": { "type": "Point", "coordinates": [ 125.506772447832773, -8.667215355770379 ] } },
{ "type": "Feature", "properties": { "id": 18, "alert_type": "Deforestation/Fire" }, "geometry": { "type": "Point", "coordinates": [ 125.510006382855593, -8.667215355770379 ] } },
{ "type": "Feature", "properties": { "id": 19, "alert_type": "Deforestation/Fire" }, "geometry": { "type": "Point", "coordinates": [ 125.42574440920518, -8.667574681884028 ] } },
{ "type": "Feature", "properties": { "id": 20, "alert_type": "Deforestation/Fire" }, "geometry": { "type": "Point", "coordinates": [ 125.424486767807423, -8.667754344940851 ] } },
{ "type": "Feature", "properties": { "id": 21, "alert_type": "Deforestation/Fire" }, "geometry": { "type": "Point", "coordinates": [ 125.424666430864249, -8.667754344940851 ] } },
{ "type": "Feature", "properties": { "id": 22, "alert_type": "Deforestation/Fire" }, "geometry": { "type": "Point", "coordinates": [ 125.424846093921062, -8.667754344940851 ] } },
{ "type": "Feature", "properties": { "id": 23, "alert_type": "Deforestation/Fire" }, "geometry": { "type": "Point", "coordinates": [ 125.425205420034715, -8.667754344940851 ] } },
{ "type": "Feature", "properties": { "id": 24, "alert_type": "Deforestation/Fire" }, "geometry": { "type": "Point", "coordinates": [ 125.425385083091541, -8.667754344940851 ] } },
{ "type": "Feature", "properties": { "id": 25, "alert_type": "Deforestation/Fire" }, "geometry": { "type": "Point", "coordinates": [ 125.422690137239186, -8.667934007997676 ] } },
{ "type": "Feature", "properties": { "id": 26, "alert_type": "Deforestation/Fire" }, "geometry": { "type": "Point", "coordinates": [ 125.425205420034715, -8.667934007997676 ] } },
{ "type": "Feature", "properties": { "id": 27, "alert_type": "Deforestation/Fire" }, "geometry": { "type": "Point", "coordinates": [ 125.425385083091541, -8.667934007997676 ] } },
{ "type": "Feature", "properties": { "id": 28, "alert_type": "Deforestation/Fire" }, "geometry": { "type": "Point", "coordinates": [ 125.421252832784589, -8.668113671054499 ] } },
{ "type": "Feature", "properties": { "id": 29, "alert_type": "Deforestation/Fire" }, "geometry": { "type": "Point", "coordinates": [ 125.424846093921062, -8.668113671054499 ] } },
{ "type": "Feature", "properties": { "id": 30, "alert_type": "Deforestation/Fire" }, "geometry": { "type": "Point", "coordinates": [ 125.425025756977888, -8.668113671054499 ] } },
{ "type": "Feature", "properties": { "id": 31, "alert_type": "Deforestation/Fire" }, "geometry": { "type": "Point", "coordinates": [ 125.424307104750596, -8.668293334111324 ] } },
{ "type": "Feature", "properties": { "id": 32, "alert_type": "Deforestation/Fire" }, "geometry": { "type": "Point", "coordinates": [ 125.424486767807423, -8.668293334111324 ] } },
{ "type": "Feature", "properties": { "id": 33, "alert_type": "Deforestation/Fire" }, "geometry": { "type": "Point", "coordinates": [ 125.424846093921062, -8.668293334111324 ] } },
{ "type": "Feature", "properties": { "id": 34, "alert_type": "Deforestation/Fire" }, "geometry": { "type": "Point", "coordinates": [ 125.42412744169377, -8.668472997168147 ] } },
{ "type": "Feature", "properties": { "id": 35, "alert_type": "Deforestation/Fire" }, "geometry": { "type": "Point", "coordinates": [ 125.424307104750596, -8.668472997168147 ] } },
{ "type": "Feature", "properties": { "id": 36, "alert_type": "Deforestation/Fire" }, "geometry": { "type": "Point", "coordinates": [ 125.432751268421313, -8.668652660224971 ] } },
{ "type": "Feature", "properties": { "id": 37, "alert_type": "Deforestation/Fire" }, "geometry": { "type": "Point", "coordinates": [ 125.507491100060065, -8.669011986338619 ] } },
{ "type": "Feature", "properties": { "id": 38, "alert_type": "Deforestation/Fire" }, "geometry": { "type": "Point", "coordinates": [ 125.425564746148368, -8.67044929079321 ] } },
{ "type": "Feature", "properties": { "id": 39, "alert_type": "Deforestation/Fire" }, "geometry": { "type": "Point", "coordinates": [ 125.427361376716604, -8.67134760607733 ] } },
{ "type": "Feature", "properties": { "id": 40, "alert_type": "Deforestation/Fire" }, "geometry": { "type": "Point", "coordinates": [ 125.427181713659778, -8.671527269134154 ] } },
{ "type": "Feature", "properties": { "id": 41, "alert_type": "Deforestation/Fire" }, "geometry": { "type": "Point", "coordinates": [ 125.425205420034715, -8.672605247475097 ] } },
{ "type": "Feature", "properties": { "id": 42, "alert_type": "Deforestation/Fire" }, "geometry": { "type": "Point", "coordinates": [ 125.424846093921062, -8.673144236645568 ] } },
{ "type": "Feature", "properties": { "id": 43, "alert_type": "Deforestation/Fire" }, "geometry": { "type": "Point", "coordinates": [ 125.410473049375156, -8.67368322581604 ] } },
{ "type": "Feature", "properties": { "id": 44, "alert_type": "Deforestation/Fire" }, "geometry": { "type": "Point", "coordinates": [ 125.426642724489312, -8.67368322581604 ] } },
{ "type": "Feature", "properties": { "id": 45, "alert_type": "Deforestation/Fire" }, "geometry": { "type": "Point", "coordinates": [ 125.427720702830243, -8.674042551929688 ] } },
{ "type": "Feature", "properties": { "id": 46, "alert_type": "Deforestation/Fire" }, "geometry": { "type": "Point", "coordinates": [ 125.426463061432486, -8.674222214986512 ] } },
{ "type": "Feature", "properties": { "id": 47, "alert_type": "Deforestation/Fire" }, "geometry": { "type": "Point", "coordinates": [ 125.415862941079865, -8.674401878043335 ] } },
{ "type": "Feature", "properties": { "id": 48, "alert_type": "Deforestation/Fire" }, "geometry": { "type": "Point", "coordinates": [ 125.398794950681605, -8.67458154110016 ] } },
{ "type": "Feature", "properties": { "id": 49, "alert_type": "Deforestation/Fire" }, "geometry": { "type": "Point", "coordinates": [ 125.427361376716604, -8.67458154110016 ] } },
{ "type": "Feature", "properties": { "id": 50, "alert_type": "Deforestation/Fire" }, "geometry": { "type": "Point", "coordinates": [ 125.465809270876917, -8.67458154110016 ] } },
{ "type": "Feature", "properties": { "id": 51, "alert_type": "Deforestation/Fire" }, "geometry": { "type": "Point", "coordinates": [ 125.466348260047383, -8.674761204156983 ] } },
{ "type": "Feature", "properties": { "id": 52, "alert_type": "Deforestation/Fire" }, "geometry": { "type": "Point", "coordinates": [ 125.427181713659778, -8.674940867213808 ] } },
{ "type": "Feature", "properties": { "id": 53, "alert_type": "Deforestation/Fire" }, "geometry": { "type": "Point", "coordinates": [ 125.420713843614124, -8.675659519441103 ] } },
{ "type": "Feature", "properties": { "id": 54, "alert_type": "Deforestation/Fire" }, "geometry": { "type": "Point", "coordinates": [ 125.420534180557297, -8.675839182497928 ] } },
{ "type": "Feature", "properties": { "id": 55, "alert_type": "Deforestation/Fire" }, "geometry": { "type": "Point", "coordinates": [ 125.420893506670936, -8.675839182497928 ] } },
{ "type": "Feature", "properties": { "id": 56, "alert_type": "Deforestation/Fire" }, "geometry": { "type": "Point", "coordinates": [ 125.446405660739941, -8.676917160838871 ] } },
{ "type": "Feature", "properties": { "id": 57, "alert_type": "Deforestation/Fire" }, "geometry": { "type": "Point", "coordinates": [ 125.446585323796754, -8.676917160838871 ] } },
{ "type": "Feature", "properties": { "id": 58, "alert_type": "Deforestation/Fire" }, "geometry": { "type": "Point", "coordinates": [ 125.420534180557297, -8.677456150009343 ] } },
{ "type": "Feature", "properties": { "id": 59, "alert_type": "Deforestation/Fire" }, "geometry": { "type": "Point", "coordinates": [ 125.450358247990067, -8.677456150009343 ] } },
{ "type": "Feature", "properties": { "id": 60, "alert_type": "Deforestation/Fire" }, "geometry": { "type": "Point", "coordinates": [ 125.4401174537511, -8.677635813066166 ] } },
{ "type": "Feature", "properties": { "id": 61, "alert_type": "Deforestation/Fire" }, "geometry": { "type": "Point", "coordinates": [ 125.448561617421817, -8.677635813066166 ] } },
{ "type": "Feature", "properties": { "id": 62, "alert_type": "Deforestation/Fire" }, "geometry": { "type": "Point", "coordinates": [ 125.427720702830243, -8.677815476122991 ] } },
{ "type": "Feature", "properties": { "id": 63, "alert_type": "Deforestation/Fire" }, "geometry": { "type": "Point", "coordinates": [ 125.427900365887069, -8.677815476122991 ] } },
{ "type": "Feature", "properties": { "id": 64, "alert_type": "Deforestation/Fire" }, "geometry": { "type": "Point", "coordinates": [ 125.445327682398997, -8.677815476122991 ] } },
{ "type": "Feature", "properties": { "id": 65, "alert_type": "Deforestation/Fire" }, "geometry": { "type": "Point", "coordinates": [ 125.427900365887069, -8.677995139179814 ] } },
{ "type": "Feature", "properties": { "id": 66, "alert_type": "Deforestation/Fire" }, "geometry": { "type": "Point", "coordinates": [ 125.428080028943896, -8.677995139179814 ] } },
{ "type": "Feature", "properties": { "id": 67, "alert_type": "Deforestation/Fire" }, "geometry": { "type": "Point", "coordinates": [ 125.428619018114375, -8.678534128350286 ] } },
{ "type": "Feature", "properties": { "id": 68, "alert_type": "Deforestation/Fire" }, "geometry": { "type": "Point", "coordinates": [ 125.438859812353328, -8.678534128350286 ] } },
{ "type": "Feature", "properties": { "id": 69, "alert_type": "Deforestation/Fire" }, "geometry": { "type": "Point", "coordinates": [ 125.428619018114375, -8.678713791407109 ] } },
{ "type": "Feature", "properties": { "id": 70, "alert_type": "Deforestation/Fire" }, "geometry": { "type": "Point", "coordinates": [ 125.430954637853077, -8.679432443634406 ] } },
{ "type": "Feature", "properties": { "id": 71, "alert_type": "Deforestation/Fire" }, "geometry": { "type": "Point", "coordinates": [ 125.475870402059059, -8.679432443634406 ] } },
{ "type": "Feature", "properties": { "id": 72, "alert_type": "Deforestation/Fire" }, "geometry": { "type": "Point", "coordinates": [ 125.436524192614627, -8.679791769748054 ] } },
{ "type": "Feature", "properties": { "id": 73, "alert_type": "Deforestation/Fire" }, "geometry": { "type": "Point", "coordinates": [ 125.436703855671439, -8.679791769748054 ] } },
{ "type": "Feature", "properties": { "id": 74, "alert_type": "Deforestation/Fire" }, "geometry": { "type": "Point", "coordinates": [ 125.478565347911413, -8.679791769748054 ] } },
{ "type": "Feature", "properties": { "id": 75, "alert_type": "Deforestation/Fire" }, "geometry": { "type": "Point", "coordinates": [ 125.428978344228014, -8.679971432804876 ] } },
{ "type": "Feature", "properties": { "id": 76, "alert_type": "Deforestation/Fire" }, "geometry": { "type": "Point", "coordinates": [ 125.478565347911413, -8.679971432804876 ] } },
{ "type": "Feature", "properties": { "id": 77, "alert_type": "Deforestation/Fire" }, "geometry": { "type": "Point", "coordinates": [ 125.454490498297005, -8.680151095861701 ] } },
{ "type": "Feature", "properties": { "id": 78, "alert_type": "Deforestation/Fire" }, "geometry": { "type": "Point", "coordinates": [ 125.479643326252358, -8.680151095861701 ] } },
{ "type": "Feature", "properties": { "id": 79, "alert_type": "Deforestation/Fire" }, "geometry": { "type": "Point", "coordinates": [ 125.454670161353832, -8.680330758918524 ] } },
{ "type": "Feature", "properties": { "id": 80, "alert_type": "Deforestation/Fire" }, "geometry": { "type": "Point", "coordinates": [ 125.486829848525318, -8.685001998395947 ] } },
{ "type": "Feature", "properties": { "id": 81, "alert_type": "Deforestation/Fire" }, "geometry": { "type": "Point", "coordinates": [ 125.416401930250345, -8.685361324509595 ] } },
{ "type": "Feature", "properties": { "id": 82, "alert_type": "Deforestation/Fire" }, "geometry": { "type": "Point", "coordinates": [ 125.412090016886566, -8.688235933418776 ] } },
{ "type": "Feature", "properties": { "id": 83, "alert_type": "Deforestation/Fire" }, "geometry": { "type": "Point", "coordinates": [ 125.50138255612805, -8.688954585646073 ] } },
{ "type": "Feature", "properties": { "id": 84, "alert_type": "Deforestation/Fire" }, "geometry": { "type": "Point", "coordinates": [ 125.504077501980404, -8.68931391175972 ] } },
{ "type": "Feature", "properties": { "id": 85, "alert_type": "Deforestation/Fire" }, "geometry": { "type": "Point", "coordinates": [ 125.504436828094057, -8.689493574816543 ] } },
{ "type": "Feature", "properties": { "id": 86, "alert_type": "Deforestation/Fire" }, "geometry": { "type": "Point", "coordinates": [ 125.505155480321349, -8.689673237873368 ] } },
{ "type": "Feature", "properties": { "id": 87, "alert_type": "Deforestation/Fire" }, "geometry": { "type": "Point", "coordinates": [ 125.504975817264523, -8.689852900930191 ] } },
{ "type": "Feature", "properties": { "id": 88, "alert_type": "Deforestation/Fire" }, "geometry": { "type": "Point", "coordinates": [ 125.503897838923578, -8.690212227043839 ] } },
{ "type": "Feature", "properties": { "id": 89, "alert_type": "Deforestation/Fire" }, "geometry": { "type": "Point", "coordinates": [ 125.518630209583151, -8.691110542327959 ] } },
{ "type": "Feature", "properties": { "id": 90, "alert_type": "Deforestation/Fire" }, "geometry": { "type": "Point", "coordinates": [ 125.518630209583151, -8.691469868441606 ] } },
{ "type": "Feature", "properties": { "id": 91, "alert_type": "Deforestation/Fire" }, "geometry": { "type": "Point", "coordinates": [ 125.31704825982672, -8.692368183725726 ] } },
{ "type": "Feature", "properties": { "id": 92, "alert_type": "Deforestation/Fire" }, "geometry": { "type": "Point", "coordinates": [ 125.398255961511126, -8.694344477350789 ] } },
{ "type": "Feature", "properties": { "id": 93, "alert_type": "Deforestation/Fire" }, "geometry": { "type": "Point", "coordinates": [ 125.401310233477133, -8.695063129578084 ] } },
{ "type": "Feature", "properties": { "id": 94, "alert_type": "Deforestation/Fire" }, "geometry": { "type": "Point", "coordinates": [ 125.412269679943392, -8.696141107919029 ] } },
{ "type": "Feature", "properties": { "id": 95, "alert_type": "Deforestation/Fire" }, "geometry": { "type": "Point", "coordinates": [ 125.412629006057045, -8.696320770975852 ] } },
{ "type": "Feature", "properties": { "id": 96, "alert_type": "Deforestation/Fire" }, "geometry": { "type": "Point", "coordinates": [ 125.404544168499967, -8.6966800970895 ] } },
{ "type": "Feature", "properties": { "id": 97, "alert_type": "Deforestation/Fire" }, "geometry": { "type": "Point", "coordinates": [ 125.315610955372136, -8.697039423203147 ] } },
{ "type": "Feature", "properties": { "id": 98, "alert_type": "Deforestation/Fire" }, "geometry": { "type": "Point", "coordinates": [ 125.315970281485775, -8.697039423203147 ] } },
{ "type": "Feature", "properties": { "id": 99, "alert_type": "Deforestation/Fire" }, "geometry": { "type": "Point", "coordinates": [ 125.315970281485775, -8.697219086259972 ] } },
{ "type": "Feature", "properties": { "id": 100, "alert_type": "Deforestation/Fire" }, "geometry": { "type": "Point", "coordinates": [ 125.3905304500677, -8.697398749316795 ] } },
{ "type": "Feature", "properties": { "id": 101, "alert_type": "Deforestation/Fire" }, "geometry": { "type": "Point", "coordinates": [ 125.502101208355342, -8.69757841237362 ] } },
{ "type": "Feature", "properties": { "id": 102, "alert_type": "Deforestation/Fire" }, "geometry": { "type": "Point", "coordinates": [ 125.310939715894705, -8.698297064600915 ] } },
{ "type": "Feature", "properties": { "id": 103, "alert_type": "Deforestation/Fire" }, "geometry": { "type": "Point", "coordinates": [ 125.450897237160532, -8.698297064600915 ] } },
{ "type": "Feature", "properties": { "id": 104, "alert_type": "Deforestation/Fire" }, "geometry": { "type": "Point", "coordinates": [ 125.311299042008358, -8.69847672765774 ] } },
{ "type": "Feature", "properties": { "id": 105, "alert_type": "Deforestation/Fire" }, "geometry": { "type": "Point", "coordinates": [ 125.311478705065184, -8.69847672765774 ] } },
{ "type": "Feature", "properties": { "id": 106, "alert_type": "Deforestation/Fire" }, "geometry": { "type": "Point", "coordinates": [ 125.459700726944902, -8.69847672765774 ] } },
{ "type": "Feature", "properties": { "id": 107, "alert_type": "Deforestation/Fire" }, "geometry": { "type": "Point", "coordinates": [ 125.409035744920558, -8.69901571682821 ] } },
{ "type": "Feature", "properties": { "id": 108, "alert_type": "Deforestation/Fire" }, "geometry": { "type": "Point", "coordinates": [ 125.414605299682108, -8.699195379885035 ] } },
{ "type": "Feature", "properties": { "id": 109, "alert_type": "Deforestation/Fire" }, "geometry": { "type": "Point", "coordinates": [ 125.409215407977385, -8.699554705998683 ] } },
{ "type": "Feature", "properties": { "id": 110, "alert_type": "Deforestation/Fire" }, "geometry": { "type": "Point", "coordinates": [ 125.463832977251855, -8.699554705998683 ] } },
{ "type": "Feature", "properties": { "id": 111, "alert_type": "Deforestation/Fire" }, "geometry": { "type": "Point", "coordinates": [ 125.464731292535973, -8.699554705998683 ] } },
{ "type": "Feature", "properties": { "id": 112, "alert_type": "Deforestation/Fire" }, "geometry": { "type": "Point", "coordinates": [ 125.471917814808933, -8.69991403211233 ] } },
{ "type": "Feature", "properties": { "id": 113, "alert_type": "Deforestation/Fire" }, "geometry": { "type": "Point", "coordinates": [ 125.472816130093051, -8.69991403211233 ] } },
{ "type": "Feature", "properties": { "id": 114, "alert_type": "Deforestation/Fire" }, "geometry": { "type": "Point", "coordinates": [ 125.478924674025066, -8.70081234739645 ] } },
{ "type": "Feature", "properties": { "id": 115, "alert_type": "Deforestation/Fire" }, "geometry": { "type": "Point", "coordinates": [ 125.326750064895208, -8.701171673510098 ] } },
{ "type": "Feature", "properties": { "id": 116, "alert_type": "Deforestation/Fire" }, "geometry": { "type": "Point", "coordinates": [ 125.41029338631833, -8.701171673510098 ] } },
{ "type": "Feature", "properties": { "id": 117, "alert_type": "Deforestation/Fire" }, "geometry": { "type": "Point", "coordinates": [ 125.446046334626288, -8.701530999623746 ] } },
{ "type": "Feature", "properties": { "id": 118, "alert_type": "Deforestation/Fire" }, "geometry": { "type": "Point", "coordinates": [ 125.484134902672949, -8.701890325737393 ] } },
{ "type": "Feature", "properties": { "id": 119, "alert_type": "Deforestation/Fire" }, "geometry": { "type": "Point", "coordinates": [ 125.512342002594309, -8.701890325737393 ] } },
{ "type": "Feature", "properties": { "id": 120, "alert_type": "Deforestation/Fire" }, "geometry": { "type": "Point", "coordinates": [ 125.33806883747512, -8.702429314907866 ] } },
{ "type": "Feature", "properties": { "id": 121, "alert_type": "Deforestation/Fire" }, "geometry": { "type": "Point", "coordinates": [ 125.352262218964214, -8.703686956305633 ] } },
{ "type": "Feature", "properties": { "id": 122, "alert_type": "Deforestation/Fire" }, "geometry": { "type": "Point", "coordinates": [ 125.307885443928711, -8.704405608532928 ] } },
{ "type": "Feature", "properties": { "id": 123, "alert_type": "Deforestation/Fire" }, "geometry": { "type": "Point", "coordinates": [ 125.308065106985524, -8.704405608532928 ] } },
{ "type": "Feature", "properties": { "id": 124, "alert_type": "Deforestation/Fire" }, "geometry": { "type": "Point", "coordinates": [ 125.309143085326468, -8.704405608532928 ] } },
{ "type": "Feature", "properties": { "id": 125, "alert_type": "Deforestation/Fire" }, "geometry": { "type": "Point", "coordinates": [ 125.308424433099177, -8.704585271589751 ] } },
{ "type": "Feature", "properties": { "id": 126, "alert_type": "Deforestation/Fire" }, "geometry": { "type": "Point", "coordinates": [ 125.310760052837892, -8.705303923817047 ] } },
{ "type": "Feature", "properties": { "id": 127, "alert_type": "Deforestation/Fire" }, "geometry": { "type": "Point", "coordinates": [ 125.451975215501477, -8.706022576044344 ] } },
{ "type": "Feature", "properties": { "id": 128, "alert_type": "Deforestation/Fire" }, "geometry": { "type": "Point", "coordinates": [ 125.299261617201154, -8.706920891328462 ] } },
{ "type": "Feature", "properties": { "id": 129, "alert_type": "Deforestation/Fire" }, "geometry": { "type": "Point", "coordinates": [ 125.451615889387824, -8.707100554385287 ] } },
{ "type": "Feature", "properties": { "id": 130, "alert_type": "Deforestation/Fire" }, "geometry": { "type": "Point", "coordinates": [ 125.450537911046879, -8.707819206612582 ] } },
{ "type": "Feature", "properties": { "id": 131, "alert_type": "Deforestation/Fire" }, "geometry": { "type": "Point", "coordinates": [ 125.450717574103706, -8.707819206612582 ] } },
{ "type": "Feature", "properties": { "id": 132, "alert_type": "Deforestation/Fire" }, "geometry": { "type": "Point", "coordinates": [ 125.314173650917539, -8.70817853272623 ] } },
{ "type": "Feature", "properties": { "id": 133, "alert_type": "Deforestation/Fire" }, "geometry": { "type": "Point", "coordinates": [ 125.449998921876414, -8.70817853272623 ] } },
{ "type": "Feature", "properties": { "id": 134, "alert_type": "Deforestation/Fire" }, "geometry": { "type": "Point", "coordinates": [ 125.432212279250848, -8.708358195783054 ] } },
{ "type": "Feature", "properties": { "id": 135, "alert_type": "Deforestation/Fire" }, "geometry": { "type": "Point", "coordinates": [ 125.436883518728266, -8.708537858839877 ] } },
{ "type": "Feature", "properties": { "id": 136, "alert_type": "Deforestation/Fire" }, "geometry": { "type": "Point", "coordinates": [ 125.370228524646606, -8.708717521896702 ] } },
{ "type": "Feature", "properties": { "id": 137, "alert_type": "Deforestation/Fire" }, "geometry": { "type": "Point", "coordinates": [ 125.432212279250848, -8.708717521896702 ] } },
{ "type": "Feature", "properties": { "id": 138, "alert_type": "Deforestation/Fire" }, "geometry": { "type": "Point", "coordinates": [ 125.494914686082396, -8.708897184953525 ] } },
{ "type": "Feature", "properties": { "id": 139, "alert_type": "Deforestation/Fire" }, "geometry": { "type": "Point", "coordinates": [ 125.452154878558304, -8.70907684801035 ] } },
{ "type": "Feature", "properties": { "id": 140, "alert_type": "Deforestation/Fire" }, "geometry": { "type": "Point", "coordinates": [ 125.459700726944902, -8.709436174123997 ] } },
{ "type": "Feature", "properties": { "id": 141, "alert_type": "Deforestation/Fire" }, "geometry": { "type": "Point", "coordinates": [ 125.449459932705935, -8.709615837180822 ] } },
{ "type": "Feature", "properties": { "id": 142, "alert_type": "Deforestation/Fire" }, "geometry": { "type": "Point", "coordinates": [ 125.449639595762761, -8.709615837180822 ] } },
{ "type": "Feature", "properties": { "id": 143, "alert_type": "Deforestation/Fire" }, "geometry": { "type": "Point", "coordinates": [ 125.453053193842422, -8.709795500237645 ] } },
{ "type": "Feature", "properties": { "id": 144, "alert_type": "Deforestation/Fire" }, "geometry": { "type": "Point", "coordinates": [ 125.452693867728769, -8.70997516329447 ] } },
{ "type": "Feature", "properties": { "id": 145, "alert_type": "Deforestation/Fire" }, "geometry": { "type": "Point", "coordinates": [ 125.449998921876414, -8.710154826351292 ] } },
{ "type": "Feature", "properties": { "id": 146, "alert_type": "Deforestation/Fire" }, "geometry": { "type": "Point", "coordinates": [ 125.450358247990067, -8.710154826351292 ] } },
{ "type": "Feature", "properties": { "id": 147, "alert_type": "Deforestation/Fire" }, "geometry": { "type": "Point", "coordinates": [ 125.449998921876414, -8.71051415246494 ] } },
{ "type": "Feature", "properties": { "id": 148, "alert_type": "Deforestation/Fire" }, "geometry": { "type": "Point", "coordinates": [ 125.437063181785092, -8.710693815521765 ] } },
{ "type": "Feature", "properties": { "id": 149, "alert_type": "Deforestation/Fire" }, "geometry": { "type": "Point", "coordinates": [ 125.450178584933241, -8.710693815521765 ] } },
{ "type": "Feature", "properties": { "id": 150, "alert_type": "Deforestation/Fire" }, "geometry": { "type": "Point", "coordinates": [ 125.450358247990067, -8.710693815521765 ] } },
{ "type": "Feature", "properties": { "id": 151, "alert_type": "Deforestation/Fire" }, "geometry": { "type": "Point", "coordinates": [ 125.312377020349302, -8.711053141635412 ] } },
{ "type": "Feature", "properties": { "id": 152, "alert_type": "Deforestation/Fire" }, "geometry": { "type": "Point", "coordinates": [ 125.450537911046879, -8.71141246774906 ] } },
{ "type": "Feature", "properties": { "id": 153, "alert_type": "Deforestation/Fire" }, "geometry": { "type": "Point", "coordinates": [ 125.317766912054026, -8.711592130805885 ] } },
{ "type": "Feature", "properties": { "id": 154, "alert_type": "Deforestation/Fire" }, "geometry": { "type": "Point", "coordinates": [ 125.454131172183367, -8.711592130805885 ] } },
{ "type": "Feature", "properties": { "id": 155, "alert_type": "Deforestation/Fire" }, "geometry": { "type": "Point", "coordinates": [ 125.438859812353328, -8.711771793862708 ] } },
{ "type": "Feature", "properties": { "id": 156, "alert_type": "Deforestation/Fire" }, "geometry": { "type": "Point", "coordinates": [ 125.442273410432989, -8.711771793862708 ] } },
{ "type": "Feature", "properties": { "id": 157, "alert_type": "Deforestation/Fire" }, "geometry": { "type": "Point", "coordinates": [ 125.442453073489816, -8.711771793862708 ] } },
{ "type": "Feature", "properties": { "id": 158, "alert_type": "Deforestation/Fire" }, "geometry": { "type": "Point", "coordinates": [ 125.433469920648619, -8.711951456919532 ] } },
{ "type": "Feature", "properties": { "id": 159, "alert_type": "Deforestation/Fire" }, "geometry": { "type": "Point", "coordinates": [ 125.434008909819084, -8.711951456919532 ] } },
{ "type": "Feature", "properties": { "id": 160, "alert_type": "Deforestation/Fire" }, "geometry": { "type": "Point", "coordinates": [ 125.443171725717107, -8.711951456919532 ] } },
{ "type": "Feature", "properties": { "id": 161, "alert_type": "Deforestation/Fire" }, "geometry": { "type": "Point", "coordinates": [ 125.43293093147814, -8.712131119976355 ] } },
{ "type": "Feature", "properties": { "id": 162, "alert_type": "Deforestation/Fire" }, "geometry": { "type": "Point", "coordinates": [ 125.439398801523808, -8.712131119976355 ] } },
{ "type": "Feature", "properties": { "id": 163, "alert_type": "Deforestation/Fire" }, "geometry": { "type": "Point", "coordinates": [ 125.43957846458062, -8.712131119976355 ] } },
{ "type": "Feature", "properties": { "id": 164, "alert_type": "Deforestation/Fire" }, "geometry": { "type": "Point", "coordinates": [ 125.441914084319336, -8.712131119976355 ] } },
{ "type": "Feature", "properties": { "id": 165, "alert_type": "Deforestation/Fire" }, "geometry": { "type": "Point", "coordinates": [ 125.441914084319336, -8.71231078303318 ] } },
{ "type": "Feature", "properties": { "id": 166, "alert_type": "Deforestation/Fire" }, "geometry": { "type": "Point", "coordinates": [ 125.349028283941379, -8.712490446090003 ] } },
{ "type": "Feature", "properties": { "id": 167, "alert_type": "Deforestation/Fire" }, "geometry": { "type": "Point", "coordinates": [ 125.432212279250848, -8.712490446090003 ] } },
{ "type": "Feature", "properties": { "id": 168, "alert_type": "Deforestation/Fire" }, "geometry": { "type": "Point", "coordinates": [ 125.441914084319336, -8.712490446090003 ] } },
{ "type": "Feature", "properties": { "id": 169, "alert_type": "Deforestation/Fire" }, "geometry": { "type": "Point", "coordinates": [ 125.442093747376163, -8.712490446090003 ] } },
{ "type": "Feature", "properties": { "id": 170, "alert_type": "Deforestation/Fire" }, "geometry": { "type": "Point", "coordinates": [ 125.454310835240193, -8.712490446090003 ] } },
{ "type": "Feature", "properties": { "id": 171, "alert_type": "Deforestation/Fire" }, "geometry": { "type": "Point", "coordinates": [ 125.319563542622262, -8.712670109146828 ] } },
{ "type": "Feature", "properties": { "id": 172, "alert_type": "Deforestation/Fire" }, "geometry": { "type": "Point", "coordinates": [ 125.442093747376163, -8.712670109146828 ] } },
{ "type": "Feature", "properties": { "id": 173, "alert_type": "Deforestation/Fire" }, "geometry": { "type": "Point", "coordinates": [ 125.442632736546628, -8.712670109146828 ] } },
{ "type": "Feature", "properties": { "id": 174, "alert_type": "Deforestation/Fire" }, "geometry": { "type": "Point", "coordinates": [ 125.347770642543608, -8.712849772203651 ] } },
{ "type": "Feature", "properties": { "id": 175, "alert_type": "Deforestation/Fire" }, "geometry": { "type": "Point", "coordinates": [ 125.435805540387321, -8.713029435260475 ] } },
{ "type": "Feature", "properties": { "id": 176, "alert_type": "Deforestation/Fire" }, "geometry": { "type": "Point", "coordinates": [ 125.437602170955557, -8.713029435260475 ] } },
{ "type": "Feature", "properties": { "id": 177, "alert_type": "Deforestation/Fire" }, "geometry": { "type": "Point", "coordinates": [ 125.441554758205683, -8.713029435260475 ] } },
{ "type": "Feature", "properties": { "id": 178, "alert_type": "Deforestation/Fire" }, "geometry": { "type": "Point", "coordinates": [ 125.349567273111845, -8.7132090983173 ] } },
{ "type": "Feature", "properties": { "id": 179, "alert_type": "Deforestation/Fire" }, "geometry": { "type": "Point", "coordinates": [ 125.349746936168671, -8.7132090983173 ] } },
{ "type": "Feature", "properties": { "id": 180, "alert_type": "Deforestation/Fire" }, "geometry": { "type": "Point", "coordinates": [ 125.436524192614627, -8.7132090983173 ] } },
{ "type": "Feature", "properties": { "id": 181, "alert_type": "Deforestation/Fire" }, "geometry": { "type": "Point", "coordinates": [ 125.453053193842422, -8.7132090983173 ] } },
{ "type": "Feature", "properties": { "id": 182, "alert_type": "Deforestation/Fire" }, "geometry": { "type": "Point", "coordinates": [ 125.347411316429969, -8.713388761374123 ] } },
{ "type": "Feature", "properties": { "id": 183, "alert_type": "Deforestation/Fire" }, "geometry": { "type": "Point", "coordinates": [ 125.437602170955557, -8.713388761374123 ] } },
{ "type": "Feature", "properties": { "id": 184, "alert_type": "Deforestation/Fire" }, "geometry": { "type": "Point", "coordinates": [ 125.437602170955557, -8.713568424430948 ] } },
{ "type": "Feature", "properties": { "id": 185, "alert_type": "Deforestation/Fire" }, "geometry": { "type": "Point", "coordinates": [ 125.437781834012384, -8.713568424430948 ] } },
{ "type": "Feature", "properties": { "id": 186, "alert_type": "Deforestation/Fire" }, "geometry": { "type": "Point", "coordinates": [ 125.451975215501477, -8.713568424430948 ] } },
{ "type": "Feature", "properties": { "id": 187, "alert_type": "Deforestation/Fire" }, "geometry": { "type": "Point", "coordinates": [ 125.307705780871885, -8.713748087487771 ] } },
{ "type": "Feature", "properties": { "id": 188, "alert_type": "Deforestation/Fire" }, "geometry": { "type": "Point", "coordinates": [ 125.346692664202664, -8.713748087487771 ] } },
{ "type": "Feature", "properties": { "id": 189, "alert_type": "Deforestation/Fire" }, "geometry": { "type": "Point", "coordinates": [ 125.438141160126037, -8.713748087487771 ] } },
{ "type": "Feature", "properties": { "id": 190, "alert_type": "Deforestation/Fire" }, "geometry": { "type": "Point", "coordinates": [ 125.449639595762761, -8.713748087487771 ] } },
{ "type": "Feature", "properties": { "id": 191, "alert_type": "Deforestation/Fire" }, "geometry": { "type": "Point", "coordinates": [ 125.321000847076846, -8.713927750544595 ] } },
{ "type": "Feature", "properties": { "id": 192, "alert_type": "Deforestation/Fire" }, "geometry": { "type": "Point", "coordinates": [ 125.4363445295578, -8.713927750544595 ] } },
{ "type": "Feature", "properties": { "id": 193, "alert_type": "Deforestation/Fire" }, "geometry": { "type": "Point", "coordinates": [ 125.448741280478643, -8.713927750544595 ] } },
{ "type": "Feature", "properties": { "id": 194, "alert_type": "Deforestation/Fire" }, "geometry": { "type": "Point", "coordinates": [ 125.425564746148368, -8.714287076658243 ] } },
{ "type": "Feature", "properties": { "id": 195, "alert_type": "Deforestation/Fire" }, "geometry": { "type": "Point", "coordinates": [ 125.427002050602951, -8.714287076658243 ] } },
{ "type": "Feature", "properties": { "id": 196, "alert_type": "Deforestation/Fire" }, "geometry": { "type": "Point", "coordinates": [ 125.43293093147814, -8.714287076658243 ] } },
{ "type": "Feature", "properties": { "id": 197, "alert_type": "Deforestation/Fire" }, "geometry": { "type": "Point", "coordinates": [ 125.304292182792224, -8.714466739715066 ] } },
{ "type": "Feature", "properties": { "id": 198, "alert_type": "Deforestation/Fire" }, "geometry": { "type": "Point", "coordinates": [ 125.429337670341667, -8.714466739715066 ] } },
{ "type": "Feature", "properties": { "id": 199, "alert_type": "Deforestation/Fire" }, "geometry": { "type": "Point", "coordinates": [ 125.450537911046879, -8.714466739715066 ] } },
{ "type": "Feature", "properties": { "id": 200, "alert_type": "Deforestation/Fire" }, "geometry": { "type": "Point", "coordinates": [ 125.450717574103706, -8.714466739715066 ] } },
{ "type": "Feature", "properties": { "id": 201, "alert_type": "Deforestation/Fire" }, "geometry": { "type": "Point", "coordinates": [ 125.345614685861719, -8.714646402771891 ] } },
{ "type": "Feature", "properties": { "id": 202, "alert_type": "Deforestation/Fire" }, "geometry": { "type": "Point", "coordinates": [ 125.393944048147361, -8.714646402771891 ] } },
{ "type": "Feature", "properties": { "id": 203, "alert_type": "Deforestation/Fire" }, "geometry": { "type": "Point", "coordinates": [ 125.409754397147864, -8.714646402771891 ] } },
{ "type": "Feature", "properties": { "id": 204, "alert_type": "Deforestation/Fire" }, "geometry": { "type": "Point", "coordinates": [ 125.409934060204677, -8.714646402771891 ] } },
{ "type": "Feature", "properties": { "id": 205, "alert_type": "Deforestation/Fire" }, "geometry": { "type": "Point", "coordinates": [ 125.449639595762761, -8.714646402771891 ] } },
{ "type": "Feature", "properties": { "id": 206, "alert_type": "Deforestation/Fire" }, "geometry": { "type": "Point", "coordinates": [ 125.345974011975372, -8.714826065828714 ] } },
{ "type": "Feature", "properties": { "id": 207, "alert_type": "Deforestation/Fire" }, "geometry": { "type": "Point", "coordinates": [ 125.438680149296502, -8.714826065828714 ] } },
{ "type": "Feature", "properties": { "id": 208, "alert_type": "Deforestation/Fire" }, "geometry": { "type": "Point", "coordinates": [ 125.423049463352825, -8.715005728885538 ] } },
{ "type": "Feature", "properties": { "id": 209, "alert_type": "Deforestation/Fire" }, "geometry": { "type": "Point", "coordinates": [ 125.432032616194022, -8.715005728885538 ] } },
{ "type": "Feature", "properties": { "id": 210, "alert_type": "Deforestation/Fire" }, "geometry": { "type": "Point", "coordinates": [ 125.440656442921565, -8.715005728885538 ] } },
{ "type": "Feature", "properties": { "id": 211, "alert_type": "Deforestation/Fire" }, "geometry": { "type": "Point", "coordinates": [ 125.440836105978391, -8.715005728885538 ] } },
{ "type": "Feature", "properties": { "id": 212, "alert_type": "Deforestation/Fire" }, "geometry": { "type": "Point", "coordinates": [ 125.32046185790638, -8.715365054999186 ] } },
{ "type": "Feature", "properties": { "id": 213, "alert_type": "Deforestation/Fire" }, "geometry": { "type": "Point", "coordinates": [ 125.374181111896732, -8.715365054999186 ] } },
{ "type": "Feature", "properties": { "id": 214, "alert_type": "Deforestation/Fire" }, "geometry": { "type": "Point", "coordinates": [ 125.374360774953544, -8.715365054999186 ] } },
{ "type": "Feature", "properties": { "id": 215, "alert_type": "Deforestation/Fire" }, "geometry": { "type": "Point", "coordinates": [ 125.411371364659274, -8.715365054999186 ] } },
{ "type": "Feature", "properties": { "id": 216, "alert_type": "Deforestation/Fire" }, "geometry": { "type": "Point", "coordinates": [ 125.44173442126251, -8.715365054999186 ] } },
{ "type": "Feature", "properties": { "id": 217, "alert_type": "Deforestation/Fire" }, "geometry": { "type": "Point", "coordinates": [ 125.396279667886063, -8.715544718056011 ] } },
{ "type": "Feature", "properties": { "id": 218, "alert_type": "Deforestation/Fire" }, "geometry": { "type": "Point", "coordinates": [ 125.432032616194022, -8.715724381112834 ] } },
{ "type": "Feature", "properties": { "id": 219, "alert_type": "Deforestation/Fire" }, "geometry": { "type": "Point", "coordinates": [ 125.4363445295578, -8.715724381112834 ] } },
{ "type": "Feature", "properties": { "id": 220, "alert_type": "Deforestation/Fire" }, "geometry": { "type": "Point", "coordinates": [ 125.297285323576091, -8.715904044169658 ] } },
{ "type": "Feature", "properties": { "id": 221, "alert_type": "Deforestation/Fire" }, "geometry": { "type": "Point", "coordinates": [ 125.333936587168168, -8.715904044169658 ] } },
{ "type": "Feature", "properties": { "id": 222, "alert_type": "Deforestation/Fire" }, "geometry": { "type": "Point", "coordinates": [ 125.446225997683115, -8.715904044169658 ] } },
{ "type": "Feature", "properties": { "id": 223, "alert_type": "Deforestation/Fire" }, "geometry": { "type": "Point", "coordinates": [ 125.446405660739941, -8.715904044169658 ] } },
{ "type": "Feature", "properties": { "id": 224, "alert_type": "Deforestation/Fire" }, "geometry": { "type": "Point", "coordinates": [ 125.297464986632917, -8.716083707226481 ] } },
{ "type": "Feature", "properties": { "id": 225, "alert_type": "Deforestation/Fire" }, "geometry": { "type": "Point", "coordinates": [ 125.432032616194022, -8.716083707226481 ] } },
{ "type": "Feature", "properties": { "id": 226, "alert_type": "Deforestation/Fire" }, "geometry": { "type": "Point", "coordinates": [ 125.446046334626288, -8.716083707226481 ] } },
{ "type": "Feature", "properties": { "id": 227, "alert_type": "Deforestation/Fire" }, "geometry": { "type": "Point", "coordinates": [ 125.431493627023556, -8.716263370283306 ] } },
{ "type": "Feature", "properties": { "id": 228, "alert_type": "Deforestation/Fire" }, "geometry": { "type": "Point", "coordinates": [ 125.445866671569462, -8.716263370283306 ] } },
{ "type": "Feature", "properties": { "id": 229, "alert_type": "Deforestation/Fire" }, "geometry": { "type": "Point", "coordinates": [ 125.446225997683115, -8.716263370283306 ] } },
{ "type": "Feature", "properties": { "id": 230, "alert_type": "Deforestation/Fire" }, "geometry": { "type": "Point", "coordinates": [ 125.405981472954551, -8.716443033340129 ] } },
{ "type": "Feature", "properties": { "id": 231, "alert_type": "Deforestation/Fire" }, "geometry": { "type": "Point", "coordinates": [ 125.431493627023556, -8.716443033340129 ] } },
{ "type": "Feature", "properties": { "id": 232, "alert_type": "Deforestation/Fire" }, "geometry": { "type": "Point", "coordinates": [ 125.446405660739941, -8.716443033340129 ] } },
{ "type": "Feature", "properties": { "id": 233, "alert_type": "Deforestation/Fire" }, "geometry": { "type": "Point", "coordinates": [ 125.450178584933241, -8.716622696396954 ] } },
{ "type": "Feature", "properties": { "id": 234, "alert_type": "Deforestation/Fire" }, "geometry": { "type": "Point", "coordinates": [ 125.401310233477133, -8.716802359453778 ] } },
{ "type": "Feature", "properties": { "id": 235, "alert_type": "Deforestation/Fire" }, "geometry": { "type": "Point", "coordinates": [ 125.40148989653396, -8.716802359453778 ] } },
{ "type": "Feature", "properties": { "id": 236, "alert_type": "Deforestation/Fire" }, "geometry": { "type": "Point", "coordinates": [ 125.402028885704425, -8.716802359453778 ] } },
{ "type": "Feature", "properties": { "id": 237, "alert_type": "Deforestation/Fire" }, "geometry": { "type": "Point", "coordinates": [ 125.402208548761251, -8.716802359453778 ] } },
{ "type": "Feature", "properties": { "id": 238, "alert_type": "Deforestation/Fire" }, "geometry": { "type": "Point", "coordinates": [ 125.431852953137195, -8.716802359453778 ] } },
{ "type": "Feature", "properties": { "id": 239, "alert_type": "Deforestation/Fire" }, "geometry": { "type": "Point", "coordinates": [ 125.432391942307675, -8.716802359453778 ] } },
{ "type": "Feature", "properties": { "id": 240, "alert_type": "Deforestation/Fire" }, "geometry": { "type": "Point", "coordinates": [ 125.448202291308178, -8.716802359453778 ] } },
{ "type": "Feature", "properties": { "id": 241, "alert_type": "Deforestation/Fire" }, "geometry": { "type": "Point", "coordinates": [ 125.450358247990067, -8.716802359453778 ] } },
{ "type": "Feature", "properties": { "id": 242, "alert_type": "Deforestation/Fire" }, "geometry": { "type": "Point", "coordinates": [ 125.296566671348799, -8.716982022510601 ] } },
{ "type": "Feature", "properties": { "id": 243, "alert_type": "Deforestation/Fire" }, "geometry": { "type": "Point", "coordinates": [ 125.421612158898242, -8.716982022510601 ] } },
{ "type": "Feature", "properties": { "id": 244, "alert_type": "Deforestation/Fire" }, "geometry": { "type": "Point", "coordinates": [ 125.435625877330494, -8.716982022510601 ] } },
{ "type": "Feature", "properties": { "id": 245, "alert_type": "Deforestation/Fire" }, "geometry": { "type": "Point", "coordinates": [ 125.436164866500974, -8.716982022510601 ] } },
{ "type": "Feature", "properties": { "id": 246, "alert_type": "Deforestation/Fire" }, "geometry": { "type": "Point", "coordinates": [ 125.421612158898242, -8.717161685567426 ] } },
{ "type": "Feature", "properties": { "id": 247, "alert_type": "Deforestation/Fire" }, "geometry": { "type": "Point", "coordinates": [ 125.43077497479625, -8.717161685567426 ] } },
{ "type": "Feature", "properties": { "id": 248, "alert_type": "Deforestation/Fire" }, "geometry": { "type": "Point", "coordinates": [ 125.431673290080369, -8.717161685567426 ] } },
{ "type": "Feature", "properties": { "id": 249, "alert_type": "Deforestation/Fire" }, "geometry": { "type": "Point", "coordinates": [ 125.420713843614124, -8.717341348624249 ] } },
{ "type": "Feature", "properties": { "id": 250, "alert_type": "Deforestation/Fire" }, "geometry": { "type": "Point", "coordinates": [ 125.420893506670936, -8.717341348624249 ] } },
{ "type": "Feature", "properties": { "id": 251, "alert_type": "Deforestation/Fire" }, "geometry": { "type": "Point", "coordinates": [ 125.402388211818078, -8.717521011681074 ] } },
{ "type": "Feature", "properties": { "id": 252, "alert_type": "Deforestation/Fire" }, "geometry": { "type": "Point", "coordinates": [ 125.420713843614124, -8.717521011681074 ] } },
{ "type": "Feature", "properties": { "id": 253, "alert_type": "Deforestation/Fire" }, "geometry": { "type": "Point", "coordinates": [ 125.421073169727762, -8.717521011681074 ] } },
{ "type": "Feature", "properties": { "id": 254, "alert_type": "Deforestation/Fire" }, "geometry": { "type": "Point", "coordinates": [ 125.430235985625785, -8.717521011681074 ] } },
{ "type": "Feature", "properties": { "id": 255, "alert_type": "Deforestation/Fire" }, "geometry": { "type": "Point", "coordinates": [ 125.430595311739438, -8.717521011681074 ] } },
{ "type": "Feature", "properties": { "id": 256, "alert_type": "Deforestation/Fire" }, "geometry": { "type": "Point", "coordinates": [ 125.434188572875911, -8.717521011681074 ] } },
{ "type": "Feature", "properties": { "id": 257, "alert_type": "Deforestation/Fire" }, "geometry": { "type": "Point", "coordinates": [ 125.300519258598925, -8.717700674737896 ] } },
{ "type": "Feature", "properties": { "id": 258, "alert_type": "Deforestation/Fire" }, "geometry": { "type": "Point", "coordinates": [ 125.357472447612096, -8.717700674737896 ] } },
{ "type": "Feature", "properties": { "id": 259, "alert_type": "Deforestation/Fire" }, "geometry": { "type": "Point", "coordinates": [ 125.420534180557297, -8.717700674737896 ] } },
{ "type": "Feature", "properties": { "id": 260, "alert_type": "Deforestation/Fire" }, "geometry": { "type": "Point", "coordinates": [ 125.434008909819084, -8.717700674737896 ] } },
{ "type": "Feature", "properties": { "id": 261, "alert_type": "Deforestation/Fire" }, "geometry": { "type": "Point", "coordinates": [ 125.424486767807423, -8.717880337794721 ] } },
{ "type": "Feature", "properties": { "id": 262, "alert_type": "Deforestation/Fire" }, "geometry": { "type": "Point", "coordinates": [ 125.424666430864249, -8.717880337794721 ] } },
{ "type": "Feature", "properties": { "id": 263, "alert_type": "Deforestation/Fire" }, "geometry": { "type": "Point", "coordinates": [ 125.409395071034211, -8.718060000851544 ] } },
{ "type": "Feature", "properties": { "id": 264, "alert_type": "Deforestation/Fire" }, "geometry": { "type": "Point", "coordinates": [ 125.42251047418236, -8.718060000851544 ] } },
{ "type": "Feature", "properties": { "id": 265, "alert_type": "Deforestation/Fire" }, "geometry": { "type": "Point", "coordinates": [ 125.429696996455306, -8.718060000851544 ] } },
{ "type": "Feature", "properties": { "id": 266, "alert_type": "Deforestation/Fire" }, "geometry": { "type": "Point", "coordinates": [ 125.352441882021026, -8.718239663908369 ] } },
{ "type": "Feature", "properties": { "id": 267, "alert_type": "Deforestation/Fire" }, "geometry": { "type": "Point", "coordinates": [ 125.35908941512352, -8.718419326965192 ] } },
{ "type": "Feature", "properties": { "id": 268, "alert_type": "Deforestation/Fire" }, "geometry": { "type": "Point", "coordinates": [ 125.407598440465975, -8.718419326965192 ] } },
{ "type": "Feature", "properties": { "id": 269, "alert_type": "Deforestation/Fire" }, "geometry": { "type": "Point", "coordinates": [ 125.423408789466478, -8.718419326965192 ] } },
{ "type": "Feature", "properties": { "id": 270, "alert_type": "Deforestation/Fire" }, "geometry": { "type": "Point", "coordinates": [ 125.321180510133672, -8.718598990022016 ] } },
{ "type": "Feature", "properties": { "id": 271, "alert_type": "Deforestation/Fire" }, "geometry": { "type": "Point", "coordinates": [ 125.420354517500471, -8.718598990022016 ] } },
{ "type": "Feature", "properties": { "id": 272, "alert_type": "Deforestation/Fire" }, "geometry": { "type": "Point", "coordinates": [ 125.432391942307675, -8.718598990022016 ] } },
{ "type": "Feature", "properties": { "id": 273, "alert_type": "Deforestation/Fire" }, "geometry": { "type": "Point", "coordinates": [ 125.433649583705431, -8.718598990022016 ] } },
{ "type": "Feature", "properties": { "id": 274, "alert_type": "Deforestation/Fire" }, "geometry": { "type": "Point", "coordinates": [ 125.435985203444147, -8.718598990022016 ] } },
{ "type": "Feature", "properties": { "id": 275, "alert_type": "Deforestation/Fire" }, "geometry": { "type": "Point", "coordinates": [ 125.374540438010371, -8.718778653078841 ] } },
{ "type": "Feature", "properties": { "id": 276, "alert_type": "Deforestation/Fire" }, "geometry": { "type": "Point", "coordinates": [ 125.411191701602448, -8.718778653078841 ] } },
{ "type": "Feature", "properties": { "id": 277, "alert_type": "Deforestation/Fire" }, "geometry": { "type": "Point", "coordinates": [ 125.4363445295578, -8.718778653078841 ] } },
{ "type": "Feature", "properties": { "id": 278, "alert_type": "Deforestation/Fire" }, "geometry": { "type": "Point", "coordinates": [ 125.432571605364501, -8.718958316135664 ] } },
{ "type": "Feature", "properties": { "id": 279, "alert_type": "Deforestation/Fire" }, "geometry": { "type": "Point", "coordinates": [ 125.435985203444147, -8.718958316135664 ] } },
{ "type": "Feature", "properties": { "id": 280, "alert_type": "Deforestation/Fire" }, "geometry": { "type": "Point", "coordinates": [ 125.4363445295578, -8.718958316135664 ] } },
{ "type": "Feature", "properties": { "id": 281, "alert_type": "Deforestation/Fire" }, "geometry": { "type": "Point", "coordinates": [ 125.306088813360461, -8.719137979192489 ] } },
{ "type": "Feature", "properties": { "id": 282, "alert_type": "Deforestation/Fire" }, "geometry": { "type": "Point", "coordinates": [ 125.357652110668923, -8.719137979192489 ] } },
{ "type": "Feature", "properties": { "id": 283, "alert_type": "Deforestation/Fire" }, "geometry": { "type": "Point", "coordinates": [ 125.375798079408142, -8.719137979192489 ] } },
{ "type": "Feature", "properties": { "id": 284, "alert_type": "Deforestation/Fire" }, "geometry": { "type": "Point", "coordinates": [ 125.435985203444147, -8.719137979192489 ] } },
{ "type": "Feature", "properties": { "id": 285, "alert_type": "Deforestation/Fire" }, "geometry": { "type": "Point", "coordinates": [ 125.313275335633421, -8.719317642249312 ] } },
{ "type": "Feature", "properties": { "id": 286, "alert_type": "Deforestation/Fire" }, "geometry": { "type": "Point", "coordinates": [ 125.374360774953544, -8.719317642249312 ] } },
{ "type": "Feature", "properties": { "id": 287, "alert_type": "Deforestation/Fire" }, "geometry": { "type": "Point", "coordinates": [ 125.410832375488795, -8.719317642249312 ] } },
{ "type": "Feature", "properties": { "id": 288, "alert_type": "Deforestation/Fire" }, "geometry": { "type": "Point", "coordinates": [ 125.431852953137195, -8.719317642249312 ] } },
{ "type": "Feature", "properties": { "id": 289, "alert_type": "Deforestation/Fire" }, "geometry": { "type": "Point", "coordinates": [ 125.433469920648619, -8.719317642249312 ] } },
{ "type": "Feature", "properties": { "id": 290, "alert_type": "Deforestation/Fire" }, "geometry": { "type": "Point", "coordinates": [ 125.435805540387321, -8.719317642249312 ] } },
{ "type": "Feature", "properties": { "id": 291, "alert_type": "Deforestation/Fire" }, "geometry": { "type": "Point", "coordinates": [ 125.304831171962704, -8.719497305306136 ] } },
{ "type": "Feature", "properties": { "id": 292, "alert_type": "Deforestation/Fire" }, "geometry": { "type": "Point", "coordinates": [ 125.313275335633421, -8.719497305306136 ] } },
{ "type": "Feature", "properties": { "id": 293, "alert_type": "Deforestation/Fire" }, "geometry": { "type": "Point", "coordinates": [ 125.422151148068707, -8.719497305306136 ] } },
{ "type": "Feature", "properties": { "id": 294, "alert_type": "Deforestation/Fire" }, "geometry": { "type": "Point", "coordinates": [ 125.432212279250848, -8.719497305306136 ] } },
{ "type": "Feature", "properties": { "id": 295, "alert_type": "Deforestation/Fire" }, "geometry": { "type": "Point", "coordinates": [ 125.432571605364501, -8.719497305306136 ] } },
{ "type": "Feature", "properties": { "id": 296, "alert_type": "Deforestation/Fire" }, "geometry": { "type": "Point", "coordinates": [ 125.433290257591793, -8.719497305306136 ] } },
{ "type": "Feature", "properties": { "id": 297, "alert_type": "Deforestation/Fire" }, "geometry": { "type": "Point", "coordinates": [ 125.435805540387321, -8.719497305306136 ] } },
{ "type": "Feature", "properties": { "id": 298, "alert_type": "Deforestation/Fire" }, "geometry": { "type": "Point", "coordinates": [ 125.313275335633421, -8.719676968362959 ] } },
{ "type": "Feature", "properties": { "id": 299, "alert_type": "Deforestation/Fire" }, "geometry": { "type": "Point", "coordinates": [ 125.432571605364501, -8.719676968362959 ] } },
{ "type": "Feature", "properties": { "id": 300, "alert_type": "Deforestation/Fire" }, "geometry": { "type": "Point", "coordinates": [ 125.428798681171187, -8.719856631419784 ] } },
{ "type": "Feature", "properties": { "id": 301, "alert_type": "Deforestation/Fire" }, "geometry": { "type": "Point", "coordinates": [ 125.431134300909903, -8.719856631419784 ] } },
{ "type": "Feature", "properties": { "id": 302, "alert_type": "Deforestation/Fire" }, "geometry": { "type": "Point", "coordinates": [ 125.426463061432486, -8.720036294476607 ] } },
{ "type": "Feature", "properties": { "id": 303, "alert_type": "Deforestation/Fire" }, "geometry": { "type": "Point", "coordinates": [ 125.430056322568959, -8.720036294476607 ] } },
{ "type": "Feature", "properties": { "id": 304, "alert_type": "Deforestation/Fire" }, "geometry": { "type": "Point", "coordinates": [ 125.433649583705431, -8.720036294476607 ] } },
{ "type": "Feature", "properties": { "id": 305, "alert_type": "Deforestation/Fire" }, "geometry": { "type": "Point", "coordinates": [ 125.386038873647109, -8.720215957533432 ] } },
{ "type": "Feature", "properties": { "id": 306, "alert_type": "Deforestation/Fire" }, "geometry": { "type": "Point", "coordinates": [ 125.429696996455306, -8.720215957533432 ] } },
{ "type": "Feature", "properties": { "id": 307, "alert_type": "Deforestation/Fire" }, "geometry": { "type": "Point", "coordinates": [ 125.429696996455306, -8.720395620590255 ] } },
{ "type": "Feature", "properties": { "id": 308, "alert_type": "Deforestation/Fire" }, "geometry": { "type": "Point", "coordinates": [ 125.438320823182863, -8.720395620590255 ] } },
{ "type": "Feature", "properties": { "id": 309, "alert_type": "Deforestation/Fire" }, "geometry": { "type": "Point", "coordinates": [ 125.438859812353328, -8.720395620590255 ] } },
{ "type": "Feature", "properties": { "id": 310, "alert_type": "Deforestation/Fire" }, "geometry": { "type": "Point", "coordinates": [ 125.343818055293482, -8.720575283647079 ] } },
{ "type": "Feature", "properties": { "id": 311, "alert_type": "Deforestation/Fire" }, "geometry": { "type": "Point", "coordinates": [ 125.359987730407639, -8.720575283647079 ] } },
{ "type": "Feature", "properties": { "id": 312, "alert_type": "Deforestation/Fire" }, "geometry": { "type": "Point", "coordinates": [ 125.375798079408142, -8.720575283647079 ] } },
{ "type": "Feature", "properties": { "id": 313, "alert_type": "Deforestation/Fire" }, "geometry": { "type": "Point", "coordinates": [ 125.428439355057549, -8.720575283647079 ] } },
{ "type": "Feature", "properties": { "id": 314, "alert_type": "Deforestation/Fire" }, "geometry": { "type": "Point", "coordinates": [ 125.43131396396673, -8.720575283647079 ] } },
{ "type": "Feature", "properties": { "id": 315, "alert_type": "Deforestation/Fire" }, "geometry": { "type": "Point", "coordinates": [ 125.343818055293482, -8.720754946703904 ] } },
{ "type": "Feature", "properties": { "id": 316, "alert_type": "Deforestation/Fire" }, "geometry": { "type": "Point", "coordinates": [ 125.42915800728484, -8.720754946703904 ] } },
{ "type": "Feature", "properties": { "id": 317, "alert_type": "Deforestation/Fire" }, "geometry": { "type": "Point", "coordinates": [ 125.434008909819084, -8.720754946703904 ] } },
{ "type": "Feature", "properties": { "id": 318, "alert_type": "Deforestation/Fire" }, "geometry": { "type": "Point", "coordinates": [ 125.436703855671439, -8.720754946703904 ] } },
{ "type": "Feature", "properties": { "id": 319, "alert_type": "Deforestation/Fire" }, "geometry": { "type": "Point", "coordinates": [ 125.437063181785092, -8.720754946703904 ] } },
{ "type": "Feature", "properties": { "id": 320, "alert_type": "Deforestation/Fire" }, "geometry": { "type": "Point", "coordinates": [ 125.280037670121004, -8.720934609760727 ] } },
{ "type": "Feature", "properties": { "id": 321, "alert_type": "Deforestation/Fire" }, "geometry": { "type": "Point", "coordinates": [ 125.427720702830243, -8.720934609760727 ] } },
{ "type": "Feature", "properties": { "id": 322, "alert_type": "Deforestation/Fire" }, "geometry": { "type": "Point", "coordinates": [ 125.430954637853077, -8.720934609760727 ] } },
{ "type": "Feature", "properties": { "id": 323, "alert_type": "Deforestation/Fire" }, "geometry": { "type": "Point", "coordinates": [ 125.431673290080369, -8.720934609760727 ] } },
{ "type": "Feature", "properties": { "id": 324, "alert_type": "Deforestation/Fire" }, "geometry": { "type": "Point", "coordinates": [ 125.43293093147814, -8.720934609760727 ] } },
{ "type": "Feature", "properties": { "id": 325, "alert_type": "Deforestation/Fire" }, "geometry": { "type": "Point", "coordinates": [ 125.435446214273682, -8.720934609760727 ] } },
{ "type": "Feature", "properties": { "id": 326, "alert_type": "Deforestation/Fire" }, "geometry": { "type": "Point", "coordinates": [ 125.435985203444147, -8.720934609760727 ] } },
{ "type": "Feature", "properties": { "id": 327, "alert_type": "Deforestation/Fire" }, "geometry": { "type": "Point", "coordinates": [ 125.342380750838899, -8.721114272817552 ] } },
{ "type": "Feature", "properties": { "id": 328, "alert_type": "Deforestation/Fire" }, "geometry": { "type": "Point", "coordinates": [ 125.43131396396673, -8.721114272817552 ] } },
{ "type": "Feature", "properties": { "id": 329, "alert_type": "Deforestation/Fire" }, "geometry": { "type": "Point", "coordinates": [ 125.431493627023556, -8.721114272817552 ] } },
{ "type": "Feature", "properties": { "id": 330, "alert_type": "Deforestation/Fire" }, "geometry": { "type": "Point", "coordinates": [ 125.432032616194022, -8.721114272817552 ] } },
{ "type": "Feature", "properties": { "id": 331, "alert_type": "Deforestation/Fire" }, "geometry": { "type": "Point", "coordinates": [ 125.435266551216856, -8.721114272817552 ] } },
{ "type": "Feature", "properties": { "id": 332, "alert_type": "Deforestation/Fire" }, "geometry": { "type": "Point", "coordinates": [ 125.435625877330494, -8.721114272817552 ] } },
{ "type": "Feature", "properties": { "id": 333, "alert_type": "Deforestation/Fire" }, "geometry": { "type": "Point", "coordinates": [ 125.381906623340157, -8.721293935874375 ] } },
{ "type": "Feature", "properties": { "id": 334, "alert_type": "Deforestation/Fire" }, "geometry": { "type": "Point", "coordinates": [ 125.427181713659778, -8.721293935874375 ] } },
{ "type": "Feature", "properties": { "id": 335, "alert_type": "Deforestation/Fire" }, "geometry": { "type": "Point", "coordinates": [ 125.432391942307675, -8.721293935874375 ] } },
{ "type": "Feature", "properties": { "id": 336, "alert_type": "Deforestation/Fire" }, "geometry": { "type": "Point", "coordinates": [ 125.435625877330494, -8.721293935874375 ] } },
{ "type": "Feature", "properties": { "id": 337, "alert_type": "Deforestation/Fire" }, "geometry": { "type": "Point", "coordinates": [ 125.278241039552753, -8.721473598931199 ] } },
{ "type": "Feature", "properties": { "id": 338, "alert_type": "Deforestation/Fire" }, "geometry": { "type": "Point", "coordinates": [ 125.279498680950525, -8.721473598931199 ] } },
{ "type": "Feature", "properties": { "id": 339, "alert_type": "Deforestation/Fire" }, "geometry": { "type": "Point", "coordinates": [ 125.379930329715094, -8.721473598931199 ] } },
{ "type": "Feature", "properties": { "id": 340, "alert_type": "Deforestation/Fire" }, "geometry": { "type": "Point", "coordinates": [ 125.432032616194022, -8.721473598931199 ] } },
{ "type": "Feature", "properties": { "id": 341, "alert_type": "Deforestation/Fire" }, "geometry": { "type": "Point", "coordinates": [ 125.432571605364501, -8.721473598931199 ] } },
{ "type": "Feature", "properties": { "id": 342, "alert_type": "Deforestation/Fire" }, "geometry": { "type": "Point", "coordinates": [ 125.433110594534966, -8.721473598931199 ] } },
{ "type": "Feature", "properties": { "id": 343, "alert_type": "Deforestation/Fire" }, "geometry": { "type": "Point", "coordinates": [ 125.433290257591793, -8.721473598931199 ] } },
{ "type": "Feature", "properties": { "id": 344, "alert_type": "Deforestation/Fire" }, "geometry": { "type": "Point", "coordinates": [ 125.433829246762258, -8.721473598931199 ] } },
{ "type": "Feature", "properties": { "id": 345, "alert_type": "Deforestation/Fire" }, "geometry": { "type": "Point", "coordinates": [ 125.434188572875911, -8.721473598931199 ] } },
{ "type": "Feature", "properties": { "id": 346, "alert_type": "Deforestation/Fire" }, "geometry": { "type": "Point", "coordinates": [ 125.278780028723233, -8.721653261988022 ] } },
{ "type": "Feature", "properties": { "id": 347, "alert_type": "Deforestation/Fire" }, "geometry": { "type": "Point", "coordinates": [ 125.379750666658268, -8.721653261988022 ] } },
{ "type": "Feature", "properties": { "id": 348, "alert_type": "Deforestation/Fire" }, "geometry": { "type": "Point", "coordinates": [ 125.431852953137195, -8.721653261988022 ] } },
{ "type": "Feature", "properties": { "id": 349, "alert_type": "Deforestation/Fire" }, "geometry": { "type": "Point", "coordinates": [ 125.325133097383798, -8.721832925044847 ] } },
{ "type": "Feature", "properties": { "id": 350, "alert_type": "Deforestation/Fire" }, "geometry": { "type": "Point", "coordinates": [ 125.379930329715094, -8.721832925044847 ] } },
{ "type": "Feature", "properties": { "id": 351, "alert_type": "Deforestation/Fire" }, "geometry": { "type": "Point", "coordinates": [ 125.380289655828733, -8.721832925044847 ] } },
{ "type": "Feature", "properties": { "id": 352, "alert_type": "Deforestation/Fire" }, "geometry": { "type": "Point", "coordinates": [ 125.381906623340157, -8.721832925044847 ] } },
{ "type": "Feature", "properties": { "id": 353, "alert_type": "Deforestation/Fire" }, "geometry": { "type": "Point", "coordinates": [ 125.42574440920518, -8.721832925044847 ] } },
{ "type": "Feature", "properties": { "id": 354, "alert_type": "Deforestation/Fire" }, "geometry": { "type": "Point", "coordinates": [ 125.428798681171187, -8.721832925044847 ] } },
{ "type": "Feature", "properties": { "id": 355, "alert_type": "Deforestation/Fire" }, "geometry": { "type": "Point", "coordinates": [ 125.433290257591793, -8.721832925044847 ] } },
{ "type": "Feature", "properties": { "id": 356, "alert_type": "Deforestation/Fire" }, "geometry": { "type": "Point", "coordinates": [ 125.434547898989564, -8.721832925044847 ] } },
{ "type": "Feature", "properties": { "id": 357, "alert_type": "Deforestation/Fire" }, "geometry": { "type": "Point", "coordinates": [ 125.331241641315813, -8.72201258810167 ] } },
{ "type": "Feature", "properties": { "id": 358, "alert_type": "Deforestation/Fire" }, "geometry": { "type": "Point", "coordinates": [ 125.380648981942386, -8.72201258810167 ] } },
{ "type": "Feature", "properties": { "id": 359, "alert_type": "Deforestation/Fire" }, "geometry": { "type": "Point", "coordinates": [ 125.426283398375659, -8.72201258810167 ] } },
{ "type": "Feature", "properties": { "id": 360, "alert_type": "Deforestation/Fire" }, "geometry": { "type": "Point", "coordinates": [ 125.433290257591793, -8.72201258810167 ] } },
{ "type": "Feature", "properties": { "id": 361, "alert_type": "Deforestation/Fire" }, "geometry": { "type": "Point", "coordinates": [ 125.434368235932737, -8.72201258810167 ] } },
{ "type": "Feature", "properties": { "id": 362, "alert_type": "Deforestation/Fire" }, "geometry": { "type": "Point", "coordinates": [ 125.434547898989564, -8.72201258810167 ] } },
{ "type": "Feature", "properties": { "id": 363, "alert_type": "Deforestation/Fire" }, "geometry": { "type": "Point", "coordinates": [ 125.381367634169678, -8.722192251158495 ] } },
{ "type": "Feature", "properties": { "id": 364, "alert_type": "Deforestation/Fire" }, "geometry": { "type": "Point", "coordinates": [ 125.381547297226504, -8.722192251158495 ] } },
{ "type": "Feature", "properties": { "id": 365, "alert_type": "Deforestation/Fire" }, "geometry": { "type": "Point", "coordinates": [ 125.429337670341667, -8.722192251158495 ] } },
{ "type": "Feature", "properties": { "id": 366, "alert_type": "Deforestation/Fire" }, "geometry": { "type": "Point", "coordinates": [ 125.430235985625785, -8.722192251158495 ] } },
{ "type": "Feature", "properties": { "id": 367, "alert_type": "Deforestation/Fire" }, "geometry": { "type": "Point", "coordinates": [ 125.447483639080872, -8.722192251158495 ] } },
{ "type": "Feature", "properties": { "id": 368, "alert_type": "Deforestation/Fire" }, "geometry": { "type": "Point", "coordinates": [ 125.380289655828733, -8.722371914215318 ] } },
{ "type": "Feature", "properties": { "id": 369, "alert_type": "Deforestation/Fire" }, "geometry": { "type": "Point", "coordinates": [ 125.42754103977343, -8.722371914215318 ] } },
{ "type": "Feature", "properties": { "id": 370, "alert_type": "Deforestation/Fire" }, "geometry": { "type": "Point", "coordinates": [ 125.43293093147814, -8.722371914215318 ] } },
{ "type": "Feature", "properties": { "id": 371, "alert_type": "Deforestation/Fire" }, "geometry": { "type": "Point", "coordinates": [ 125.343818055293482, -8.722551577272142 ] } },
{ "type": "Feature", "properties": { "id": 372, "alert_type": "Deforestation/Fire" }, "geometry": { "type": "Point", "coordinates": [ 125.377415046919552, -8.722551577272142 ] } },
{ "type": "Feature", "properties": { "id": 373, "alert_type": "Deforestation/Fire" }, "geometry": { "type": "Point", "coordinates": [ 125.377594709976378, -8.722551577272142 ] } },
{ "type": "Feature", "properties": { "id": 374, "alert_type": "Deforestation/Fire" }, "geometry": { "type": "Point", "coordinates": [ 125.414964625795747, -8.722551577272142 ] } },
{ "type": "Feature", "properties": { "id": 375, "alert_type": "Deforestation/Fire" }, "geometry": { "type": "Point", "coordinates": [ 125.427720702830243, -8.722551577272142 ] } },
{ "type": "Feature", "properties": { "id": 376, "alert_type": "Deforestation/Fire" }, "geometry": { "type": "Point", "coordinates": [ 125.433110594534966, -8.722551577272142 ] } },
{ "type": "Feature", "properties": { "id": 377, "alert_type": "Deforestation/Fire" }, "geometry": { "type": "Point", "coordinates": [ 125.440476779864753, -8.722551577272142 ] } },
{ "type": "Feature", "properties": { "id": 378, "alert_type": "Deforestation/Fire" }, "geometry": { "type": "Point", "coordinates": [ 125.442632736546628, -8.722551577272142 ] } },
{ "type": "Feature", "properties": { "id": 379, "alert_type": "Deforestation/Fire" }, "geometry": { "type": "Point", "coordinates": [ 125.377415046919552, -8.722731240328967 ] } },
{ "type": "Feature", "properties": { "id": 380, "alert_type": "Deforestation/Fire" }, "geometry": { "type": "Point", "coordinates": [ 125.430235985625785, -8.722731240328967 ] } },
{ "type": "Feature", "properties": { "id": 381, "alert_type": "Deforestation/Fire" }, "geometry": { "type": "Point", "coordinates": [ 125.431134300909903, -8.722731240328967 ] } },
{ "type": "Feature", "properties": { "id": 382, "alert_type": "Deforestation/Fire" }, "geometry": { "type": "Point", "coordinates": [ 125.437242844841919, -8.722731240328967 ] } },
{ "type": "Feature", "properties": { "id": 383, "alert_type": "Deforestation/Fire" }, "geometry": { "type": "Point", "coordinates": [ 125.427900365887069, -8.72291090338579 ] } },
{ "type": "Feature", "properties": { "id": 384, "alert_type": "Deforestation/Fire" }, "geometry": { "type": "Point", "coordinates": [ 125.430954637853077, -8.72291090338579 ] } },
{ "type": "Feature", "properties": { "id": 385, "alert_type": "Deforestation/Fire" }, "geometry": { "type": "Point", "coordinates": [ 125.431134300909903, -8.72291090338579 ] } },
{ "type": "Feature", "properties": { "id": 386, "alert_type": "Deforestation/Fire" }, "geometry": { "type": "Point", "coordinates": [ 125.433469920648619, -8.72291090338579 ] } },
{ "type": "Feature", "properties": { "id": 387, "alert_type": "Deforestation/Fire" }, "geometry": { "type": "Point", "coordinates": [ 125.437063181785092, -8.72291090338579 ] } },
{ "type": "Feature", "properties": { "id": 388, "alert_type": "Deforestation/Fire" }, "geometry": { "type": "Point", "coordinates": [ 125.328906021577097, -8.723090566442615 ] } },
{ "type": "Feature", "properties": { "id": 389, "alert_type": "Deforestation/Fire" }, "geometry": { "type": "Point", "coordinates": [ 125.410113723261503, -8.723090566442615 ] } },
{ "type": "Feature", "properties": { "id": 390, "alert_type": "Deforestation/Fire" }, "geometry": { "type": "Point", "coordinates": [ 125.421971485011881, -8.723090566442615 ] } },
{ "type": "Feature", "properties": { "id": 391, "alert_type": "Deforestation/Fire" }, "geometry": { "type": "Point", "coordinates": [ 125.425205420034715, -8.723090566442615 ] } },
{ "type": "Feature", "properties": { "id": 392, "alert_type": "Deforestation/Fire" }, "geometry": { "type": "Point", "coordinates": [ 125.425385083091541, -8.723090566442615 ] } },
{ "type": "Feature", "properties": { "id": 393, "alert_type": "Deforestation/Fire" }, "geometry": { "type": "Point", "coordinates": [ 125.426283398375659, -8.723090566442615 ] } },
{ "type": "Feature", "properties": { "id": 394, "alert_type": "Deforestation/Fire" }, "geometry": { "type": "Point", "coordinates": [ 125.427900365887069, -8.723090566442615 ] } },
{ "type": "Feature", "properties": { "id": 395, "alert_type": "Deforestation/Fire" }, "geometry": { "type": "Point", "coordinates": [ 125.428080028943896, -8.723090566442615 ] } },
{ "type": "Feature", "properties": { "id": 396, "alert_type": "Deforestation/Fire" }, "geometry": { "type": "Point", "coordinates": [ 125.433290257591793, -8.723090566442615 ] } },
{ "type": "Feature", "properties": { "id": 397, "alert_type": "Deforestation/Fire" }, "geometry": { "type": "Point", "coordinates": [ 125.436883518728266, -8.723090566442615 ] } },
{ "type": "Feature", "properties": { "id": 398, "alert_type": "Deforestation/Fire" }, "geometry": { "type": "Point", "coordinates": [ 125.437063181785092, -8.723090566442615 ] } },
{ "type": "Feature", "properties": { "id": 399, "alert_type": "Deforestation/Fire" }, "geometry": { "type": "Point", "coordinates": [ 125.377954036090031, -8.723270229499438 ] } },
{ "type": "Feature", "properties": { "id": 400, "alert_type": "Deforestation/Fire" }, "geometry": { "type": "Point", "coordinates": [ 125.422151148068707, -8.723270229499438 ] } },
{ "type": "Feature", "properties": { "id": 401, "alert_type": "Deforestation/Fire" }, "geometry": { "type": "Point", "coordinates": [ 125.430235985625785, -8.723270229499438 ] } },
{ "type": "Feature", "properties": { "id": 402, "alert_type": "Deforestation/Fire" }, "geometry": { "type": "Point", "coordinates": [ 125.432751268421313, -8.723270229499438 ] } },
{ "type": "Feature", "properties": { "id": 403, "alert_type": "Deforestation/Fire" }, "geometry": { "type": "Point", "coordinates": [ 125.434188572875911, -8.723270229499438 ] } },
{ "type": "Feature", "properties": { "id": 404, "alert_type": "Deforestation/Fire" }, "geometry": { "type": "Point", "coordinates": [ 125.437063181785092, -8.723270229499438 ] } },
{ "type": "Feature", "properties": { "id": 405, "alert_type": "Deforestation/Fire" }, "geometry": { "type": "Point", "coordinates": [ 125.326929727952034, -8.723449892556262 ] } },
{ "type": "Feature", "properties": { "id": 406, "alert_type": "Deforestation/Fire" }, "geometry": { "type": "Point", "coordinates": [ 125.329804336861216, -8.723449892556262 ] } },
{ "type": "Feature", "properties": { "id": 407, "alert_type": "Deforestation/Fire" }, "geometry": { "type": "Point", "coordinates": [ 125.40813742963644, -8.723449892556262 ] } },
{ "type": "Feature", "properties": { "id": 408, "alert_type": "Deforestation/Fire" }, "geometry": { "type": "Point", "coordinates": [ 125.431673290080369, -8.723449892556262 ] } },
{ "type": "Feature", "properties": { "id": 409, "alert_type": "Deforestation/Fire" }, "geometry": { "type": "Point", "coordinates": [ 125.434547898989564, -8.723449892556262 ] } },
{ "type": "Feature", "properties": { "id": 410, "alert_type": "Deforestation/Fire" }, "geometry": { "type": "Point", "coordinates": [ 125.434727562046376, -8.723449892556262 ] } },
{ "type": "Feature", "properties": { "id": 411, "alert_type": "Deforestation/Fire" }, "geometry": { "type": "Point", "coordinates": [ 125.327109391008861, -8.723629555613085 ] } },
{ "type": "Feature", "properties": { "id": 412, "alert_type": "Deforestation/Fire" }, "geometry": { "type": "Point", "coordinates": [ 125.381008308056039, -8.723629555613085 ] } },
{ "type": "Feature", "properties": { "id": 413, "alert_type": "Deforestation/Fire" }, "geometry": { "type": "Point", "coordinates": [ 125.431134300909903, -8.723629555613085 ] } },
{ "type": "Feature", "properties": { "id": 414, "alert_type": "Deforestation/Fire" }, "geometry": { "type": "Point", "coordinates": [ 125.435266551216856, -8.723629555613085 ] } },
{ "type": "Feature", "properties": { "id": 415, "alert_type": "Deforestation/Fire" }, "geometry": { "type": "Point", "coordinates": [ 125.430235985625785, -8.72380921866991 ] } },
{ "type": "Feature", "properties": { "id": 416, "alert_type": "Deforestation/Fire" }, "geometry": { "type": "Point", "coordinates": [ 125.430415648682612, -8.72380921866991 ] } },
{ "type": "Feature", "properties": { "id": 417, "alert_type": "Deforestation/Fire" }, "geometry": { "type": "Point", "coordinates": [ 125.432751268421313, -8.72380921866991 ] } },
{ "type": "Feature", "properties": { "id": 418, "alert_type": "Deforestation/Fire" }, "geometry": { "type": "Point", "coordinates": [ 125.437602170955557, -8.72380921866991 ] } },
{ "type": "Feature", "properties": { "id": 419, "alert_type": "Deforestation/Fire" }, "geometry": { "type": "Point", "coordinates": [ 125.425205420034715, -8.723988881726733 ] } },
{ "type": "Feature", "properties": { "id": 420, "alert_type": "Deforestation/Fire" }, "geometry": { "type": "Point", "coordinates": [ 125.425564746148368, -8.723988881726733 ] } },
{ "type": "Feature", "properties": { "id": 421, "alert_type": "Deforestation/Fire" }, "geometry": { "type": "Point", "coordinates": [ 125.440297116807926, -8.723988881726733 ] } },
{ "type": "Feature", "properties": { "id": 422, "alert_type": "Deforestation/Fire" }, "geometry": { "type": "Point", "coordinates": [ 125.35351986036197, -8.724168544783558 ] } },
{ "type": "Feature", "properties": { "id": 423, "alert_type": "Deforestation/Fire" }, "geometry": { "type": "Point", "coordinates": [ 125.425564746148368, -8.724168544783558 ] } },
{ "type": "Feature", "properties": { "id": 424, "alert_type": "Deforestation/Fire" }, "geometry": { "type": "Point", "coordinates": [ 125.434907225103203, -8.724168544783558 ] } },
{ "type": "Feature", "properties": { "id": 425, "alert_type": "Deforestation/Fire" }, "geometry": { "type": "Point", "coordinates": [ 125.284888572655248, -8.724348207840382 ] } },
{ "type": "Feature", "properties": { "id": 426, "alert_type": "Deforestation/Fire" }, "geometry": { "type": "Point", "coordinates": [ 125.285427561825713, -8.724348207840382 ] } },
{ "type": "Feature", "properties": { "id": 427, "alert_type": "Deforestation/Fire" }, "geometry": { "type": "Point", "coordinates": [ 125.28560722488254, -8.724348207840382 ] } },
{ "type": "Feature", "properties": { "id": 428, "alert_type": "Deforestation/Fire" }, "geometry": { "type": "Point", "coordinates": [ 125.285786887939366, -8.724348207840382 ] } },
{ "type": "Feature", "properties": { "id": 429, "alert_type": "Deforestation/Fire" }, "geometry": { "type": "Point", "coordinates": [ 125.407778103522801, -8.724348207840382 ] } },
{ "type": "Feature", "properties": { "id": 430, "alert_type": "Deforestation/Fire" }, "geometry": { "type": "Point", "coordinates": [ 125.430595311739438, -8.724348207840382 ] } },
{ "type": "Feature", "properties": { "id": 431, "alert_type": "Deforestation/Fire" }, "geometry": { "type": "Point", "coordinates": [ 125.431852953137195, -8.724348207840382 ] } },
{ "type": "Feature", "properties": { "id": 432, "alert_type": "Deforestation/Fire" }, "geometry": { "type": "Point", "coordinates": [ 125.450537911046879, -8.724348207840382 ] } },
{ "type": "Feature", "properties": { "id": 433, "alert_type": "Deforestation/Fire" }, "geometry": { "type": "Point", "coordinates": [ 125.285427561825713, -8.724527870897205 ] } },
{ "type": "Feature", "properties": { "id": 434, "alert_type": "Deforestation/Fire" }, "geometry": { "type": "Point", "coordinates": [ 125.28560722488254, -8.724527870897205 ] } },
{ "type": "Feature", "properties": { "id": 435, "alert_type": "Deforestation/Fire" }, "geometry": { "type": "Point", "coordinates": [ 125.352621545077852, -8.724527870897205 ] } },
{ "type": "Feature", "properties": { "id": 436, "alert_type": "Deforestation/Fire" }, "geometry": { "type": "Point", "coordinates": [ 125.442632736546628, -8.724527870897205 ] } },
{ "type": "Feature", "properties": { "id": 437, "alert_type": "Deforestation/Fire" }, "geometry": { "type": "Point", "coordinates": [ 125.279498680950525, -8.72470753395403 ] } },
{ "type": "Feature", "properties": { "id": 438, "alert_type": "Deforestation/Fire" }, "geometry": { "type": "Point", "coordinates": [ 125.352621545077852, -8.72470753395403 ] } },
{ "type": "Feature", "properties": { "id": 439, "alert_type": "Deforestation/Fire" }, "geometry": { "type": "Point", "coordinates": [ 125.430954637853077, -8.72470753395403 ] } },
{ "type": "Feature", "properties": { "id": 440, "alert_type": "Deforestation/Fire" }, "geometry": { "type": "Point", "coordinates": [ 125.43293093147814, -8.72470753395403 ] } },
{ "type": "Feature", "properties": { "id": 441, "alert_type": "Deforestation/Fire" }, "geometry": { "type": "Point", "coordinates": [ 125.437063181785092, -8.72470753395403 ] } },
{ "type": "Feature", "properties": { "id": 442, "alert_type": "Deforestation/Fire" }, "geometry": { "type": "Point", "coordinates": [ 125.441195432092044, -8.72470753395403 ] } },
{ "type": "Feature", "properties": { "id": 443, "alert_type": "Deforestation/Fire" }, "geometry": { "type": "Point", "coordinates": [ 125.382804938624275, -8.724887197010853 ] } },
{ "type": "Feature", "properties": { "id": 444, "alert_type": "Deforestation/Fire" }, "geometry": { "type": "Point", "coordinates": [ 125.43077497479625, -8.724887197010853 ] } },
{ "type": "Feature", "properties": { "id": 445, "alert_type": "Deforestation/Fire" }, "geometry": { "type": "Point", "coordinates": [ 125.361784360975875, -8.725066860067678 ] } },
{ "type": "Feature", "properties": { "id": 446, "alert_type": "Deforestation/Fire" }, "geometry": { "type": "Point", "coordinates": [ 125.431852953137195, -8.725066860067678 ] } },
{ "type": "Feature", "properties": { "id": 447, "alert_type": "Deforestation/Fire" }, "geometry": { "type": "Point", "coordinates": [ 125.435985203444147, -8.725066860067678 ] } },
{ "type": "Feature", "properties": { "id": 448, "alert_type": "Deforestation/Fire" }, "geometry": { "type": "Point", "coordinates": [ 125.44892094353547, -8.725066860067678 ] } },
{ "type": "Feature", "properties": { "id": 449, "alert_type": "Deforestation/Fire" }, "geometry": { "type": "Point", "coordinates": [ 125.450178584933241, -8.725066860067678 ] } },
{ "type": "Feature", "properties": { "id": 450, "alert_type": "Deforestation/Fire" }, "geometry": { "type": "Point", "coordinates": [ 125.276085082870878, -8.7252465231245 ] } },
{ "type": "Feature", "properties": { "id": 451, "alert_type": "Deforestation/Fire" }, "geometry": { "type": "Point", "coordinates": [ 125.361784360975875, -8.7252465231245 ] } },
{ "type": "Feature", "properties": { "id": 452, "alert_type": "Deforestation/Fire" }, "geometry": { "type": "Point", "coordinates": [ 125.361964024032702, -8.7252465231245 ] } },
{ "type": "Feature", "properties": { "id": 453, "alert_type": "Deforestation/Fire" }, "geometry": { "type": "Point", "coordinates": [ 125.44730397602406, -8.725426186181325 ] } },
{ "type": "Feature", "properties": { "id": 454, "alert_type": "Deforestation/Fire" }, "geometry": { "type": "Point", "coordinates": [ 125.363760654600938, -8.725605849238148 ] } },
{ "type": "Feature", "properties": { "id": 455, "alert_type": "Deforestation/Fire" }, "geometry": { "type": "Point", "coordinates": [ 125.364299643771417, -8.725605849238148 ] } },
{ "type": "Feature", "properties": { "id": 456, "alert_type": "Deforestation/Fire" }, "geometry": { "type": "Point", "coordinates": [ 125.407957766579614, -8.725605849238148 ] } },
{ "type": "Feature", "properties": { "id": 457, "alert_type": "Deforestation/Fire" }, "geometry": { "type": "Point", "coordinates": [ 125.432751268421313, -8.725605849238148 ] } },
{ "type": "Feature", "properties": { "id": 458, "alert_type": "Deforestation/Fire" }, "geometry": { "type": "Point", "coordinates": [ 125.447663302137698, -8.725605849238148 ] } },
{ "type": "Feature", "properties": { "id": 459, "alert_type": "Deforestation/Fire" }, "geometry": { "type": "Point", "coordinates": [ 125.280756322348296, -8.725785512294973 ] } },
{ "type": "Feature", "properties": { "id": 460, "alert_type": "Deforestation/Fire" }, "geometry": { "type": "Point", "coordinates": [ 125.36447930682823, -8.725785512294973 ] } },
{ "type": "Feature", "properties": { "id": 461, "alert_type": "Deforestation/Fire" }, "geometry": { "type": "Point", "coordinates": [ 125.433649583705431, -8.725785512294973 ] } },
{ "type": "Feature", "properties": { "id": 462, "alert_type": "Deforestation/Fire" }, "geometry": { "type": "Point", "coordinates": [ 125.442992062660281, -8.725785512294973 ] } },
{ "type": "Feature", "properties": { "id": 463, "alert_type": "Deforestation/Fire" }, "geometry": { "type": "Point", "coordinates": [ 125.443171725717107, -8.725785512294973 ] } },
{ "type": "Feature", "properties": { "id": 464, "alert_type": "Deforestation/Fire" }, "geometry": { "type": "Point", "coordinates": [ 125.446046334626288, -8.725785512294973 ] } },
{ "type": "Feature", "properties": { "id": 465, "alert_type": "Deforestation/Fire" }, "geometry": { "type": "Point", "coordinates": [ 125.431673290080369, -8.725965175351796 ] } },
{ "type": "Feature", "properties": { "id": 466, "alert_type": "Deforestation/Fire" }, "geometry": { "type": "Point", "coordinates": [ 125.433290257591793, -8.725965175351796 ] } },
{ "type": "Feature", "properties": { "id": 467, "alert_type": "Deforestation/Fire" }, "geometry": { "type": "Point", "coordinates": [ 125.433649583705431, -8.725965175351796 ] } },
{ "type": "Feature", "properties": { "id": 468, "alert_type": "Deforestation/Fire" }, "geometry": { "type": "Point", "coordinates": [ 125.445507345455809, -8.725965175351796 ] } },
{ "type": "Feature", "properties": { "id": 469, "alert_type": "Deforestation/Fire" }, "geometry": { "type": "Point", "coordinates": [ 125.446225997683115, -8.725965175351796 ] } },
{ "type": "Feature", "properties": { "id": 470, "alert_type": "Deforestation/Fire" }, "geometry": { "type": "Point", "coordinates": [ 125.265484962518258, -8.72614483840862 ] } },
{ "type": "Feature", "properties": { "id": 471, "alert_type": "Deforestation/Fire" }, "geometry": { "type": "Point", "coordinates": [ 125.433469920648619, -8.72614483840862 ] } },
{ "type": "Feature", "properties": { "id": 472, "alert_type": "Deforestation/Fire" }, "geometry": { "type": "Point", "coordinates": [ 125.433649583705431, -8.72614483840862 ] } },
{ "type": "Feature", "properties": { "id": 473, "alert_type": "Deforestation/Fire" }, "geometry": { "type": "Point", "coordinates": [ 125.442093747376163, -8.72614483840862 ] } },
{ "type": "Feature", "properties": { "id": 474, "alert_type": "Deforestation/Fire" }, "geometry": { "type": "Point", "coordinates": [ 125.433290257591793, -8.726324501465445 ] } },
{ "type": "Feature", "properties": { "id": 475, "alert_type": "Deforestation/Fire" }, "geometry": { "type": "Point", "coordinates": [ 125.434547898989564, -8.726324501465445 ] } },
{ "type": "Feature", "properties": { "id": 476, "alert_type": "Deforestation/Fire" }, "geometry": { "type": "Point", "coordinates": [ 125.43957846458062, -8.726324501465445 ] } },
{ "type": "Feature", "properties": { "id": 477, "alert_type": "Deforestation/Fire" }, "geometry": { "type": "Point", "coordinates": [ 125.439758127637447, -8.726324501465445 ] } },
{ "type": "Feature", "properties": { "id": 478, "alert_type": "Deforestation/Fire" }, "geometry": { "type": "Point", "coordinates": [ 125.265125636404619, -8.726504164522268 ] } },
{ "type": "Feature", "properties": { "id": 479, "alert_type": "Deforestation/Fire" }, "geometry": { "type": "Point", "coordinates": [ 125.265305299461446, -8.726504164522268 ] } },
{ "type": "Feature", "properties": { "id": 480, "alert_type": "Deforestation/Fire" }, "geometry": { "type": "Point", "coordinates": [ 125.289380149075839, -8.726504164522268 ] } },
{ "type": "Feature", "properties": { "id": 481, "alert_type": "Deforestation/Fire" }, "geometry": { "type": "Point", "coordinates": [ 125.433649583705431, -8.726504164522268 ] } },
{ "type": "Feature", "properties": { "id": 482, "alert_type": "Deforestation/Fire" }, "geometry": { "type": "Point", "coordinates": [ 125.434008909819084, -8.726504164522268 ] } },
{ "type": "Feature", "properties": { "id": 483, "alert_type": "Deforestation/Fire" }, "geometry": { "type": "Point", "coordinates": [ 125.434727562046376, -8.726504164522268 ] } },
{ "type": "Feature", "properties": { "id": 484, "alert_type": "Deforestation/Fire" }, "geometry": { "type": "Point", "coordinates": [ 125.264945973347793, -8.726683827579093 ] } },
{ "type": "Feature", "properties": { "id": 485, "alert_type": "Deforestation/Fire" }, "geometry": { "type": "Point", "coordinates": [ 125.265125636404619, -8.726683827579093 ] } },
{ "type": "Feature", "properties": { "id": 486, "alert_type": "Deforestation/Fire" }, "geometry": { "type": "Point", "coordinates": [ 125.428798681171187, -8.726683827579093 ] } },
{ "type": "Feature", "properties": { "id": 487, "alert_type": "Deforestation/Fire" }, "geometry": { "type": "Point", "coordinates": [ 125.430595311739438, -8.726683827579093 ] } },
{ "type": "Feature", "properties": { "id": 488, "alert_type": "Deforestation/Fire" }, "geometry": { "type": "Point", "coordinates": [ 125.435086888160029, -8.726683827579093 ] } },
{ "type": "Feature", "properties": { "id": 489, "alert_type": "Deforestation/Fire" }, "geometry": { "type": "Point", "coordinates": [ 125.428619018114375, -8.726863490635916 ] } },
{ "type": "Feature", "properties": { "id": 490, "alert_type": "Deforestation/Fire" }, "geometry": { "type": "Point", "coordinates": [ 125.430415648682612, -8.726863490635916 ] } },
{ "type": "Feature", "properties": { "id": 491, "alert_type": "Deforestation/Fire" }, "geometry": { "type": "Point", "coordinates": [ 125.430954637853077, -8.726863490635916 ] } },
{ "type": "Feature", "properties": { "id": 492, "alert_type": "Deforestation/Fire" }, "geometry": { "type": "Point", "coordinates": [ 125.40652046212503, -8.72704315369274 ] } },
{ "type": "Feature", "properties": { "id": 493, "alert_type": "Deforestation/Fire" }, "geometry": { "type": "Point", "coordinates": [ 125.422869800295999, -8.72704315369274 ] } },
{ "type": "Feature", "properties": { "id": 494, "alert_type": "Deforestation/Fire" }, "geometry": { "type": "Point", "coordinates": [ 125.423049463352825, -8.72704315369274 ] } },
{ "type": "Feature", "properties": { "id": 495, "alert_type": "Deforestation/Fire" }, "geometry": { "type": "Point", "coordinates": [ 125.44514801934217, -8.72704315369274 ] } },
{ "type": "Feature", "properties": { "id": 496, "alert_type": "Deforestation/Fire" }, "geometry": { "type": "Point", "coordinates": [ 125.40652046212503, -8.727222816749563 ] } },
{ "type": "Feature", "properties": { "id": 497, "alert_type": "Deforestation/Fire" }, "geometry": { "type": "Point", "coordinates": [ 125.406700125181857, -8.727222816749563 ] } },
{ "type": "Feature", "properties": { "id": 498, "alert_type": "Deforestation/Fire" }, "geometry": { "type": "Point", "coordinates": [ 125.434727562046376, -8.727222816749563 ] } },
{ "type": "Feature", "properties": { "id": 499, "alert_type": "Deforestation/Fire" }, "geometry": { "type": "Point", "coordinates": [ 125.436524192614627, -8.727222816749563 ] } },
{ "type": "Feature", "properties": { "id": 500, "alert_type": "Deforestation/Fire" }, "geometry": { "type": "Point", "coordinates": [ 125.406340799068204, -8.727402479806388 ] } },
{ "type": "Feature", "properties": { "id": 501, "alert_type": "Deforestation/Fire" }, "geometry": { "type": "Point", "coordinates": [ 125.434727562046376, -8.727402479806388 ] } },
{ "type": "Feature", "properties": { "id": 502, "alert_type": "Deforestation/Fire" }, "geometry": { "type": "Point", "coordinates": [ 125.434907225103203, -8.727402479806388 ] } },
{ "type": "Feature", "properties": { "id": 503, "alert_type": "Deforestation/Fire" }, "geometry": { "type": "Point", "coordinates": [ 125.406161136011377, -8.727582142863211 ] } },
{ "type": "Feature", "properties": { "id": 504, "alert_type": "Deforestation/Fire" }, "geometry": { "type": "Point", "coordinates": [ 125.417120582477637, -8.727582142863211 ] } },
{ "type": "Feature", "properties": { "id": 505, "alert_type": "Deforestation/Fire" }, "geometry": { "type": "Point", "coordinates": [ 125.417300245534463, -8.727582142863211 ] } },
{ "type": "Feature", "properties": { "id": 506, "alert_type": "Deforestation/Fire" }, "geometry": { "type": "Point", "coordinates": [ 125.433469920648619, -8.727582142863211 ] } },
{ "type": "Feature", "properties": { "id": 507, "alert_type": "Deforestation/Fire" }, "geometry": { "type": "Point", "coordinates": [ 125.434547898989564, -8.727582142863211 ] } },
{ "type": "Feature", "properties": { "id": 508, "alert_type": "Deforestation/Fire" }, "geometry": { "type": "Point", "coordinates": [ 125.435985203444147, -8.727582142863211 ] } },
{ "type": "Feature", "properties": { "id": 509, "alert_type": "Deforestation/Fire" }, "geometry": { "type": "Point", "coordinates": [ 125.432391942307675, -8.727761805920036 ] } },
{ "type": "Feature", "properties": { "id": 510, "alert_type": "Deforestation/Fire" }, "geometry": { "type": "Point", "coordinates": [ 125.430954637853077, -8.727941468976859 ] } },
{ "type": "Feature", "properties": { "id": 511, "alert_type": "Deforestation/Fire" }, "geometry": { "type": "Point", "coordinates": [ 125.440656442921565, -8.727941468976859 ] } },
{ "type": "Feature", "properties": { "id": 512, "alert_type": "Deforestation/Fire" }, "geometry": { "type": "Point", "coordinates": [ 125.444249704058052, -8.727941468976859 ] } },
{ "type": "Feature", "properties": { "id": 513, "alert_type": "Deforestation/Fire" }, "geometry": { "type": "Point", "coordinates": [ 125.363760654600938, -8.728121132033683 ] } },
{ "type": "Feature", "properties": { "id": 514, "alert_type": "Deforestation/Fire" }, "geometry": { "type": "Point", "coordinates": [ 125.429517333398493, -8.728121132033683 ] } },
{ "type": "Feature", "properties": { "id": 515, "alert_type": "Deforestation/Fire" }, "geometry": { "type": "Point", "coordinates": [ 125.440656442921565, -8.728121132033683 ] } },
{ "type": "Feature", "properties": { "id": 516, "alert_type": "Deforestation/Fire" }, "geometry": { "type": "Point", "coordinates": [ 125.444429367114878, -8.728121132033683 ] } },
{ "type": "Feature", "properties": { "id": 517, "alert_type": "Deforestation/Fire" }, "geometry": { "type": "Point", "coordinates": [ 125.384421906135685, -8.728300795090508 ] } },
{ "type": "Feature", "properties": { "id": 518, "alert_type": "Deforestation/Fire" }, "geometry": { "type": "Point", "coordinates": [ 125.434008909819084, -8.728300795090508 ] } },
{ "type": "Feature", "properties": { "id": 519, "alert_type": "Deforestation/Fire" }, "geometry": { "type": "Point", "coordinates": [ 125.293871725496444, -8.728480458147331 ] } },
{ "type": "Feature", "properties": { "id": 520, "alert_type": "Deforestation/Fire" }, "geometry": { "type": "Point", "coordinates": [ 125.339146815816065, -8.728480458147331 ] } },
{ "type": "Feature", "properties": { "id": 521, "alert_type": "Deforestation/Fire" }, "geometry": { "type": "Point", "coordinates": [ 125.341662098611593, -8.728480458147331 ] } },
{ "type": "Feature", "properties": { "id": 522, "alert_type": "Deforestation/Fire" }, "geometry": { "type": "Point", "coordinates": [ 125.405622146840912, -8.728480458147331 ] } },
{ "type": "Feature", "properties": { "id": 523, "alert_type": "Deforestation/Fire" }, "geometry": { "type": "Point", "coordinates": [ 125.429696996455306, -8.728480458147331 ] } },
{ "type": "Feature", "properties": { "id": 524, "alert_type": "Deforestation/Fire" }, "geometry": { "type": "Point", "coordinates": [ 125.435985203444147, -8.728480458147331 ] } },
{ "type": "Feature", "properties": { "id": 525, "alert_type": "Deforestation/Fire" }, "geometry": { "type": "Point", "coordinates": [ 125.294770040780563, -8.728660121204156 ] } },
{ "type": "Feature", "properties": { "id": 526, "alert_type": "Deforestation/Fire" }, "geometry": { "type": "Point", "coordinates": [ 125.295129366894201, -8.728660121204156 ] } },
{ "type": "Feature", "properties": { "id": 527, "alert_type": "Deforestation/Fire" }, "geometry": { "type": "Point", "coordinates": [ 125.295309029951028, -8.728660121204156 ] } },
{ "type": "Feature", "properties": { "id": 528, "alert_type": "Deforestation/Fire" }, "geometry": { "type": "Point", "coordinates": [ 125.339146815816065, -8.728660121204156 ] } },
{ "type": "Feature", "properties": { "id": 529, "alert_type": "Deforestation/Fire" }, "geometry": { "type": "Point", "coordinates": [ 125.338967152759238, -8.728839784260979 ] } },
{ "type": "Feature", "properties": { "id": 530, "alert_type": "Deforestation/Fire" }, "geometry": { "type": "Point", "coordinates": [ 125.363580991544111, -8.728839784260979 ] } },
{ "type": "Feature", "properties": { "id": 531, "alert_type": "Deforestation/Fire" }, "geometry": { "type": "Point", "coordinates": [ 125.381726960283331, -8.728839784260979 ] } },
{ "type": "Feature", "properties": { "id": 532, "alert_type": "Deforestation/Fire" }, "geometry": { "type": "Point", "coordinates": [ 125.406340799068204, -8.728839784260979 ] } },
{ "type": "Feature", "properties": { "id": 533, "alert_type": "Deforestation/Fire" }, "geometry": { "type": "Point", "coordinates": [ 125.26243069055225, -8.729019447317803 ] } },
{ "type": "Feature", "properties": { "id": 534, "alert_type": "Deforestation/Fire" }, "geometry": { "type": "Point", "coordinates": [ 125.319743205679089, -8.729019447317803 ] } },
{ "type": "Feature", "properties": { "id": 535, "alert_type": "Deforestation/Fire" }, "geometry": { "type": "Point", "coordinates": [ 125.431673290080369, -8.729019447317803 ] } },
{ "type": "Feature", "properties": { "id": 536, "alert_type": "Deforestation/Fire" }, "geometry": { "type": "Point", "coordinates": [ 125.26243069055225, -8.729199110374626 ] } },
{ "type": "Feature", "properties": { "id": 537, "alert_type": "Deforestation/Fire" }, "geometry": { "type": "Point", "coordinates": [ 125.338248500531947, -8.729199110374626 ] } },
{ "type": "Feature", "properties": { "id": 538, "alert_type": "Deforestation/Fire" }, "geometry": { "type": "Point", "coordinates": [ 125.379571003601441, -8.729199110374626 ] } },
{ "type": "Feature", "properties": { "id": 539, "alert_type": "Deforestation/Fire" }, "geometry": { "type": "Point", "coordinates": [ 125.405083157670433, -8.729199110374626 ] } },
{ "type": "Feature", "properties": { "id": 540, "alert_type": "Deforestation/Fire" }, "geometry": { "type": "Point", "coordinates": [ 125.429337670341667, -8.729199110374626 ] } },
{ "type": "Feature", "properties": { "id": 541, "alert_type": "Deforestation/Fire" }, "geometry": { "type": "Point", "coordinates": [ 125.261532375268132, -8.729378773431451 ] } },
{ "type": "Feature", "properties": { "id": 542, "alert_type": "Deforestation/Fire" }, "geometry": { "type": "Point", "coordinates": [ 125.319743205679089, -8.729378773431451 ] } },
{ "type": "Feature", "properties": { "id": 543, "alert_type": "Deforestation/Fire" }, "geometry": { "type": "Point", "coordinates": [ 125.320102531792728, -8.729378773431451 ] } },
{ "type": "Feature", "properties": { "id": 544, "alert_type": "Deforestation/Fire" }, "geometry": { "type": "Point", "coordinates": [ 125.338248500531947, -8.729378773431451 ] } },
{ "type": "Feature", "properties": { "id": 545, "alert_type": "Deforestation/Fire" }, "geometry": { "type": "Point", "coordinates": [ 125.340404457213836, -8.729378773431451 ] } },
{ "type": "Feature", "properties": { "id": 546, "alert_type": "Deforestation/Fire" }, "geometry": { "type": "Point", "coordinates": [ 125.379750666658268, -8.729378773431451 ] } },
{ "type": "Feature", "properties": { "id": 547, "alert_type": "Deforestation/Fire" }, "geometry": { "type": "Point", "coordinates": [ 125.405083157670433, -8.729378773431451 ] } },
{ "type": "Feature", "properties": { "id": 548, "alert_type": "Deforestation/Fire" }, "geometry": { "type": "Point", "coordinates": [ 125.429517333398493, -8.729378773431451 ] } },
{ "type": "Feature", "properties": { "id": 549, "alert_type": "Deforestation/Fire" }, "geometry": { "type": "Point", "coordinates": [ 125.43077497479625, -8.729378773431451 ] } },
{ "type": "Feature", "properties": { "id": 550, "alert_type": "Deforestation/Fire" }, "geometry": { "type": "Point", "coordinates": [ 125.43293093147814, -8.729378773431451 ] } },
{ "type": "Feature", "properties": { "id": 551, "alert_type": "Deforestation/Fire" }, "geometry": { "type": "Point", "coordinates": [ 125.44676498685358, -8.729378773431451 ] } },
{ "type": "Feature", "properties": { "id": 552, "alert_type": "Deforestation/Fire" }, "geometry": { "type": "Point", "coordinates": [ 125.339865468043357, -8.729558436488274 ] } },
{ "type": "Feature", "properties": { "id": 553, "alert_type": "Deforestation/Fire" }, "geometry": { "type": "Point", "coordinates": [ 125.443171725717107, -8.729558436488274 ] } },
{ "type": "Feature", "properties": { "id": 554, "alert_type": "Deforestation/Fire" }, "geometry": { "type": "Point", "coordinates": [ 125.446944649910407, -8.729558436488274 ] } },
{ "type": "Feature", "properties": { "id": 555, "alert_type": "Deforestation/Fire" }, "geometry": { "type": "Point", "coordinates": [ 125.44730397602406, -8.729558436488274 ] } },
{ "type": "Feature", "properties": { "id": 556, "alert_type": "Deforestation/Fire" }, "geometry": { "type": "Point", "coordinates": [ 125.260454396927187, -8.729738099545099 ] } },
{ "type": "Feature", "properties": { "id": 557, "alert_type": "Deforestation/Fire" }, "geometry": { "type": "Point", "coordinates": [ 125.337889174418294, -8.729738099545099 ] } },
{ "type": "Feature", "properties": { "id": 558, "alert_type": "Deforestation/Fire" }, "geometry": { "type": "Point", "coordinates": [ 125.33806883747512, -8.729738099545099 ] } },
{ "type": "Feature", "properties": { "id": 559, "alert_type": "Deforestation/Fire" }, "geometry": { "type": "Point", "coordinates": [ 125.339146815816065, -8.729738099545099 ] } },
{ "type": "Feature", "properties": { "id": 560, "alert_type": "Deforestation/Fire" }, "geometry": { "type": "Point", "coordinates": [ 125.446944649910407, -8.729738099545099 ] } },
{ "type": "Feature", "properties": { "id": 561, "alert_type": "Deforestation/Fire" }, "geometry": { "type": "Point", "coordinates": [ 125.44730397602406, -8.729738099545099 ] } },
{ "type": "Feature", "properties": { "id": 562, "alert_type": "Deforestation/Fire" }, "geometry": { "type": "Point", "coordinates": [ 125.260454396927187, -8.729917762601922 ] } },
{ "type": "Feature", "properties": { "id": 563, "alert_type": "Deforestation/Fire" }, "geometry": { "type": "Point", "coordinates": [ 125.363401328487285, -8.729917762601922 ] } },
{ "type": "Feature", "properties": { "id": 564, "alert_type": "Deforestation/Fire" }, "geometry": { "type": "Point", "coordinates": [ 125.430056322568959, -8.729917762601922 ] } },
{ "type": "Feature", "properties": { "id": 565, "alert_type": "Deforestation/Fire" }, "geometry": { "type": "Point", "coordinates": [ 125.340763783327475, -8.730097425658746 ] } },
{ "type": "Feature", "properties": { "id": 566, "alert_type": "Deforestation/Fire" }, "geometry": { "type": "Point", "coordinates": [ 125.340943446384301, -8.730097425658746 ] } },
{ "type": "Feature", "properties": { "id": 567, "alert_type": "Deforestation/Fire" }, "geometry": { "type": "Point", "coordinates": [ 125.44173442126251, -8.730097425658746 ] } },
{ "type": "Feature", "properties": { "id": 568, "alert_type": "Deforestation/Fire" }, "geometry": { "type": "Point", "coordinates": [ 125.441914084319336, -8.730097425658746 ] } },
{ "type": "Feature", "properties": { "id": 569, "alert_type": "Deforestation/Fire" }, "geometry": { "type": "Point", "coordinates": [ 125.447842965194525, -8.730097425658746 ] } },
{ "type": "Feature", "properties": { "id": 570, "alert_type": "Deforestation/Fire" }, "geometry": { "type": "Point", "coordinates": [ 125.340763783327475, -8.730277088715571 ] } },
{ "type": "Feature", "properties": { "id": 571, "alert_type": "Deforestation/Fire" }, "geometry": { "type": "Point", "coordinates": [ 125.380469318885559, -8.730277088715571 ] } },
{ "type": "Feature", "properties": { "id": 572, "alert_type": "Deforestation/Fire" }, "geometry": { "type": "Point", "coordinates": [ 125.447124312967233, -8.730277088715571 ] } },
{ "type": "Feature", "properties": { "id": 573, "alert_type": "Deforestation/Fire" }, "geometry": { "type": "Point", "coordinates": [ 125.379750666658268, -8.730456751772394 ] } },
{ "type": "Feature", "properties": { "id": 574, "alert_type": "Deforestation/Fire" }, "geometry": { "type": "Point", "coordinates": [ 125.380469318885559, -8.730456751772394 ] } },
{ "type": "Feature", "properties": { "id": 575, "alert_type": "Deforestation/Fire" }, "geometry": { "type": "Point", "coordinates": [ 125.380828644999212, -8.730456751772394 ] } },
{ "type": "Feature", "properties": { "id": 576, "alert_type": "Deforestation/Fire" }, "geometry": { "type": "Point", "coordinates": [ 125.432571605364501, -8.730456751772394 ] } },
{ "type": "Feature", "properties": { "id": 577, "alert_type": "Deforestation/Fire" }, "geometry": { "type": "Point", "coordinates": [ 125.447483639080872, -8.730456751772394 ] } },
{ "type": "Feature", "properties": { "id": 578, "alert_type": "Deforestation/Fire" }, "geometry": { "type": "Point", "coordinates": [ 125.340584120270648, -8.730636414829219 ] } },
{ "type": "Feature", "properties": { "id": 579, "alert_type": "Deforestation/Fire" }, "geometry": { "type": "Point", "coordinates": [ 125.432571605364501, -8.730636414829219 ] } },
{ "type": "Feature", "properties": { "id": 580, "alert_type": "Deforestation/Fire" }, "geometry": { "type": "Point", "coordinates": [ 125.445507345455809, -8.730636414829219 ] } },
{ "type": "Feature", "properties": { "id": 581, "alert_type": "Deforestation/Fire" }, "geometry": { "type": "Point", "coordinates": [ 125.380828644999212, -8.730816077886042 ] } },
{ "type": "Feature", "properties": { "id": 582, "alert_type": "Deforestation/Fire" }, "geometry": { "type": "Point", "coordinates": [ 125.446046334626288, -8.730816077886042 ] } },
{ "type": "Feature", "properties": { "id": 583, "alert_type": "Deforestation/Fire" }, "geometry": { "type": "Point", "coordinates": [ 125.466527923104209, -8.730816077886042 ] } },
{ "type": "Feature", "properties": { "id": 584, "alert_type": "Deforestation/Fire" }, "geometry": { "type": "Point", "coordinates": [ 125.445507345455809, -8.730995740942866 ] } },
{ "type": "Feature", "properties": { "id": 585, "alert_type": "Deforestation/Fire" }, "geometry": { "type": "Point", "coordinates": [ 125.381906623340157, -8.731175403999689 ] } },
{ "type": "Feature", "properties": { "id": 586, "alert_type": "Deforestation/Fire" }, "geometry": { "type": "Point", "coordinates": [ 125.441914084319336, -8.731175403999689 ] } },
{ "type": "Feature", "properties": { "id": 587, "alert_type": "Deforestation/Fire" }, "geometry": { "type": "Point", "coordinates": [ 125.442812399603454, -8.731175403999689 ] } },
{ "type": "Feature", "properties": { "id": 588, "alert_type": "Deforestation/Fire" }, "geometry": { "type": "Point", "coordinates": [ 125.381187971112851, -8.731355067056514 ] } },
{ "type": "Feature", "properties": { "id": 589, "alert_type": "Deforestation/Fire" }, "geometry": { "type": "Point", "coordinates": [ 125.418378223875408, -8.731355067056514 ] } },
{ "type": "Feature", "properties": { "id": 590, "alert_type": "Deforestation/Fire" }, "geometry": { "type": "Point", "coordinates": [ 125.441195432092044, -8.731355067056514 ] } },
{ "type": "Feature", "properties": { "id": 591, "alert_type": "Deforestation/Fire" }, "geometry": { "type": "Point", "coordinates": [ 125.29782431274657, -8.731534730113337 ] } },
{ "type": "Feature", "properties": { "id": 592, "alert_type": "Deforestation/Fire" }, "geometry": { "type": "Point", "coordinates": [ 125.39214741757911, -8.731534730113337 ] } },
{ "type": "Feature", "properties": { "id": 593, "alert_type": "Deforestation/Fire" }, "geometry": { "type": "Point", "coordinates": [ 125.432212279250848, -8.731534730113337 ] } },
{ "type": "Feature", "properties": { "id": 594, "alert_type": "Deforestation/Fire" }, "geometry": { "type": "Point", "coordinates": [ 125.261712038324958, -8.731714393170162 ] } },
{ "type": "Feature", "properties": { "id": 595, "alert_type": "Deforestation/Fire" }, "geometry": { "type": "Point", "coordinates": [ 125.441554758205683, -8.731714393170162 ] } },
{ "type": "Feature", "properties": { "id": 596, "alert_type": "Deforestation/Fire" }, "geometry": { "type": "Point", "coordinates": [ 125.44173442126251, -8.731714393170162 ] } },
{ "type": "Feature", "properties": { "id": 597, "alert_type": "Deforestation/Fire" }, "geometry": { "type": "Point", "coordinates": [ 125.391608428408645, -8.731894056226984 ] } },
{ "type": "Feature", "properties": { "id": 598, "alert_type": "Deforestation/Fire" }, "geometry": { "type": "Point", "coordinates": [ 125.432212279250848, -8.731894056226984 ] } },
{ "type": "Feature", "properties": { "id": 599, "alert_type": "Deforestation/Fire" }, "geometry": { "type": "Point", "coordinates": [ 125.432391942307675, -8.731894056226984 ] } },
{ "type": "Feature", "properties": { "id": 600, "alert_type": "Deforestation/Fire" }, "geometry": { "type": "Point", "coordinates": [ 125.446046334626288, -8.731894056226984 ] } },
{ "type": "Feature", "properties": { "id": 601, "alert_type": "Deforestation/Fire" }, "geometry": { "type": "Point", "coordinates": [ 125.446405660739941, -8.731894056226984 ] } },
{ "type": "Feature", "properties": { "id": 602, "alert_type": "Deforestation/Fire" }, "geometry": { "type": "Point", "coordinates": [ 125.409754397147864, -8.732073719283809 ] } },
{ "type": "Feature", "properties": { "id": 603, "alert_type": "Deforestation/Fire" }, "geometry": { "type": "Point", "coordinates": [ 125.431852953137195, -8.732073719283809 ] } },
{ "type": "Feature", "properties": { "id": 604, "alert_type": "Deforestation/Fire" }, "geometry": { "type": "Point", "coordinates": [ 125.431852953137195, -8.732253382340634 ] } },
{ "type": "Feature", "properties": { "id": 605, "alert_type": "Deforestation/Fire" }, "geometry": { "type": "Point", "coordinates": [ 125.261173049154493, -8.732433045397457 ] } },
{ "type": "Feature", "properties": { "id": 606, "alert_type": "Deforestation/Fire" }, "geometry": { "type": "Point", "coordinates": [ 125.298722628030688, -8.732433045397457 ] } },
{ "type": "Feature", "properties": { "id": 607, "alert_type": "Deforestation/Fire" }, "geometry": { "type": "Point", "coordinates": [ 125.319922868735901, -8.732433045397457 ] } },
{ "type": "Feature", "properties": { "id": 608, "alert_type": "Deforestation/Fire" }, "geometry": { "type": "Point", "coordinates": [ 125.426822387546125, -8.732433045397457 ] } },
{ "type": "Feature", "properties": { "id": 609, "alert_type": "Deforestation/Fire" }, "geometry": { "type": "Point", "coordinates": [ 125.298722628030688, -8.732612708454282 ] } },
{ "type": "Feature", "properties": { "id": 610, "alert_type": "Deforestation/Fire" }, "geometry": { "type": "Point", "coordinates": [ 125.370408187703418, -8.732612708454282 ] } },
{ "type": "Feature", "properties": { "id": 611, "alert_type": "Deforestation/Fire" }, "geometry": { "type": "Point", "coordinates": [ 125.381187971112851, -8.732612708454282 ] } },
{ "type": "Feature", "properties": { "id": 612, "alert_type": "Deforestation/Fire" }, "geometry": { "type": "Point", "coordinates": [ 125.426822387546125, -8.732612708454282 ] } },
{ "type": "Feature", "properties": { "id": 613, "alert_type": "Deforestation/Fire" }, "geometry": { "type": "Point", "coordinates": [ 125.380828644999212, -8.732792371511104 ] } },
{ "type": "Feature", "properties": { "id": 614, "alert_type": "Deforestation/Fire" }, "geometry": { "type": "Point", "coordinates": [ 125.381367634169678, -8.732972034567929 ] } },
{ "type": "Feature", "properties": { "id": 615, "alert_type": "Deforestation/Fire" }, "geometry": { "type": "Point", "coordinates": [ 125.381187971112851, -8.733151697624752 ] } },
{ "type": "Feature", "properties": { "id": 616, "alert_type": "Deforestation/Fire" }, "geometry": { "type": "Point", "coordinates": [ 125.381547297226504, -8.733151697624752 ] } },
{ "type": "Feature", "properties": { "id": 617, "alert_type": "Deforestation/Fire" }, "geometry": { "type": "Point", "coordinates": [ 125.381547297226504, -8.733331360681577 ] } },
{ "type": "Feature", "properties": { "id": 618, "alert_type": "Deforestation/Fire" }, "geometry": { "type": "Point", "coordinates": [ 125.470121184240696, -8.733331360681577 ] } },
{ "type": "Feature", "properties": { "id": 619, "alert_type": "Deforestation/Fire" }, "geometry": { "type": "Point", "coordinates": [ 125.236738873426432, -8.7335110237384 ] } },
{ "type": "Feature", "properties": { "id": 620, "alert_type": "Deforestation/Fire" }, "geometry": { "type": "Point", "coordinates": [ 125.260454396927187, -8.7335110237384 ] } },
{ "type": "Feature", "properties": { "id": 621, "alert_type": "Deforestation/Fire" }, "geometry": { "type": "Point", "coordinates": [ 125.252189896313297, -8.733690686795224 ] } },
{ "type": "Feature", "properties": { "id": 622, "alert_type": "Deforestation/Fire" }, "geometry": { "type": "Point", "coordinates": [ 125.260454396927187, -8.733690686795224 ] } },
{ "type": "Feature", "properties": { "id": 623, "alert_type": "Deforestation/Fire" }, "geometry": { "type": "Point", "coordinates": [ 125.43131396396673, -8.733690686795224 ] } },
{ "type": "Feature", "properties": { "id": 624, "alert_type": "Deforestation/Fire" }, "geometry": { "type": "Point", "coordinates": [ 125.245722026267629, -8.733870349852049 ] } },
{ "type": "Feature", "properties": { "id": 625, "alert_type": "Deforestation/Fire" }, "geometry": { "type": "Point", "coordinates": [ 125.362682676259993, -8.733870349852049 ] } },
{ "type": "Feature", "properties": { "id": 626, "alert_type": "Deforestation/Fire" }, "geometry": { "type": "Point", "coordinates": [ 125.240511797619746, -8.73440933902252 ] } },
{ "type": "Feature", "properties": { "id": 627, "alert_type": "Deforestation/Fire" }, "geometry": { "type": "Point", "coordinates": [ 125.241589775960691, -8.73440933902252 ] } },
{ "type": "Feature", "properties": { "id": 628, "alert_type": "Deforestation/Fire" }, "geometry": { "type": "Point", "coordinates": [ 125.362682676259993, -8.73440933902252 ] } },
{ "type": "Feature", "properties": { "id": 629, "alert_type": "Deforestation/Fire" }, "geometry": { "type": "Point", "coordinates": [ 125.240871123733385, -8.734589002079344 ] } },
{ "type": "Feature", "properties": { "id": 630, "alert_type": "Deforestation/Fire" }, "geometry": { "type": "Point", "coordinates": [ 125.241050786790211, -8.734589002079344 ] } },
{ "type": "Feature", "properties": { "id": 631, "alert_type": "Deforestation/Fire" }, "geometry": { "type": "Point", "coordinates": [ 125.241230449847038, -8.734589002079344 ] } },
{ "type": "Feature", "properties": { "id": 632, "alert_type": "Deforestation/Fire" }, "geometry": { "type": "Point", "coordinates": [ 125.241410112903864, -8.734589002079344 ] } },
{ "type": "Feature", "properties": { "id": 633, "alert_type": "Deforestation/Fire" }, "geometry": { "type": "Point", "coordinates": [ 125.241769439017503, -8.734589002079344 ] } },
{ "type": "Feature", "properties": { "id": 634, "alert_type": "Deforestation/Fire" }, "geometry": { "type": "Point", "coordinates": [ 125.253088211597415, -8.734589002079344 ] } },
{ "type": "Feature", "properties": { "id": 635, "alert_type": "Deforestation/Fire" }, "geometry": { "type": "Point", "coordinates": [ 125.240871123733385, -8.734768665136167 ] } },
{ "type": "Feature", "properties": { "id": 636, "alert_type": "Deforestation/Fire" }, "geometry": { "type": "Point", "coordinates": [ 125.252369559370123, -8.734768665136167 ] } },
{ "type": "Feature", "properties": { "id": 637, "alert_type": "Deforestation/Fire" }, "geometry": { "type": "Point", "coordinates": [ 125.253088211597415, -8.734768665136167 ] } },
{ "type": "Feature", "properties": { "id": 638, "alert_type": "Deforestation/Fire" }, "geometry": { "type": "Point", "coordinates": [ 125.381008308056039, -8.734768665136167 ] } },
{ "type": "Feature", "properties": { "id": 639, "alert_type": "Deforestation/Fire" }, "geometry": { "type": "Point", "coordinates": [ 125.410473049375156, -8.734768665136167 ] } },
{ "type": "Feature", "properties": { "id": 640, "alert_type": "Deforestation/Fire" }, "geometry": { "type": "Point", "coordinates": [ 125.239254156221975, -8.734948328192992 ] } },
{ "type": "Feature", "properties": { "id": 641, "alert_type": "Deforestation/Fire" }, "geometry": { "type": "Point", "coordinates": [ 125.23979314539244, -8.734948328192992 ] } },
{ "type": "Feature", "properties": { "id": 642, "alert_type": "Deforestation/Fire" }, "geometry": { "type": "Point", "coordinates": [ 125.240871123733385, -8.734948328192992 ] } },
{ "type": "Feature", "properties": { "id": 643, "alert_type": "Deforestation/Fire" }, "geometry": { "type": "Point", "coordinates": [ 125.241050786790211, -8.734948328192992 ] } },
{ "type": "Feature", "properties": { "id": 644, "alert_type": "Deforestation/Fire" }, "geometry": { "type": "Point", "coordinates": [ 125.252549222426936, -8.734948328192992 ] } },
{ "type": "Feature", "properties": { "id": 645, "alert_type": "Deforestation/Fire" }, "geometry": { "type": "Point", "coordinates": [ 125.446225997683115, -8.734948328192992 ] } },
{ "type": "Feature", "properties": { "id": 646, "alert_type": "Deforestation/Fire" }, "geometry": { "type": "Point", "coordinates": [ 125.239074493165148, -8.735127991249815 ] } },
{ "type": "Feature", "properties": { "id": 647, "alert_type": "Deforestation/Fire" }, "geometry": { "type": "Point", "coordinates": [ 125.239254156221975, -8.735127991249815 ] } },
{ "type": "Feature", "properties": { "id": 648, "alert_type": "Deforestation/Fire" }, "geometry": { "type": "Point", "coordinates": [ 125.239433819278801, -8.735127991249815 ] } },
{ "type": "Feature", "properties": { "id": 649, "alert_type": "Deforestation/Fire" }, "geometry": { "type": "Point", "coordinates": [ 125.23979314539244, -8.735127991249815 ] } },
{ "type": "Feature", "properties": { "id": 650, "alert_type": "Deforestation/Fire" }, "geometry": { "type": "Point", "coordinates": [ 125.239972808449266, -8.735127991249815 ] } },
{ "type": "Feature", "properties": { "id": 651, "alert_type": "Deforestation/Fire" }, "geometry": { "type": "Point", "coordinates": [ 125.240152471506093, -8.735127991249815 ] } },
{ "type": "Feature", "properties": { "id": 652, "alert_type": "Deforestation/Fire" }, "geometry": { "type": "Point", "coordinates": [ 125.240332134562919, -8.735127991249815 ] } },
{ "type": "Feature", "properties": { "id": 653, "alert_type": "Deforestation/Fire" }, "geometry": { "type": "Point", "coordinates": [ 125.252549222426936, -8.735127991249815 ] } },
{ "type": "Feature", "properties": { "id": 654, "alert_type": "Deforestation/Fire" }, "geometry": { "type": "Point", "coordinates": [ 125.380828644999212, -8.735127991249815 ] } },
{ "type": "Feature", "properties": { "id": 655, "alert_type": "Deforestation/Fire" }, "geometry": { "type": "Point", "coordinates": [ 125.233684601460439, -8.73530765430664 ] } },
{ "type": "Feature", "properties": { "id": 656, "alert_type": "Deforestation/Fire" }, "geometry": { "type": "Point", "coordinates": [ 125.240511797619746, -8.73530765430664 ] } },
{ "type": "Feature", "properties": { "id": 657, "alert_type": "Deforestation/Fire" }, "geometry": { "type": "Point", "coordinates": [ 125.252908548540589, -8.73530765430664 ] } },
{ "type": "Feature", "properties": { "id": 658, "alert_type": "Deforestation/Fire" }, "geometry": { "type": "Point", "coordinates": [ 125.30321420445128, -8.73530765430664 ] } },
{ "type": "Feature", "properties": { "id": 659, "alert_type": "Deforestation/Fire" }, "geometry": { "type": "Point", "coordinates": [ 125.423049463352825, -8.73530765430664 ] } },
{ "type": "Feature", "properties": { "id": 660, "alert_type": "Deforestation/Fire" }, "geometry": { "type": "Point", "coordinates": [ 125.41029338631833, -8.735666980420287 ] } },
{ "type": "Feature", "properties": { "id": 661, "alert_type": "Deforestation/Fire" }, "geometry": { "type": "Point", "coordinates": [ 125.230450666437605, -8.735846643477112 ] } },
{ "type": "Feature", "properties": { "id": 662, "alert_type": "Deforestation/Fire" }, "geometry": { "type": "Point", "coordinates": [ 125.343818055293482, -8.736026306533935 ] } },
{ "type": "Feature", "properties": { "id": 663, "alert_type": "Deforestation/Fire" }, "geometry": { "type": "Point", "coordinates": [ 125.230630329494431, -8.73620596959076 ] } },
{ "type": "Feature", "properties": { "id": 664, "alert_type": "Deforestation/Fire" }, "geometry": { "type": "Point", "coordinates": [ 125.230809992551244, -8.73620596959076 ] } },
{ "type": "Feature", "properties": { "id": 665, "alert_type": "Deforestation/Fire" }, "geometry": { "type": "Point", "coordinates": [ 125.372025155214843, -8.73620596959076 ] } },
{ "type": "Feature", "properties": { "id": 666, "alert_type": "Deforestation/Fire" }, "geometry": { "type": "Point", "coordinates": [ 125.346153675032198, -8.736565295704407 ] } },
{ "type": "Feature", "properties": { "id": 667, "alert_type": "Deforestation/Fire" }, "geometry": { "type": "Point", "coordinates": [ 125.475331412888579, -8.736565295704407 ] } },
{ "type": "Feature", "properties": { "id": 668, "alert_type": "Deforestation/Fire" }, "geometry": { "type": "Point", "coordinates": [ 125.343279066123017, -8.73674495876123 ] } },
{ "type": "Feature", "properties": { "id": 669, "alert_type": "Deforestation/Fire" }, "geometry": { "type": "Point", "coordinates": [ 125.230630329494431, -8.736924621818055 ] } },
{ "type": "Feature", "properties": { "id": 670, "alert_type": "Deforestation/Fire" }, "geometry": { "type": "Point", "coordinates": [ 125.430954637853077, -8.736924621818055 ] } },
{ "type": "Feature", "properties": { "id": 671, "alert_type": "Deforestation/Fire" }, "geometry": { "type": "Point", "coordinates": [ 125.229013361983007, -8.737283947931703 ] } },
{ "type": "Feature", "properties": { "id": 672, "alert_type": "Deforestation/Fire" }, "geometry": { "type": "Point", "coordinates": [ 125.302136226110335, -8.737283947931703 ] } },
{ "type": "Feature", "properties": { "id": 673, "alert_type": "Deforestation/Fire" }, "geometry": { "type": "Point", "coordinates": [ 125.381187971112851, -8.737283947931703 ] } },
{ "type": "Feature", "properties": { "id": 674, "alert_type": "Deforestation/Fire" }, "geometry": { "type": "Point", "coordinates": [ 125.228833698926181, -8.737463610988526 ] } },
{ "type": "Feature", "properties": { "id": 675, "alert_type": "Deforestation/Fire" }, "geometry": { "type": "Point", "coordinates": [ 125.407059451295495, -8.737463610988526 ] } },
{ "type": "Feature", "properties": { "id": 676, "alert_type": "Deforestation/Fire" }, "geometry": { "type": "Point", "coordinates": [ 125.43077497479625, -8.737463610988526 ] } },
{ "type": "Feature", "properties": { "id": 677, "alert_type": "Deforestation/Fire" }, "geometry": { "type": "Point", "coordinates": [ 125.22937268809666, -8.73764327404535 ] } },
{ "type": "Feature", "properties": { "id": 678, "alert_type": "Deforestation/Fire" }, "geometry": { "type": "Point", "coordinates": [ 125.303573530564933, -8.737822937102175 ] } },
{ "type": "Feature", "properties": { "id": 679, "alert_type": "Deforestation/Fire" }, "geometry": { "type": "Point", "coordinates": [ 125.303753193621759, -8.737822937102175 ] } },
{ "type": "Feature", "properties": { "id": 680, "alert_type": "Deforestation/Fire" }, "geometry": { "type": "Point", "coordinates": [ 125.372025155214843, -8.737822937102175 ] } },
{ "type": "Feature", "properties": { "id": 681, "alert_type": "Deforestation/Fire" }, "geometry": { "type": "Point", "coordinates": [ 125.250932254915526, -8.738002600158998 ] } },
{ "type": "Feature", "properties": { "id": 682, "alert_type": "Deforestation/Fire" }, "geometry": { "type": "Point", "coordinates": [ 125.372204818271669, -8.738002600158998 ] } },
{ "type": "Feature", "properties": { "id": 683, "alert_type": "Deforestation/Fire" }, "geometry": { "type": "Point", "coordinates": [ 125.391428765351819, -8.738002600158998 ] } },
{ "type": "Feature", "properties": { "id": 684, "alert_type": "Deforestation/Fire" }, "geometry": { "type": "Point", "coordinates": [ 125.372384481328481, -8.738182263215823 ] } },
{ "type": "Feature", "properties": { "id": 685, "alert_type": "Deforestation/Fire" }, "geometry": { "type": "Point", "coordinates": [ 125.429876659512132, -8.738182263215823 ] } },
{ "type": "Feature", "properties": { "id": 686, "alert_type": "Deforestation/Fire" }, "geometry": { "type": "Point", "coordinates": [ 125.25039326574506, -8.738361926272646 ] } },
{ "type": "Feature", "properties": { "id": 687, "alert_type": "Deforestation/Fire" }, "geometry": { "type": "Point", "coordinates": [ 125.345435022804907, -8.738361926272646 ] } },
{ "type": "Feature", "properties": { "id": 688, "alert_type": "Deforestation/Fire" }, "geometry": { "type": "Point", "coordinates": [ 125.372384481328481, -8.738361926272646 ] } },
{ "type": "Feature", "properties": { "id": 689, "alert_type": "Deforestation/Fire" }, "geometry": { "type": "Point", "coordinates": [ 125.319383879565436, -8.73854158932947 ] } },
{ "type": "Feature", "properties": { "id": 690, "alert_type": "Deforestation/Fire" }, "geometry": { "type": "Point", "coordinates": [ 125.319563542622262, -8.73854158932947 ] } },
{ "type": "Feature", "properties": { "id": 691, "alert_type": "Deforestation/Fire" }, "geometry": { "type": "Point", "coordinates": [ 125.449100606592296, -8.73854158932947 ] } },
{ "type": "Feature", "properties": { "id": 692, "alert_type": "Deforestation/Fire" }, "geometry": { "type": "Point", "coordinates": [ 125.435805540387321, -8.738721252386293 ] } },
{ "type": "Feature", "properties": { "id": 693, "alert_type": "Deforestation/Fire" }, "geometry": { "type": "Point", "coordinates": [ 125.455748139694776, -8.738721252386293 ] } },
{ "type": "Feature", "properties": { "id": 694, "alert_type": "Deforestation/Fire" }, "geometry": { "type": "Point", "coordinates": [ 125.249854276574581, -8.738900915443118 ] } },
{ "type": "Feature", "properties": { "id": 695, "alert_type": "Deforestation/Fire" }, "geometry": { "type": "Point", "coordinates": [ 125.363401328487285, -8.738900915443118 ] } },
{ "type": "Feature", "properties": { "id": 696, "alert_type": "Deforestation/Fire" }, "geometry": { "type": "Point", "coordinates": [ 125.424846093921062, -8.738900915443118 ] } },
{ "type": "Feature", "properties": { "id": 697, "alert_type": "Deforestation/Fire" }, "geometry": { "type": "Point", "coordinates": [ 125.249494950460942, -8.739080578499941 ] } },
{ "type": "Feature", "properties": { "id": 698, "alert_type": "Deforestation/Fire" }, "geometry": { "type": "Point", "coordinates": [ 125.251471244086005, -8.739260241556766 ] } },
{ "type": "Feature", "properties": { "id": 699, "alert_type": "Deforestation/Fire" }, "geometry": { "type": "Point", "coordinates": [ 125.251650907142817, -8.739260241556766 ] } },
{ "type": "Feature", "properties": { "id": 700, "alert_type": "Deforestation/Fire" }, "geometry": { "type": "Point", "coordinates": [ 125.398435624567952, -8.739260241556766 ] } },
{ "type": "Feature", "properties": { "id": 701, "alert_type": "Deforestation/Fire" }, "geometry": { "type": "Point", "coordinates": [ 125.215718295778046, -8.739439904613588 ] } },
{ "type": "Feature", "properties": { "id": 702, "alert_type": "Deforestation/Fire" }, "geometry": { "type": "Point", "coordinates": [ 125.249854276574581, -8.739439904613588 ] } },
{ "type": "Feature", "properties": { "id": 703, "alert_type": "Deforestation/Fire" }, "geometry": { "type": "Point", "coordinates": [ 125.251650907142817, -8.739439904613588 ] } },
{ "type": "Feature", "properties": { "id": 704, "alert_type": "Deforestation/Fire" }, "geometry": { "type": "Point", "coordinates": [ 125.251830570199644, -8.739439904613588 ] } },
{ "type": "Feature", "properties": { "id": 705, "alert_type": "Deforestation/Fire" }, "geometry": { "type": "Point", "coordinates": [ 125.25201023325647, -8.739439904613588 ] } },
{ "type": "Feature", "properties": { "id": 706, "alert_type": "Deforestation/Fire" }, "geometry": { "type": "Point", "coordinates": [ 125.249854276574581, -8.739619567670413 ] } },
{ "type": "Feature", "properties": { "id": 707, "alert_type": "Deforestation/Fire" }, "geometry": { "type": "Point", "coordinates": [ 125.250033939631408, -8.739619567670413 ] } },
{ "type": "Feature", "properties": { "id": 708, "alert_type": "Deforestation/Fire" }, "geometry": { "type": "Point", "coordinates": [ 125.251830570199644, -8.739619567670413 ] } },
{ "type": "Feature", "properties": { "id": 709, "alert_type": "Deforestation/Fire" }, "geometry": { "type": "Point", "coordinates": [ 125.363760654600938, -8.739619567670413 ] } },
{ "type": "Feature", "properties": { "id": 710, "alert_type": "Deforestation/Fire" }, "geometry": { "type": "Point", "coordinates": [ 125.447663302137698, -8.739619567670413 ] } },
{ "type": "Feature", "properties": { "id": 711, "alert_type": "Deforestation/Fire" }, "geometry": { "type": "Point", "coordinates": [ 125.21553863272122, -8.739799230727238 ] } },
{ "type": "Feature", "properties": { "id": 712, "alert_type": "Deforestation/Fire" }, "geometry": { "type": "Point", "coordinates": [ 125.251650907142817, -8.739799230727238 ] } },
{ "type": "Feature", "properties": { "id": 713, "alert_type": "Deforestation/Fire" }, "geometry": { "type": "Point", "coordinates": [ 125.251830570199644, -8.739799230727238 ] } },
{ "type": "Feature", "properties": { "id": 714, "alert_type": "Deforestation/Fire" }, "geometry": { "type": "Point", "coordinates": [ 125.251650907142817, -8.739978893784061 ] } },
{ "type": "Feature", "properties": { "id": 715, "alert_type": "Deforestation/Fire" }, "geometry": { "type": "Point", "coordinates": [ 125.251830570199644, -8.739978893784061 ] } },
{ "type": "Feature", "properties": { "id": 716, "alert_type": "Deforestation/Fire" }, "geometry": { "type": "Point", "coordinates": [ 125.362323350146355, -8.739978893784061 ] } },
{ "type": "Feature", "properties": { "id": 717, "alert_type": "Deforestation/Fire" }, "geometry": { "type": "Point", "coordinates": [ 125.251650907142817, -8.740158556840885 ] } },
{ "type": "Feature", "properties": { "id": 718, "alert_type": "Deforestation/Fire" }, "geometry": { "type": "Point", "coordinates": [ 125.251830570199644, -8.740158556840885 ] } },
{ "type": "Feature", "properties": { "id": 719, "alert_type": "Deforestation/Fire" }, "geometry": { "type": "Point", "coordinates": [ 125.397177983170181, -8.740158556840885 ] } },
{ "type": "Feature", "properties": { "id": 720, "alert_type": "Deforestation/Fire" }, "geometry": { "type": "Point", "coordinates": [ 125.251111917972352, -8.740517882954533 ] } },
{ "type": "Feature", "properties": { "id": 721, "alert_type": "Deforestation/Fire" }, "geometry": { "type": "Point", "coordinates": [ 125.430056322568959, -8.740517882954533 ] } },
{ "type": "Feature", "properties": { "id": 722, "alert_type": "Deforestation/Fire" }, "geometry": { "type": "Point", "coordinates": [ 125.361964024032702, -8.740697546011356 ] } },
{ "type": "Feature", "properties": { "id": 723, "alert_type": "Deforestation/Fire" }, "geometry": { "type": "Point", "coordinates": [ 125.248057646006345, -8.741056872125004 ] } },
{ "type": "Feature", "properties": { "id": 724, "alert_type": "Deforestation/Fire" }, "geometry": { "type": "Point", "coordinates": [ 125.474073771490822, -8.741056872125004 ] } },
{ "type": "Feature", "properties": { "id": 725, "alert_type": "Deforestation/Fire" }, "geometry": { "type": "Point", "coordinates": [ 125.247698319892692, -8.741236535181828 ] } },
{ "type": "Feature", "properties": { "id": 726, "alert_type": "Deforestation/Fire" }, "geometry": { "type": "Point", "coordinates": [ 125.380648981942386, -8.741236535181828 ] } },
{ "type": "Feature", "properties": { "id": 727, "alert_type": "Deforestation/Fire" }, "geometry": { "type": "Point", "coordinates": [ 125.415683278023053, -8.741236535181828 ] } },
{ "type": "Feature", "properties": { "id": 728, "alert_type": "Deforestation/Fire" }, "geometry": { "type": "Point", "coordinates": [ 125.438141160126037, -8.741236535181828 ] } },
{ "type": "Feature", "properties": { "id": 729, "alert_type": "Deforestation/Fire" }, "geometry": { "type": "Point", "coordinates": [ 125.380828644999212, -8.741416198238653 ] } },
{ "type": "Feature", "properties": { "id": 730, "alert_type": "Deforestation/Fire" }, "geometry": { "type": "Point", "coordinates": [ 125.344357044463962, -8.741595861295476 ] } },
{ "type": "Feature", "properties": { "id": 731, "alert_type": "Deforestation/Fire" }, "geometry": { "type": "Point", "coordinates": [ 125.374540438010371, -8.741595861295476 ] } },
{ "type": "Feature", "properties": { "id": 732, "alert_type": "Deforestation/Fire" }, "geometry": { "type": "Point", "coordinates": [ 125.375438753294489, -8.741595861295476 ] } },
{ "type": "Feature", "properties": { "id": 733, "alert_type": "Deforestation/Fire" }, "geometry": { "type": "Point", "coordinates": [ 125.429876659512132, -8.741595861295476 ] } },
{ "type": "Feature", "properties": { "id": 734, "alert_type": "Deforestation/Fire" }, "geometry": { "type": "Point", "coordinates": [ 125.431134300909903, -8.741595861295476 ] } },
{ "type": "Feature", "properties": { "id": 735, "alert_type": "Deforestation/Fire" }, "geometry": { "type": "Point", "coordinates": [ 125.344536707520774, -8.741775524352301 ] } },
{ "type": "Feature", "properties": { "id": 736, "alert_type": "Deforestation/Fire" }, "geometry": { "type": "Point", "coordinates": [ 125.345435022804907, -8.741775524352301 ] } },
{ "type": "Feature", "properties": { "id": 737, "alert_type": "Deforestation/Fire" }, "geometry": { "type": "Point", "coordinates": [ 125.375618416351315, -8.741775524352301 ] } },
{ "type": "Feature", "properties": { "id": 738, "alert_type": "Deforestation/Fire" }, "geometry": { "type": "Point", "coordinates": [ 125.391967754522298, -8.741775524352301 ] } },
{ "type": "Feature", "properties": { "id": 739, "alert_type": "Deforestation/Fire" }, "geometry": { "type": "Point", "coordinates": [ 125.374720101067197, -8.741955187409124 ] } },
{ "type": "Feature", "properties": { "id": 740, "alert_type": "Deforestation/Fire" }, "geometry": { "type": "Point", "coordinates": [ 125.44892094353547, -8.741955187409124 ] } },
{ "type": "Feature", "properties": { "id": 741, "alert_type": "Deforestation/Fire" }, "geometry": { "type": "Point", "coordinates": [ 125.345435022804907, -8.742134850465948 ] } },
{ "type": "Feature", "properties": { "id": 742, "alert_type": "Deforestation/Fire" }, "geometry": { "type": "Point", "coordinates": [ 125.351004577566442, -8.742134850465948 ] } },
{ "type": "Feature", "properties": { "id": 743, "alert_type": "Deforestation/Fire" }, "geometry": { "type": "Point", "coordinates": [ 125.360526719578104, -8.742134850465948 ] } },
{ "type": "Feature", "properties": { "id": 744, "alert_type": "Deforestation/Fire" }, "geometry": { "type": "Point", "coordinates": [ 125.344716370577601, -8.742314513522771 ] } },
{ "type": "Feature", "properties": { "id": 745, "alert_type": "Deforestation/Fire" }, "geometry": { "type": "Point", "coordinates": [ 125.351004577566442, -8.742314513522771 ] } },
{ "type": "Feature", "properties": { "id": 746, "alert_type": "Deforestation/Fire" }, "geometry": { "type": "Point", "coordinates": [ 125.353340197305158, -8.742314513522771 ] } },
{ "type": "Feature", "properties": { "id": 747, "alert_type": "Deforestation/Fire" }, "geometry": { "type": "Point", "coordinates": [ 125.361425034862222, -8.742314513522771 ] } },
{ "type": "Feature", "properties": { "id": 748, "alert_type": "Deforestation/Fire" }, "geometry": { "type": "Point", "coordinates": [ 125.345614685861719, -8.742494176579596 ] } },
{ "type": "Feature", "properties": { "id": 749, "alert_type": "Deforestation/Fire" }, "geometry": { "type": "Point", "coordinates": [ 125.353160534248332, -8.742494176579596 ] } },
{ "type": "Feature", "properties": { "id": 750, "alert_type": "Deforestation/Fire" }, "geometry": { "type": "Point", "coordinates": [ 125.360886045691757, -8.742494176579596 ] } },
{ "type": "Feature", "properties": { "id": 751, "alert_type": "Deforestation/Fire" }, "geometry": { "type": "Point", "coordinates": [ 125.353160534248332, -8.742673839636419 ] } },
{ "type": "Feature", "properties": { "id": 752, "alert_type": "Deforestation/Fire" }, "geometry": { "type": "Point", "coordinates": [ 125.361425034862222, -8.742673839636419 ] } },
{ "type": "Feature", "properties": { "id": 753, "alert_type": "Deforestation/Fire" }, "geometry": { "type": "Point", "coordinates": [ 125.361604697919049, -8.742673839636419 ] } },
{ "type": "Feature", "properties": { "id": 754, "alert_type": "Deforestation/Fire" }, "geometry": { "type": "Point", "coordinates": [ 125.367533578794237, -8.742673839636419 ] } },
{ "type": "Feature", "properties": { "id": 755, "alert_type": "Deforestation/Fire" }, "geometry": { "type": "Point", "coordinates": [ 125.382086286396984, -8.742673839636419 ] } },
{ "type": "Feature", "properties": { "id": 756, "alert_type": "Deforestation/Fire" }, "geometry": { "type": "Point", "coordinates": [ 125.390710113124527, -8.742673839636419 ] } },
{ "type": "Feature", "properties": { "id": 757, "alert_type": "Deforestation/Fire" }, "geometry": { "type": "Point", "coordinates": [ 125.352441882021026, -8.742853502693244 ] } },
{ "type": "Feature", "properties": { "id": 758, "alert_type": "Deforestation/Fire" }, "geometry": { "type": "Point", "coordinates": [ 125.352980871191505, -8.742853502693244 ] } },
{ "type": "Feature", "properties": { "id": 759, "alert_type": "Deforestation/Fire" }, "geometry": { "type": "Point", "coordinates": [ 125.373821785783079, -8.743033165750067 ] } },
{ "type": "Feature", "properties": { "id": 760, "alert_type": "Deforestation/Fire" }, "geometry": { "type": "Point", "coordinates": [ 125.361065708748583, -8.743212828806891 ] } },
{ "type": "Feature", "properties": { "id": 761, "alert_type": "Deforestation/Fire" }, "geometry": { "type": "Point", "coordinates": [ 125.372204818271669, -8.743212828806891 ] } },
{ "type": "Feature", "properties": { "id": 762, "alert_type": "Deforestation/Fire" }, "geometry": { "type": "Point", "coordinates": [ 125.372743807442134, -8.743212828806891 ] } },
{ "type": "Feature", "properties": { "id": 763, "alert_type": "Deforestation/Fire" }, "geometry": { "type": "Point", "coordinates": [ 125.375259090237662, -8.743212828806891 ] } },
{ "type": "Feature", "properties": { "id": 764, "alert_type": "Deforestation/Fire" }, "geometry": { "type": "Point", "coordinates": [ 125.382265949453796, -8.743212828806891 ] } },
{ "type": "Feature", "properties": { "id": 765, "alert_type": "Deforestation/Fire" }, "geometry": { "type": "Point", "coordinates": [ 125.310580389781066, -8.743392491863716 ] } },
{ "type": "Feature", "properties": { "id": 766, "alert_type": "Deforestation/Fire" }, "geometry": { "type": "Point", "coordinates": [ 125.448741280478643, -8.743392491863716 ] } },
{ "type": "Feature", "properties": { "id": 767, "alert_type": "Deforestation/Fire" }, "geometry": { "type": "Point", "coordinates": [ 125.364838632941883, -8.743572154920539 ] } },
{ "type": "Feature", "properties": { "id": 768, "alert_type": "Deforestation/Fire" }, "geometry": { "type": "Point", "coordinates": [ 125.447842965194525, -8.743572154920539 ] } },
{ "type": "Feature", "properties": { "id": 769, "alert_type": "Deforestation/Fire" }, "geometry": { "type": "Point", "coordinates": [ 125.246800004608573, -8.743751817977364 ] } },
{ "type": "Feature", "properties": { "id": 770, "alert_type": "Deforestation/Fire" }, "geometry": { "type": "Point", "coordinates": [ 125.2469796676654, -8.743751817977364 ] } },
{ "type": "Feature", "properties": { "id": 771, "alert_type": "Deforestation/Fire" }, "geometry": { "type": "Point", "coordinates": [ 125.353340197305158, -8.743751817977364 ] } },
{ "type": "Feature", "properties": { "id": 772, "alert_type": "Deforestation/Fire" }, "geometry": { "type": "Point", "coordinates": [ 125.36124537180541, -8.743751817977364 ] } },
{ "type": "Feature", "properties": { "id": 773, "alert_type": "Deforestation/Fire" }, "geometry": { "type": "Point", "coordinates": [ 125.365377622112348, -8.743751817977364 ] } },
{ "type": "Feature", "properties": { "id": 774, "alert_type": "Deforestation/Fire" }, "geometry": { "type": "Point", "coordinates": [ 125.365557285169174, -8.743751817977364 ] } },
{ "type": "Feature", "properties": { "id": 775, "alert_type": "Deforestation/Fire" }, "geometry": { "type": "Point", "coordinates": [ 125.227396394471597, -8.743931481034187 ] } },
{ "type": "Feature", "properties": { "id": 776, "alert_type": "Deforestation/Fire" }, "geometry": { "type": "Point", "coordinates": [ 125.326390738781569, -8.743931481034187 ] } },
{ "type": "Feature", "properties": { "id": 777, "alert_type": "Deforestation/Fire" }, "geometry": { "type": "Point", "coordinates": [ 125.326570401838396, -8.743931481034187 ] } },
{ "type": "Feature", "properties": { "id": 778, "alert_type": "Deforestation/Fire" }, "geometry": { "type": "Point", "coordinates": [ 125.32764838017934, -8.743931481034187 ] } },
{ "type": "Feature", "properties": { "id": 779, "alert_type": "Deforestation/Fire" }, "geometry": { "type": "Point", "coordinates": [ 125.364299643771417, -8.743931481034187 ] } },
{ "type": "Feature", "properties": { "id": 780, "alert_type": "Deforestation/Fire" }, "geometry": { "type": "Point", "coordinates": [ 125.364658969885056, -8.743931481034187 ] } },
{ "type": "Feature", "properties": { "id": 781, "alert_type": "Deforestation/Fire" }, "geometry": { "type": "Point", "coordinates": [ 125.364838632941883, -8.743931481034187 ] } },
{ "type": "Feature", "properties": { "id": 782, "alert_type": "Deforestation/Fire" }, "geometry": { "type": "Point", "coordinates": [ 125.372025155214843, -8.743931481034187 ] } },
{ "type": "Feature", "properties": { "id": 783, "alert_type": "Deforestation/Fire" }, "geometry": { "type": "Point", "coordinates": [ 125.389452471726756, -8.743931481034187 ] } },
{ "type": "Feature", "properties": { "id": 784, "alert_type": "Deforestation/Fire" }, "geometry": { "type": "Point", "coordinates": [ 125.414066310511629, -8.743931481034187 ] } },
{ "type": "Feature", "properties": { "id": 785, "alert_type": "Deforestation/Fire" }, "geometry": { "type": "Point", "coordinates": [ 125.227216731414771, -8.744111144091011 ] } },
{ "type": "Feature", "properties": { "id": 786, "alert_type": "Deforestation/Fire" }, "geometry": { "type": "Point", "coordinates": [ 125.375259090237662, -8.744111144091011 ] } },
{ "type": "Feature", "properties": { "id": 787, "alert_type": "Deforestation/Fire" }, "geometry": { "type": "Point", "coordinates": [ 125.411191701602448, -8.744111144091011 ] } },
{ "type": "Feature", "properties": { "id": 788, "alert_type": "Deforestation/Fire" }, "geometry": { "type": "Point", "coordinates": [ 125.304112519735398, -8.744290807147834 ] } },
{ "type": "Feature", "properties": { "id": 789, "alert_type": "Deforestation/Fire" }, "geometry": { "type": "Point", "coordinates": [ 125.328187369349806, -8.744290807147834 ] } },
{ "type": "Feature", "properties": { "id": 790, "alert_type": "Deforestation/Fire" }, "geometry": { "type": "Point", "coordinates": [ 125.352980871191505, -8.744290807147834 ] } },
{ "type": "Feature", "properties": { "id": 791, "alert_type": "Deforestation/Fire" }, "geometry": { "type": "Point", "coordinates": [ 125.363760654600938, -8.744290807147834 ] } },
{ "type": "Feature", "properties": { "id": 792, "alert_type": "Deforestation/Fire" }, "geometry": { "type": "Point", "coordinates": [ 125.219491219971346, -8.744470470204659 ] } },
{ "type": "Feature", "properties": { "id": 793, "alert_type": "Deforestation/Fire" }, "geometry": { "type": "Point", "coordinates": [ 125.363401328487285, -8.744470470204659 ] } },
{ "type": "Feature", "properties": { "id": 794, "alert_type": "Deforestation/Fire" }, "geometry": { "type": "Point", "coordinates": [ 125.407957766579614, -8.744470470204659 ] } },
{ "type": "Feature", "properties": { "id": 795, "alert_type": "Deforestation/Fire" }, "geometry": { "type": "Point", "coordinates": [ 125.219491219971346, -8.744650133261482 ] } },
{ "type": "Feature", "properties": { "id": 796, "alert_type": "Deforestation/Fire" }, "geometry": { "type": "Point", "coordinates": [ 125.373103133555787, -8.744650133261482 ] } },
{ "type": "Feature", "properties": { "id": 797, "alert_type": "Deforestation/Fire" }, "geometry": { "type": "Point", "coordinates": [ 125.427900365887069, -8.744650133261482 ] } },
{ "type": "Feature", "properties": { "id": 798, "alert_type": "Deforestation/Fire" }, "geometry": { "type": "Point", "coordinates": [ 125.349207946998206, -8.744829796318307 ] } },
{ "type": "Feature", "properties": { "id": 799, "alert_type": "Deforestation/Fire" }, "geometry": { "type": "Point", "coordinates": [ 125.38388291696522, -8.74500945937513 ] } },
{ "type": "Feature", "properties": { "id": 800, "alert_type": "Deforestation/Fire" }, "geometry": { "type": "Point", "coordinates": [ 125.429876659512132, -8.74500945937513 ] } },
{ "type": "Feature", "properties": { "id": 801, "alert_type": "Deforestation/Fire" }, "geometry": { "type": "Point", "coordinates": [ 125.363221665430473, -8.745189122431954 ] } },
{ "type": "Feature", "properties": { "id": 802, "alert_type": "Deforestation/Fire" }, "geometry": { "type": "Point", "coordinates": [ 125.373103133555787, -8.745189122431954 ] } },
{ "type": "Feature", "properties": { "id": 803, "alert_type": "Deforestation/Fire" }, "geometry": { "type": "Point", "coordinates": [ 125.431493627023556, -8.745189122431954 ] } },
{ "type": "Feature", "properties": { "id": 804, "alert_type": "Deforestation/Fire" }, "geometry": { "type": "Point", "coordinates": [ 125.349746936168671, -8.745368785488779 ] } },
{ "type": "Feature", "properties": { "id": 805, "alert_type": "Deforestation/Fire" }, "geometry": { "type": "Point", "coordinates": [ 125.373103133555787, -8.745368785488779 ] } },
{ "type": "Feature", "properties": { "id": 806, "alert_type": "Deforestation/Fire" }, "geometry": { "type": "Point", "coordinates": [ 125.3732827966126, -8.745368785488779 ] } },
{ "type": "Feature", "properties": { "id": 807, "alert_type": "Deforestation/Fire" }, "geometry": { "type": "Point", "coordinates": [ 125.374899764124024, -8.745368785488779 ] } },
{ "type": "Feature", "properties": { "id": 808, "alert_type": "Deforestation/Fire" }, "geometry": { "type": "Point", "coordinates": [ 125.384062580022047, -8.745368785488779 ] } },
{ "type": "Feature", "properties": { "id": 809, "alert_type": "Deforestation/Fire" }, "geometry": { "type": "Point", "coordinates": [ 125.428439355057549, -8.745368785488779 ] } },
{ "type": "Feature", "properties": { "id": 810, "alert_type": "Deforestation/Fire" }, "geometry": { "type": "Point", "coordinates": [ 125.36286233931682, -8.745548448545602 ] } },
{ "type": "Feature", "properties": { "id": 811, "alert_type": "Deforestation/Fire" }, "geometry": { "type": "Point", "coordinates": [ 125.464731292535973, -8.745548448545602 ] } },
{ "type": "Feature", "properties": { "id": 812, "alert_type": "Deforestation/Fire" }, "geometry": { "type": "Point", "coordinates": [ 125.22056919831229, -8.745728111602427 ] } },
{ "type": "Feature", "properties": { "id": 813, "alert_type": "Deforestation/Fire" }, "geometry": { "type": "Point", "coordinates": [ 125.374720101067197, -8.745728111602427 ] } },
{ "type": "Feature", "properties": { "id": 814, "alert_type": "Deforestation/Fire" }, "geometry": { "type": "Point", "coordinates": [ 125.427361376716604, -8.745728111602427 ] } },
{ "type": "Feature", "properties": { "id": 815, "alert_type": "Deforestation/Fire" }, "geometry": { "type": "Point", "coordinates": [ 125.217874252459922, -8.74590777465925 ] } },
{ "type": "Feature", "properties": { "id": 816, "alert_type": "Deforestation/Fire" }, "geometry": { "type": "Point", "coordinates": [ 125.218233578573575, -8.74590777465925 ] } },
{ "type": "Feature", "properties": { "id": 817, "alert_type": "Deforestation/Fire" }, "geometry": { "type": "Point", "coordinates": [ 125.219670883028172, -8.74590777465925 ] } },
{ "type": "Feature", "properties": { "id": 818, "alert_type": "Deforestation/Fire" }, "geometry": { "type": "Point", "coordinates": [ 125.219850546084984, -8.74590777465925 ] } },
{ "type": "Feature", "properties": { "id": 819, "alert_type": "Deforestation/Fire" }, "geometry": { "type": "Point", "coordinates": [ 125.220389535255464, -8.74590777465925 ] } },
{ "type": "Feature", "properties": { "id": 820, "alert_type": "Deforestation/Fire" }, "geometry": { "type": "Point", "coordinates": [ 125.22056919831229, -8.74590777465925 ] } },
{ "type": "Feature", "properties": { "id": 821, "alert_type": "Deforestation/Fire" }, "geometry": { "type": "Point", "coordinates": [ 125.248416972119998, -8.74590777465925 ] } },
{ "type": "Feature", "properties": { "id": 822, "alert_type": "Deforestation/Fire" }, "geometry": { "type": "Point", "coordinates": [ 125.24859663517681, -8.74590777465925 ] } },
{ "type": "Feature", "properties": { "id": 823, "alert_type": "Deforestation/Fire" }, "geometry": { "type": "Point", "coordinates": [ 125.303573530564933, -8.74590777465925 ] } },
{ "type": "Feature", "properties": { "id": 824, "alert_type": "Deforestation/Fire" }, "geometry": { "type": "Point", "coordinates": [ 125.217874252459922, -8.746087437716074 ] } },
{ "type": "Feature", "properties": { "id": 825, "alert_type": "Deforestation/Fire" }, "geometry": { "type": "Point", "coordinates": [ 125.218233578573575, -8.746087437716074 ] } },
{ "type": "Feature", "properties": { "id": 826, "alert_type": "Deforestation/Fire" }, "geometry": { "type": "Point", "coordinates": [ 125.219850546084984, -8.746087437716074 ] } },
{ "type": "Feature", "properties": { "id": 827, "alert_type": "Deforestation/Fire" }, "geometry": { "type": "Point", "coordinates": [ 125.220030209141811, -8.746087437716074 ] } },
{ "type": "Feature", "properties": { "id": 828, "alert_type": "Deforestation/Fire" }, "geometry": { "type": "Point", "coordinates": [ 125.220748861369117, -8.746087437716074 ] } },
{ "type": "Feature", "properties": { "id": 829, "alert_type": "Deforestation/Fire" }, "geometry": { "type": "Point", "coordinates": [ 125.308065106985524, -8.746087437716074 ] } },
{ "type": "Feature", "properties": { "id": 830, "alert_type": "Deforestation/Fire" }, "geometry": { "type": "Point", "coordinates": [ 125.350645251452789, -8.746087437716074 ] } },
{ "type": "Feature", "properties": { "id": 831, "alert_type": "Deforestation/Fire" }, "geometry": { "type": "Point", "coordinates": [ 125.218952230800866, -8.746267100772897 ] } },
{ "type": "Feature", "properties": { "id": 832, "alert_type": "Deforestation/Fire" }, "geometry": { "type": "Point", "coordinates": [ 125.219131893857693, -8.746267100772897 ] } },
{ "type": "Feature", "properties": { "id": 833, "alert_type": "Deforestation/Fire" }, "geometry": { "type": "Point", "coordinates": [ 125.219491219971346, -8.746267100772897 ] } },
{ "type": "Feature", "properties": { "id": 834, "alert_type": "Deforestation/Fire" }, "geometry": { "type": "Point", "coordinates": [ 125.219850546084984, -8.746267100772897 ] } },
{ "type": "Feature", "properties": { "id": 835, "alert_type": "Deforestation/Fire" }, "geometry": { "type": "Point", "coordinates": [ 125.346513001145837, -8.746267100772897 ] } },
{ "type": "Feature", "properties": { "id": 836, "alert_type": "Deforestation/Fire" }, "geometry": { "type": "Point", "coordinates": [ 125.349207946998206, -8.746267100772897 ] } },
{ "type": "Feature", "properties": { "id": 837, "alert_type": "Deforestation/Fire" }, "geometry": { "type": "Point", "coordinates": [ 125.349387610055032, -8.746267100772897 ] } },
{ "type": "Feature", "properties": { "id": 838, "alert_type": "Deforestation/Fire" }, "geometry": { "type": "Point", "coordinates": [ 125.349926599225498, -8.746267100772897 ] } },
{ "type": "Feature", "properties": { "id": 839, "alert_type": "Deforestation/Fire" }, "geometry": { "type": "Point", "coordinates": [ 125.350106262282324, -8.746267100772897 ] } },
{ "type": "Feature", "properties": { "id": 840, "alert_type": "Deforestation/Fire" }, "geometry": { "type": "Point", "coordinates": [ 125.219850546084984, -8.746446763829722 ] } },
{ "type": "Feature", "properties": { "id": 841, "alert_type": "Deforestation/Fire" }, "geometry": { "type": "Point", "coordinates": [ 125.350106262282324, -8.746446763829722 ] } },
{ "type": "Feature", "properties": { "id": 842, "alert_type": "Deforestation/Fire" }, "geometry": { "type": "Point", "coordinates": [ 125.219131893857693, -8.746626426886545 ] } },
{ "type": "Feature", "properties": { "id": 843, "alert_type": "Deforestation/Fire" }, "geometry": { "type": "Point", "coordinates": [ 125.324055119042853, -8.746626426886545 ] } },
{ "type": "Feature", "properties": { "id": 844, "alert_type": "Deforestation/Fire" }, "geometry": { "type": "Point", "coordinates": [ 125.30662780253094, -8.746806089943369 ] } },
{ "type": "Feature", "properties": { "id": 845, "alert_type": "Deforestation/Fire" }, "geometry": { "type": "Point", "coordinates": [ 125.343997718350309, -8.746806089943369 ] } },
{ "type": "Feature", "properties": { "id": 846, "alert_type": "Deforestation/Fire" }, "geometry": { "type": "Point", "coordinates": [ 125.382086286396984, -8.746806089943369 ] } },
{ "type": "Feature", "properties": { "id": 847, "alert_type": "Deforestation/Fire" }, "geometry": { "type": "Point", "coordinates": [ 125.427181713659778, -8.746806089943369 ] } },
{ "type": "Feature", "properties": { "id": 848, "alert_type": "Deforestation/Fire" }, "geometry": { "type": "Point", "coordinates": [ 125.219491219971346, -8.746985753000192 ] } },
{ "type": "Feature", "properties": { "id": 849, "alert_type": "Deforestation/Fire" }, "geometry": { "type": "Point", "coordinates": [ 125.219850546084984, -8.746985753000192 ] } },
{ "type": "Feature", "properties": { "id": 850, "alert_type": "Deforestation/Fire" }, "geometry": { "type": "Point", "coordinates": [ 125.351004577566442, -8.746985753000192 ] } },
{ "type": "Feature", "properties": { "id": 851, "alert_type": "Deforestation/Fire" }, "geometry": { "type": "Point", "coordinates": [ 125.351184240623269, -8.746985753000192 ] } },
{ "type": "Feature", "properties": { "id": 852, "alert_type": "Deforestation/Fire" }, "geometry": { "type": "Point", "coordinates": [ 125.424307104750596, -8.746985753000192 ] } },
{ "type": "Feature", "properties": { "id": 853, "alert_type": "Deforestation/Fire" }, "geometry": { "type": "Point", "coordinates": [ 125.323695792929215, -8.747165416057017 ] } },
{ "type": "Feature", "properties": { "id": 854, "alert_type": "Deforestation/Fire" }, "geometry": { "type": "Point", "coordinates": [ 125.343279066123017, -8.747165416057017 ] } },
{ "type": "Feature", "properties": { "id": 855, "alert_type": "Deforestation/Fire" }, "geometry": { "type": "Point", "coordinates": [ 125.361065708748583, -8.747165416057017 ] } },
{ "type": "Feature", "properties": { "id": 856, "alert_type": "Deforestation/Fire" }, "geometry": { "type": "Point", "coordinates": [ 125.423408789466478, -8.747165416057017 ] } },
{ "type": "Feature", "properties": { "id": 857, "alert_type": "Deforestation/Fire" }, "geometry": { "type": "Point", "coordinates": [ 125.423947778636943, -8.747165416057017 ] } },
{ "type": "Feature", "properties": { "id": 858, "alert_type": "Deforestation/Fire" }, "geometry": { "type": "Point", "coordinates": [ 125.433110594534966, -8.747165416057017 ] } },
{ "type": "Feature", "properties": { "id": 859, "alert_type": "Deforestation/Fire" }, "geometry": { "type": "Point", "coordinates": [ 125.464551629479146, -8.747165416057017 ] } },
{ "type": "Feature", "properties": { "id": 860, "alert_type": "Deforestation/Fire" }, "geometry": { "type": "Point", "coordinates": [ 125.217874252459922, -8.747345079113842 ] } },
{ "type": "Feature", "properties": { "id": 861, "alert_type": "Deforestation/Fire" }, "geometry": { "type": "Point", "coordinates": [ 125.347051990316317, -8.747345079113842 ] } },
{ "type": "Feature", "properties": { "id": 862, "alert_type": "Deforestation/Fire" }, "geometry": { "type": "Point", "coordinates": [ 125.349746936168671, -8.747345079113842 ] } },
{ "type": "Feature", "properties": { "id": 863, "alert_type": "Deforestation/Fire" }, "geometry": { "type": "Point", "coordinates": [ 125.350824914509616, -8.747345079113842 ] } },
{ "type": "Feature", "properties": { "id": 864, "alert_type": "Deforestation/Fire" }, "geometry": { "type": "Point", "coordinates": [ 125.351184240623269, -8.747345079113842 ] } },
{ "type": "Feature", "properties": { "id": 865, "alert_type": "Deforestation/Fire" }, "geometry": { "type": "Point", "coordinates": [ 125.351543566736908, -8.747345079113842 ] } },
{ "type": "Feature", "properties": { "id": 866, "alert_type": "Deforestation/Fire" }, "geometry": { "type": "Point", "coordinates": [ 125.464012640308681, -8.747345079113842 ] } },
{ "type": "Feature", "properties": { "id": 867, "alert_type": "Deforestation/Fire" }, "geometry": { "type": "Point", "coordinates": [ 125.324055119042853, -8.747524742170665 ] } },
{ "type": "Feature", "properties": { "id": 868, "alert_type": "Deforestation/Fire" }, "geometry": { "type": "Point", "coordinates": [ 125.324594108213333, -8.747524742170665 ] } },
{ "type": "Feature", "properties": { "id": 869, "alert_type": "Deforestation/Fire" }, "geometry": { "type": "Point", "coordinates": [ 125.343458729179844, -8.747524742170665 ] } },
{ "type": "Feature", "properties": { "id": 870, "alert_type": "Deforestation/Fire" }, "geometry": { "type": "Point", "coordinates": [ 125.351184240623269, -8.747524742170665 ] } },
{ "type": "Feature", "properties": { "id": 871, "alert_type": "Deforestation/Fire" }, "geometry": { "type": "Point", "coordinates": [ 125.370408187703418, -8.747524742170665 ] } },
{ "type": "Feature", "properties": { "id": 872, "alert_type": "Deforestation/Fire" }, "geometry": { "type": "Point", "coordinates": [ 125.37669639469226, -8.747524742170665 ] } },
{ "type": "Feature", "properties": { "id": 873, "alert_type": "Deforestation/Fire" }, "geometry": { "type": "Point", "coordinates": [ 125.252189896313297, -8.747704405227489 ] } },
{ "type": "Feature", "properties": { "id": 874, "alert_type": "Deforestation/Fire" }, "geometry": { "type": "Point", "coordinates": [ 125.342919740009364, -8.747704405227489 ] } },
{ "type": "Feature", "properties": { "id": 875, "alert_type": "Deforestation/Fire" }, "geometry": { "type": "Point", "coordinates": [ 125.343638392236656, -8.747704405227489 ] } },
{ "type": "Feature", "properties": { "id": 876, "alert_type": "Deforestation/Fire" }, "geometry": { "type": "Point", "coordinates": [ 125.343818055293482, -8.747704405227489 ] } },
{ "type": "Feature", "properties": { "id": 877, "alert_type": "Deforestation/Fire" }, "geometry": { "type": "Point", "coordinates": [ 125.349746936168671, -8.747884068284312 ] } },
{ "type": "Feature", "properties": { "id": 878, "alert_type": "Deforestation/Fire" }, "geometry": { "type": "Point", "coordinates": [ 125.353699523418797, -8.747884068284312 ] } },
{ "type": "Feature", "properties": { "id": 879, "alert_type": "Deforestation/Fire" }, "geometry": { "type": "Point", "coordinates": [ 125.361425034862222, -8.747884068284312 ] } },
{ "type": "Feature", "properties": { "id": 880, "alert_type": "Deforestation/Fire" }, "geometry": { "type": "Point", "coordinates": [ 125.362143687089528, -8.747884068284312 ] } },
{ "type": "Feature", "properties": { "id": 881, "alert_type": "Deforestation/Fire" }, "geometry": { "type": "Point", "coordinates": [ 125.362323350146355, -8.747884068284312 ] } },
{ "type": "Feature", "properties": { "id": 882, "alert_type": "Deforestation/Fire" }, "geometry": { "type": "Point", "coordinates": [ 125.379750666658268, -8.747884068284312 ] } },
{ "type": "Feature", "properties": { "id": 883, "alert_type": "Deforestation/Fire" }, "geometry": { "type": "Point", "coordinates": [ 125.382804938624275, -8.747884068284312 ] } },
{ "type": "Feature", "properties": { "id": 884, "alert_type": "Deforestation/Fire" }, "geometry": { "type": "Point", "coordinates": [ 125.221287850539582, -8.748063731341137 ] } },
{ "type": "Feature", "properties": { "id": 885, "alert_type": "Deforestation/Fire" }, "geometry": { "type": "Point", "coordinates": [ 125.248955961290463, -8.748063731341137 ] } },
{ "type": "Feature", "properties": { "id": 886, "alert_type": "Deforestation/Fire" }, "geometry": { "type": "Point", "coordinates": [ 125.343458729179844, -8.748063731341137 ] } },
{ "type": "Feature", "properties": { "id": 887, "alert_type": "Deforestation/Fire" }, "geometry": { "type": "Point", "coordinates": [ 125.349746936168671, -8.748063731341137 ] } },
{ "type": "Feature", "properties": { "id": 888, "alert_type": "Deforestation/Fire" }, "geometry": { "type": "Point", "coordinates": [ 125.350285925339151, -8.748063731341137 ] } },
{ "type": "Feature", "properties": { "id": 889, "alert_type": "Deforestation/Fire" }, "geometry": { "type": "Point", "coordinates": [ 125.220928524425929, -8.74824339439796 ] } },
{ "type": "Feature", "properties": { "id": 890, "alert_type": "Deforestation/Fire" }, "geometry": { "type": "Point", "coordinates": [ 125.221108187482756, -8.74824339439796 ] } },
{ "type": "Feature", "properties": { "id": 891, "alert_type": "Deforestation/Fire" }, "geometry": { "type": "Point", "coordinates": [ 125.346153675032198, -8.74824339439796 ] } },
{ "type": "Feature", "properties": { "id": 892, "alert_type": "Deforestation/Fire" }, "geometry": { "type": "Point", "coordinates": [ 125.346333338089025, -8.74824339439796 ] } },
{ "type": "Feature", "properties": { "id": 893, "alert_type": "Deforestation/Fire" }, "geometry": { "type": "Point", "coordinates": [ 125.346692664202664, -8.74824339439796 ] } },
{ "type": "Feature", "properties": { "id": 894, "alert_type": "Deforestation/Fire" }, "geometry": { "type": "Point", "coordinates": [ 125.349746936168671, -8.74824339439796 ] } },
{ "type": "Feature", "properties": { "id": 895, "alert_type": "Deforestation/Fire" }, "geometry": { "type": "Point", "coordinates": [ 125.35405884953245, -8.74824339439796 ] } },
{ "type": "Feature", "properties": { "id": 896, "alert_type": "Deforestation/Fire" }, "geometry": { "type": "Point", "coordinates": [ 125.433829246762258, -8.74824339439796 ] } },
{ "type": "Feature", "properties": { "id": 897, "alert_type": "Deforestation/Fire" }, "geometry": { "type": "Point", "coordinates": [ 125.221108187482756, -8.748423057454785 ] } },
{ "type": "Feature", "properties": { "id": 898, "alert_type": "Deforestation/Fire" }, "geometry": { "type": "Point", "coordinates": [ 125.221287850539582, -8.748423057454785 ] } },
{ "type": "Feature", "properties": { "id": 899, "alert_type": "Deforestation/Fire" }, "geometry": { "type": "Point", "coordinates": [ 125.253088211597415, -8.748423057454785 ] } },
{ "type": "Feature", "properties": { "id": 900, "alert_type": "Deforestation/Fire" }, "geometry": { "type": "Point", "coordinates": [ 125.353340197305158, -8.748423057454785 ] } },
{ "type": "Feature", "properties": { "id": 901, "alert_type": "Deforestation/Fire" }, "geometry": { "type": "Point", "coordinates": [ 125.400052592079362, -8.748423057454785 ] } },
{ "type": "Feature", "properties": { "id": 902, "alert_type": "Deforestation/Fire" }, "geometry": { "type": "Point", "coordinates": [ 125.441195432092044, -8.748423057454785 ] } },
{ "type": "Feature", "properties": { "id": 903, "alert_type": "Deforestation/Fire" }, "geometry": { "type": "Point", "coordinates": [ 125.221108187482756, -8.748602720511608 ] } },
{ "type": "Feature", "properties": { "id": 904, "alert_type": "Deforestation/Fire" }, "geometry": { "type": "Point", "coordinates": [ 125.221287850539582, -8.748602720511608 ] } },
{ "type": "Feature", "properties": { "id": 905, "alert_type": "Deforestation/Fire" }, "geometry": { "type": "Point", "coordinates": [ 125.326390738781569, -8.748602720511608 ] } },
{ "type": "Feature", "properties": { "id": 906, "alert_type": "Deforestation/Fire" }, "geometry": { "type": "Point", "coordinates": [ 125.352801208134679, -8.748602720511608 ] } },
{ "type": "Feature", "properties": { "id": 907, "alert_type": "Deforestation/Fire" }, "geometry": { "type": "Point", "coordinates": [ 125.441914084319336, -8.748602720511608 ] } },
{ "type": "Feature", "properties": { "id": 908, "alert_type": "Deforestation/Fire" }, "geometry": { "type": "Point", "coordinates": [ 125.376157405521795, -8.748782383568432 ] } },
{ "type": "Feature", "properties": { "id": 909, "alert_type": "Deforestation/Fire" }, "geometry": { "type": "Point", "coordinates": [ 125.441195432092044, -8.748782383568432 ] } },
{ "type": "Feature", "properties": { "id": 910, "alert_type": "Deforestation/Fire" }, "geometry": { "type": "Point", "coordinates": [ 125.441914084319336, -8.748782383568432 ] } },
{ "type": "Feature", "properties": { "id": 911, "alert_type": "Deforestation/Fire" }, "geometry": { "type": "Point", "coordinates": [ 125.442093747376163, -8.748782383568432 ] } },
{ "type": "Feature", "properties": { "id": 912, "alert_type": "Deforestation/Fire" }, "geometry": { "type": "Point", "coordinates": [ 125.218952230800866, -8.748962046625257 ] } },
{ "type": "Feature", "properties": { "id": 913, "alert_type": "Deforestation/Fire" }, "geometry": { "type": "Point", "coordinates": [ 125.239254156221975, -8.748962046625257 ] } },
{ "type": "Feature", "properties": { "id": 914, "alert_type": "Deforestation/Fire" }, "geometry": { "type": "Point", "coordinates": [ 125.300698921655751, -8.748962046625257 ] } },
{ "type": "Feature", "properties": { "id": 915, "alert_type": "Deforestation/Fire" }, "geometry": { "type": "Point", "coordinates": [ 125.376516731635434, -8.748962046625257 ] } },
{ "type": "Feature", "properties": { "id": 916, "alert_type": "Deforestation/Fire" }, "geometry": { "type": "Point", "coordinates": [ 125.376876057749087, -8.748962046625257 ] } },
{ "type": "Feature", "properties": { "id": 917, "alert_type": "Deforestation/Fire" }, "geometry": { "type": "Point", "coordinates": [ 125.427720702830243, -8.748962046625257 ] } },
{ "type": "Feature", "properties": { "id": 918, "alert_type": "Deforestation/Fire" }, "geometry": { "type": "Point", "coordinates": [ 125.234403253687731, -8.74914170968208 ] } },
{ "type": "Feature", "properties": { "id": 919, "alert_type": "Deforestation/Fire" }, "geometry": { "type": "Point", "coordinates": [ 125.299081954144327, -8.74914170968208 ] } },
{ "type": "Feature", "properties": { "id": 920, "alert_type": "Deforestation/Fire" }, "geometry": { "type": "Point", "coordinates": [ 125.350106262282324, -8.74914170968208 ] } },
{ "type": "Feature", "properties": { "id": 921, "alert_type": "Deforestation/Fire" }, "geometry": { "type": "Point", "coordinates": [ 125.350465588395963, -8.74914170968208 ] } },
{ "type": "Feature", "properties": { "id": 922, "alert_type": "Deforestation/Fire" }, "geometry": { "type": "Point", "coordinates": [ 125.353699523418797, -8.74914170968208 ] } },
{ "type": "Feature", "properties": { "id": 923, "alert_type": "Deforestation/Fire" }, "geometry": { "type": "Point", "coordinates": [ 125.354238512589276, -8.74914170968208 ] } },
{ "type": "Feature", "properties": { "id": 924, "alert_type": "Deforestation/Fire" }, "geometry": { "type": "Point", "coordinates": [ 125.36627593739648, -8.74914170968208 ] } },
{ "type": "Feature", "properties": { "id": 925, "alert_type": "Deforestation/Fire" }, "geometry": { "type": "Point", "coordinates": [ 125.368252231021543, -8.74914170968208 ] } },
{ "type": "Feature", "properties": { "id": 926, "alert_type": "Deforestation/Fire" }, "geometry": { "type": "Point", "coordinates": [ 125.375798079408142, -8.74914170968208 ] } },
{ "type": "Feature", "properties": { "id": 927, "alert_type": "Deforestation/Fire" }, "geometry": { "type": "Point", "coordinates": [ 125.377415046919552, -8.74914170968208 ] } },
{ "type": "Feature", "properties": { "id": 928, "alert_type": "Deforestation/Fire" }, "geometry": { "type": "Point", "coordinates": [ 125.427720702830243, -8.74914170968208 ] } },
{ "type": "Feature", "properties": { "id": 929, "alert_type": "Deforestation/Fire" }, "geometry": { "type": "Point", "coordinates": [ 125.218592904687227, -8.749321372738905 ] } },
{ "type": "Feature", "properties": { "id": 930, "alert_type": "Deforestation/Fire" }, "geometry": { "type": "Point", "coordinates": [ 125.248416972119998, -8.749321372738905 ] } },
{ "type": "Feature", "properties": { "id": 931, "alert_type": "Deforestation/Fire" }, "geometry": { "type": "Point", "coordinates": [ 125.350285925339151, -8.749321372738905 ] } },
{ "type": "Feature", "properties": { "id": 932, "alert_type": "Deforestation/Fire" }, "geometry": { "type": "Point", "coordinates": [ 125.368611557135182, -8.749321372738905 ] } },
{ "type": "Feature", "properties": { "id": 933, "alert_type": "Deforestation/Fire" }, "geometry": { "type": "Point", "coordinates": [ 125.219491219971346, -8.749501035795728 ] } },
{ "type": "Feature", "properties": { "id": 934, "alert_type": "Deforestation/Fire" }, "geometry": { "type": "Point", "coordinates": [ 125.256322146620249, -8.749501035795728 ] } },
{ "type": "Feature", "properties": { "id": 935, "alert_type": "Deforestation/Fire" }, "geometry": { "type": "Point", "coordinates": [ 125.256501809677061, -8.749501035795728 ] } },
{ "type": "Feature", "properties": { "id": 936, "alert_type": "Deforestation/Fire" }, "geometry": { "type": "Point", "coordinates": [ 125.352801208134679, -8.749501035795728 ] } },
{ "type": "Feature", "properties": { "id": 937, "alert_type": "Deforestation/Fire" }, "geometry": { "type": "Point", "coordinates": [ 125.368611557135182, -8.749501035795728 ] } },
{ "type": "Feature", "properties": { "id": 938, "alert_type": "Deforestation/Fire" }, "geometry": { "type": "Point", "coordinates": [ 125.368791220192008, -8.749501035795728 ] } },
{ "type": "Feature", "properties": { "id": 939, "alert_type": "Deforestation/Fire" }, "geometry": { "type": "Point", "coordinates": [ 125.248237309063171, -8.749680698852552 ] } },
{ "type": "Feature", "properties": { "id": 940, "alert_type": "Deforestation/Fire" }, "geometry": { "type": "Point", "coordinates": [ 125.324414445156506, -8.749680698852552 ] } },
{ "type": "Feature", "properties": { "id": 941, "alert_type": "Deforestation/Fire" }, "geometry": { "type": "Point", "coordinates": [ 125.352621545077852, -8.749680698852552 ] } },
{ "type": "Feature", "properties": { "id": 942, "alert_type": "Deforestation/Fire" }, "geometry": { "type": "Point", "coordinates": [ 125.352801208134679, -8.749680698852552 ] } },
{ "type": "Feature", "properties": { "id": 943, "alert_type": "Deforestation/Fire" }, "geometry": { "type": "Point", "coordinates": [ 125.352980871191505, -8.749680698852552 ] } },
{ "type": "Feature", "properties": { "id": 944, "alert_type": "Deforestation/Fire" }, "geometry": { "type": "Point", "coordinates": [ 125.353160534248332, -8.749680698852552 ] } },
{ "type": "Feature", "properties": { "id": 945, "alert_type": "Deforestation/Fire" }, "geometry": { "type": "Point", "coordinates": [ 125.368431894078356, -8.749680698852552 ] } },
{ "type": "Feature", "properties": { "id": 946, "alert_type": "Deforestation/Fire" }, "geometry": { "type": "Point", "coordinates": [ 125.368611557135182, -8.749680698852552 ] } },
{ "type": "Feature", "properties": { "id": 947, "alert_type": "Deforestation/Fire" }, "geometry": { "type": "Point", "coordinates": [ 125.39987292902255, -8.749680698852552 ] } },
{ "type": "Feature", "properties": { "id": 948, "alert_type": "Deforestation/Fire" }, "geometry": { "type": "Point", "coordinates": [ 125.400052592079362, -8.749680698852552 ] } },
{ "type": "Feature", "properties": { "id": 949, "alert_type": "Deforestation/Fire" }, "geometry": { "type": "Point", "coordinates": [ 125.439219138466981, -8.749680698852552 ] } },
{ "type": "Feature", "properties": { "id": 950, "alert_type": "Deforestation/Fire" }, "geometry": { "type": "Point", "coordinates": [ 125.348668957827726, -8.749860361909375 ] } },
{ "type": "Feature", "properties": { "id": 951, "alert_type": "Deforestation/Fire" }, "geometry": { "type": "Point", "coordinates": [ 125.352621545077852, -8.749860361909375 ] } },
{ "type": "Feature", "properties": { "id": 952, "alert_type": "Deforestation/Fire" }, "geometry": { "type": "Point", "coordinates": [ 125.35351986036197, -8.749860361909375 ] } },
{ "type": "Feature", "properties": { "id": 953, "alert_type": "Deforestation/Fire" }, "geometry": { "type": "Point", "coordinates": [ 125.353879186475623, -8.749860361909375 ] } },
{ "type": "Feature", "properties": { "id": 954, "alert_type": "Deforestation/Fire" }, "geometry": { "type": "Point", "coordinates": [ 125.354418175646089, -8.749860361909375 ] } },
{ "type": "Feature", "properties": { "id": 955, "alert_type": "Deforestation/Fire" }, "geometry": { "type": "Point", "coordinates": [ 125.354777501759742, -8.749860361909375 ] } },
{ "type": "Feature", "properties": { "id": 956, "alert_type": "Deforestation/Fire" }, "geometry": { "type": "Point", "coordinates": [ 125.357652110668923, -8.749860361909375 ] } },
{ "type": "Feature", "properties": { "id": 957, "alert_type": "Deforestation/Fire" }, "geometry": { "type": "Point", "coordinates": [ 125.368611557135182, -8.749860361909375 ] } },
{ "type": "Feature", "properties": { "id": 958, "alert_type": "Deforestation/Fire" }, "geometry": { "type": "Point", "coordinates": [ 125.374899764124024, -8.749860361909375 ] } },
{ "type": "Feature", "properties": { "id": 959, "alert_type": "Deforestation/Fire" }, "geometry": { "type": "Point", "coordinates": [ 125.399693265965723, -8.749860361909375 ] } },
{ "type": "Feature", "properties": { "id": 960, "alert_type": "Deforestation/Fire" }, "geometry": { "type": "Point", "coordinates": [ 125.437781834012384, -8.749860361909375 ] } },
{ "type": "Feature", "properties": { "id": 961, "alert_type": "Deforestation/Fire" }, "geometry": { "type": "Point", "coordinates": [ 125.439039475410155, -8.749860361909375 ] } },
{ "type": "Feature", "properties": { "id": 962, "alert_type": "Deforestation/Fire" }, "geometry": { "type": "Point", "coordinates": [ 125.323336466815562, -8.7500400249662 ] } },
{ "type": "Feature", "properties": { "id": 963, "alert_type": "Deforestation/Fire" }, "geometry": { "type": "Point", "coordinates": [ 125.32423478209968, -8.7500400249662 ] } },
{ "type": "Feature", "properties": { "id": 964, "alert_type": "Deforestation/Fire" }, "geometry": { "type": "Point", "coordinates": [ 125.324414445156506, -8.7500400249662 ] } },
{ "type": "Feature", "properties": { "id": 965, "alert_type": "Deforestation/Fire" }, "geometry": { "type": "Point", "coordinates": [ 125.353340197305158, -8.7500400249662 ] } },
{ "type": "Feature", "properties": { "id": 966, "alert_type": "Deforestation/Fire" }, "geometry": { "type": "Point", "coordinates": [ 125.357652110668923, -8.7500400249662 ] } },
{ "type": "Feature", "properties": { "id": 967, "alert_type": "Deforestation/Fire" }, "geometry": { "type": "Point", "coordinates": [ 125.3695098724193, -8.7500400249662 ] } },
{ "type": "Feature", "properties": { "id": 968, "alert_type": "Deforestation/Fire" }, "geometry": { "type": "Point", "coordinates": [ 125.399693265965723, -8.7500400249662 ] } },
{ "type": "Feature", "properties": { "id": 969, "alert_type": "Deforestation/Fire" }, "geometry": { "type": "Point", "coordinates": [ 125.323336466815562, -8.750219688023023 ] } },
{ "type": "Feature", "properties": { "id": 970, "alert_type": "Deforestation/Fire" }, "geometry": { "type": "Point", "coordinates": [ 125.349028283941379, -8.750219688023023 ] } },
{ "type": "Feature", "properties": { "id": 971, "alert_type": "Deforestation/Fire" }, "geometry": { "type": "Point", "coordinates": [ 125.354777501759742, -8.750219688023023 ] } },
{ "type": "Feature", "properties": { "id": 972, "alert_type": "Deforestation/Fire" }, "geometry": { "type": "Point", "coordinates": [ 125.354957164816568, -8.750219688023023 ] } },
{ "type": "Feature", "properties": { "id": 973, "alert_type": "Deforestation/Fire" }, "geometry": { "type": "Point", "coordinates": [ 125.356035143157513, -8.750219688023023 ] } },
{ "type": "Feature", "properties": { "id": 974, "alert_type": "Deforestation/Fire" }, "geometry": { "type": "Point", "coordinates": [ 125.37166582910119, -8.750219688023023 ] } },
{ "type": "Feature", "properties": { "id": 975, "alert_type": "Deforestation/Fire" }, "geometry": { "type": "Point", "coordinates": [ 125.324055119042853, -8.750399351079848 ] } },
{ "type": "Feature", "properties": { "id": 976, "alert_type": "Deforestation/Fire" }, "geometry": { "type": "Point", "coordinates": [ 125.327468717122514, -8.750399351079848 ] } },
{ "type": "Feature", "properties": { "id": 977, "alert_type": "Deforestation/Fire" }, "geometry": { "type": "Point", "coordinates": [ 125.356933458441631, -8.750399351079848 ] } },
{ "type": "Feature", "properties": { "id": 978, "alert_type": "Deforestation/Fire" }, "geometry": { "type": "Point", "coordinates": [ 125.296207345235146, -8.750579014136671 ] } },
{ "type": "Feature", "properties": { "id": 979, "alert_type": "Deforestation/Fire" }, "geometry": { "type": "Point", "coordinates": [ 125.328726358520271, -8.750579014136671 ] } },
{ "type": "Feature", "properties": { "id": 980, "alert_type": "Deforestation/Fire" }, "geometry": { "type": "Point", "coordinates": [ 125.363042002373646, -8.750579014136671 ] } },
{ "type": "Feature", "properties": { "id": 981, "alert_type": "Deforestation/Fire" }, "geometry": { "type": "Point", "coordinates": [ 125.363221665430473, -8.750579014136671 ] } },
{ "type": "Feature", "properties": { "id": 982, "alert_type": "Deforestation/Fire" }, "geometry": { "type": "Point", "coordinates": [ 125.363760654600938, -8.750579014136671 ] } },
{ "type": "Feature", "properties": { "id": 983, "alert_type": "Deforestation/Fire" }, "geometry": { "type": "Point", "coordinates": [ 125.324953434326972, -8.750758677193495 ] } },
{ "type": "Feature", "properties": { "id": 984, "alert_type": "Deforestation/Fire" }, "geometry": { "type": "Point", "coordinates": [ 125.348309631714088, -8.750758677193495 ] } },
{ "type": "Feature", "properties": { "id": 985, "alert_type": "Deforestation/Fire" }, "geometry": { "type": "Point", "coordinates": [ 125.349207946998206, -8.750758677193495 ] } },
{ "type": "Feature", "properties": { "id": 986, "alert_type": "Deforestation/Fire" }, "geometry": { "type": "Point", "coordinates": [ 125.218772567744054, -8.75093834025032 ] } },
{ "type": "Feature", "properties": { "id": 987, "alert_type": "Deforestation/Fire" }, "geometry": { "type": "Point", "coordinates": [ 125.327468717122514, -8.75093834025032 ] } },
{ "type": "Feature", "properties": { "id": 988, "alert_type": "Deforestation/Fire" }, "geometry": { "type": "Point", "coordinates": [ 125.357831773725749, -8.75093834025032 ] } },
{ "type": "Feature", "properties": { "id": 989, "alert_type": "Deforestation/Fire" }, "geometry": { "type": "Point", "coordinates": [ 125.360167393464465, -8.75093834025032 ] } },
{ "type": "Feature", "properties": { "id": 990, "alert_type": "Deforestation/Fire" }, "geometry": { "type": "Point", "coordinates": [ 125.294590377723736, -8.751118003307143 ] } },
{ "type": "Feature", "properties": { "id": 991, "alert_type": "Deforestation/Fire" }, "geometry": { "type": "Point", "coordinates": [ 125.357652110668923, -8.751118003307143 ] } },
{ "type": "Feature", "properties": { "id": 992, "alert_type": "Deforestation/Fire" }, "geometry": { "type": "Point", "coordinates": [ 125.419276539159526, -8.751118003307143 ] } },
{ "type": "Feature", "properties": { "id": 993, "alert_type": "Deforestation/Fire" }, "geometry": { "type": "Point", "coordinates": [ 125.294949703837389, -8.751297666363968 ] } },
{ "type": "Feature", "properties": { "id": 994, "alert_type": "Deforestation/Fire" }, "geometry": { "type": "Point", "coordinates": [ 125.296746334405626, -8.751297666363968 ] } },
{ "type": "Feature", "properties": { "id": 995, "alert_type": "Deforestation/Fire" }, "geometry": { "type": "Point", "coordinates": [ 125.323875455986027, -8.751297666363968 ] } },
{ "type": "Feature", "properties": { "id": 996, "alert_type": "Deforestation/Fire" }, "geometry": { "type": "Point", "coordinates": [ 125.324055119042853, -8.751297666363968 ] } },
{ "type": "Feature", "properties": { "id": 997, "alert_type": "Deforestation/Fire" }, "geometry": { "type": "Point", "coordinates": [ 125.324953434326972, -8.751297666363968 ] } },
{ "type": "Feature", "properties": { "id": 998, "alert_type": "Deforestation/Fire" }, "geometry": { "type": "Point", "coordinates": [ 125.329085684633924, -8.751297666363968 ] } },
{ "type": "Feature", "properties": { "id": 999, "alert_type": "Deforestation/Fire" }, "geometry": { "type": "Point", "coordinates": [ 125.357831773725749, -8.751297666363968 ] } },
{ "type": "Feature", "properties": { "id": 1000, "alert_type": "Deforestation/Fire" }, "geometry": { "type": "Point", "coordinates": [ 125.294051388553271, -8.751477329420791 ] } },
{ "type": "Feature", "properties": { "id": 1001, "alert_type": "Deforestation/Fire" }, "geometry": { "type": "Point", "coordinates": [ 125.297285323576091, -8.751477329420791 ] } },
{ "type": "Feature", "properties": { "id": 1002, "alert_type": "Deforestation/Fire" }, "geometry": { "type": "Point", "coordinates": [ 125.358370762896229, -8.751477329420791 ] } },
{ "type": "Feature", "properties": { "id": 1003, "alert_type": "Deforestation/Fire" }, "geometry": { "type": "Point", "coordinates": [ 125.419096876102699, -8.751477329420791 ] } },
{ "type": "Feature", "properties": { "id": 1004, "alert_type": "Deforestation/Fire" }, "geometry": { "type": "Point", "coordinates": [ 125.356753795384805, -8.751656992477615 ] } },
{ "type": "Feature", "properties": { "id": 1005, "alert_type": "Deforestation/Fire" }, "geometry": { "type": "Point", "coordinates": [ 125.358011436782576, -8.751656992477615 ] } },
{ "type": "Feature", "properties": { "id": 1006, "alert_type": "Deforestation/Fire" }, "geometry": { "type": "Point", "coordinates": [ 125.358191099839402, -8.751656992477615 ] } },
{ "type": "Feature", "properties": { "id": 1007, "alert_type": "Deforestation/Fire" }, "geometry": { "type": "Point", "coordinates": [ 125.405442483784086, -8.751656992477615 ] } },
{ "type": "Feature", "properties": { "id": 1008, "alert_type": "Deforestation/Fire" }, "geometry": { "type": "Point", "coordinates": [ 125.418917213045873, -8.751656992477615 ] } },
{ "type": "Feature", "properties": { "id": 1009, "alert_type": "Deforestation/Fire" }, "geometry": { "type": "Point", "coordinates": [ 125.439758127637447, -8.751656992477615 ] } },
{ "type": "Feature", "properties": { "id": 1010, "alert_type": "Deforestation/Fire" }, "geometry": { "type": "Point", "coordinates": [ 125.317946575110838, -8.751836655534438 ] } },
{ "type": "Feature", "properties": { "id": 1011, "alert_type": "Deforestation/Fire" }, "geometry": { "type": "Point", "coordinates": [ 125.327828043236153, -8.751836655534438 ] } },
{ "type": "Feature", "properties": { "id": 1012, "alert_type": "Deforestation/Fire" }, "geometry": { "type": "Point", "coordinates": [ 125.356753795384805, -8.751836655534438 ] } },
{ "type": "Feature", "properties": { "id": 1013, "alert_type": "Deforestation/Fire" }, "geometry": { "type": "Point", "coordinates": [ 125.356933458441631, -8.751836655534438 ] } },
{ "type": "Feature", "properties": { "id": 1014, "alert_type": "Deforestation/Fire" }, "geometry": { "type": "Point", "coordinates": [ 125.357831773725749, -8.751836655534438 ] } },
{ "type": "Feature", "properties": { "id": 1015, "alert_type": "Deforestation/Fire" }, "geometry": { "type": "Point", "coordinates": [ 125.358011436782576, -8.751836655534438 ] } },
{ "type": "Feature", "properties": { "id": 1016, "alert_type": "Deforestation/Fire" }, "geometry": { "type": "Point", "coordinates": [ 125.358191099839402, -8.751836655534438 ] } },
{ "type": "Feature", "properties": { "id": 1017, "alert_type": "Deforestation/Fire" }, "geometry": { "type": "Point", "coordinates": [ 125.405442483784086, -8.751836655534438 ] } },
{ "type": "Feature", "properties": { "id": 1018, "alert_type": "Deforestation/Fire" }, "geometry": { "type": "Point", "coordinates": [ 125.323156803758735, -8.752016318591263 ] } },
{ "type": "Feature", "properties": { "id": 1019, "alert_type": "Deforestation/Fire" }, "geometry": { "type": "Point", "coordinates": [ 125.356753795384805, -8.752016318591263 ] } },
{ "type": "Feature", "properties": { "id": 1020, "alert_type": "Deforestation/Fire" }, "geometry": { "type": "Point", "coordinates": [ 125.357472447612096, -8.752016318591263 ] } },
{ "type": "Feature", "properties": { "id": 1021, "alert_type": "Deforestation/Fire" }, "geometry": { "type": "Point", "coordinates": [ 125.394303374261, -8.752016318591263 ] } },
{ "type": "Feature", "properties": { "id": 1022, "alert_type": "Deforestation/Fire" }, "geometry": { "type": "Point", "coordinates": [ 125.396638993999716, -8.752016318591263 ] } },
{ "type": "Feature", "properties": { "id": 1023, "alert_type": "Deforestation/Fire" }, "geometry": { "type": "Point", "coordinates": [ 125.39771697234066, -8.752016318591263 ] } },
{ "type": "Feature", "properties": { "id": 1024, "alert_type": "Deforestation/Fire" }, "geometry": { "type": "Point", "coordinates": [ 125.405442483784086, -8.752016318591263 ] } },
{ "type": "Feature", "properties": { "id": 1025, "alert_type": "Deforestation/Fire" }, "geometry": { "type": "Point", "coordinates": [ 125.323875455986027, -8.752195981648086 ] } },
{ "type": "Feature", "properties": { "id": 1026, "alert_type": "Deforestation/Fire" }, "geometry": { "type": "Point", "coordinates": [ 125.356574132327978, -8.752195981648086 ] } },
{ "type": "Feature", "properties": { "id": 1027, "alert_type": "Deforestation/Fire" }, "geometry": { "type": "Point", "coordinates": [ 125.356933458441631, -8.752195981648086 ] } },
{ "type": "Feature", "properties": { "id": 1028, "alert_type": "Deforestation/Fire" }, "geometry": { "type": "Point", "coordinates": [ 125.357292784555284, -8.752195981648086 ] } },
{ "type": "Feature", "properties": { "id": 1029, "alert_type": "Deforestation/Fire" }, "geometry": { "type": "Point", "coordinates": [ 125.394483037317826, -8.752195981648086 ] } },
{ "type": "Feature", "properties": { "id": 1030, "alert_type": "Deforestation/Fire" }, "geometry": { "type": "Point", "coordinates": [ 125.405442483784086, -8.752195981648086 ] } },
{ "type": "Feature", "properties": { "id": 1031, "alert_type": "Deforestation/Fire" }, "geometry": { "type": "Point", "coordinates": [ 125.405622146840912, -8.752195981648086 ] } },
{ "type": "Feature", "properties": { "id": 1032, "alert_type": "Deforestation/Fire" }, "geometry": { "type": "Point", "coordinates": [ 125.292973410212326, -8.752375644704911 ] } },
{ "type": "Feature", "properties": { "id": 1033, "alert_type": "Deforestation/Fire" }, "geometry": { "type": "Point", "coordinates": [ 125.323156803758735, -8.752375644704911 ] } },
{ "type": "Feature", "properties": { "id": 1034, "alert_type": "Deforestation/Fire" }, "geometry": { "type": "Point", "coordinates": [ 125.323516129872388, -8.752375644704911 ] } },
{ "type": "Feature", "properties": { "id": 1035, "alert_type": "Deforestation/Fire" }, "geometry": { "type": "Point", "coordinates": [ 125.356933458441631, -8.752375644704911 ] } },
{ "type": "Feature", "properties": { "id": 1036, "alert_type": "Deforestation/Fire" }, "geometry": { "type": "Point", "coordinates": [ 125.368791220192008, -8.752375644704911 ] } },
{ "type": "Feature", "properties": { "id": 1037, "alert_type": "Deforestation/Fire" }, "geometry": { "type": "Point", "coordinates": [ 125.405442483784086, -8.752375644704911 ] } },
{ "type": "Feature", "properties": { "id": 1038, "alert_type": "Deforestation/Fire" }, "geometry": { "type": "Point", "coordinates": [ 125.323336466815562, -8.752555307761734 ] } },
{ "type": "Feature", "properties": { "id": 1039, "alert_type": "Deforestation/Fire" }, "geometry": { "type": "Point", "coordinates": [ 125.356394469271166, -8.752555307761734 ] } },
{ "type": "Feature", "properties": { "id": 1040, "alert_type": "Deforestation/Fire" }, "geometry": { "type": "Point", "coordinates": [ 125.405262820727259, -8.752555307761734 ] } },
{ "type": "Feature", "properties": { "id": 1041, "alert_type": "Deforestation/Fire" }, "geometry": { "type": "Point", "coordinates": [ 125.405622146840912, -8.752555307761734 ] } },
{ "type": "Feature", "properties": { "id": 1042, "alert_type": "Deforestation/Fire" }, "geometry": { "type": "Point", "coordinates": [ 125.329445010747577, -8.752734970818558 ] } },
{ "type": "Feature", "properties": { "id": 1043, "alert_type": "Deforestation/Fire" }, "geometry": { "type": "Point", "coordinates": [ 125.356214806214339, -8.752734970818558 ] } },
{ "type": "Feature", "properties": { "id": 1044, "alert_type": "Deforestation/Fire" }, "geometry": { "type": "Point", "coordinates": [ 125.356574132327978, -8.752734970818558 ] } },
{ "type": "Feature", "properties": { "id": 1045, "alert_type": "Deforestation/Fire" }, "geometry": { "type": "Point", "coordinates": [ 125.356753795384805, -8.752734970818558 ] } },
{ "type": "Feature", "properties": { "id": 1046, "alert_type": "Deforestation/Fire" }, "geometry": { "type": "Point", "coordinates": [ 125.368611557135182, -8.752734970818558 ] } },
{ "type": "Feature", "properties": { "id": 1047, "alert_type": "Deforestation/Fire" }, "geometry": { "type": "Point", "coordinates": [ 125.323336466815562, -8.752914633875383 ] } },
{ "type": "Feature", "properties": { "id": 1048, "alert_type": "Deforestation/Fire" }, "geometry": { "type": "Point", "coordinates": [ 125.32423478209968, -8.752914633875383 ] } },
{ "type": "Feature", "properties": { "id": 1049, "alert_type": "Deforestation/Fire" }, "geometry": { "type": "Point", "coordinates": [ 125.326211075724743, -8.752914633875383 ] } },
{ "type": "Feature", "properties": { "id": 1050, "alert_type": "Deforestation/Fire" }, "geometry": { "type": "Point", "coordinates": [ 125.326390738781569, -8.752914633875383 ] } },
{ "type": "Feature", "properties": { "id": 1051, "alert_type": "Deforestation/Fire" }, "geometry": { "type": "Point", "coordinates": [ 125.329983999918042, -8.752914633875383 ] } },
{ "type": "Feature", "properties": { "id": 1052, "alert_type": "Deforestation/Fire" }, "geometry": { "type": "Point", "coordinates": [ 125.394842363431479, -8.752914633875383 ] } },
{ "type": "Feature", "properties": { "id": 1053, "alert_type": "Deforestation/Fire" }, "geometry": { "type": "Point", "coordinates": [ 125.397177983170181, -8.752914633875383 ] } },
{ "type": "Feature", "properties": { "id": 1054, "alert_type": "Deforestation/Fire" }, "geometry": { "type": "Point", "coordinates": [ 125.234942242858196, -8.753094296932206 ] } },
{ "type": "Feature", "properties": { "id": 1055, "alert_type": "Deforestation/Fire" }, "geometry": { "type": "Point", "coordinates": [ 125.329624673804403, -8.753094296932206 ] } },
{ "type": "Feature", "properties": { "id": 1056, "alert_type": "Deforestation/Fire" }, "geometry": { "type": "Point", "coordinates": [ 125.394842363431479, -8.753094296932206 ] } },
{ "type": "Feature", "properties": { "id": 1057, "alert_type": "Deforestation/Fire" }, "geometry": { "type": "Point", "coordinates": [ 125.395022026488292, -8.753094296932206 ] } },
{ "type": "Feature", "properties": { "id": 1058, "alert_type": "Deforestation/Fire" }, "geometry": { "type": "Point", "coordinates": [ 125.324414445156506, -8.753273959989031 ] } },
{ "type": "Feature", "properties": { "id": 1059, "alert_type": "Deforestation/Fire" }, "geometry": { "type": "Point", "coordinates": [ 125.324594108213333, -8.753273959989031 ] } },
{ "type": "Feature", "properties": { "id": 1060, "alert_type": "Deforestation/Fire" }, "geometry": { "type": "Point", "coordinates": [ 125.462395672797257, -8.753273959989031 ] } },
{ "type": "Feature", "properties": { "id": 1061, "alert_type": "Deforestation/Fire" }, "geometry": { "type": "Point", "coordinates": [ 125.228294709755716, -8.753453623045854 ] } },
{ "type": "Feature", "properties": { "id": 1062, "alert_type": "Deforestation/Fire" }, "geometry": { "type": "Point", "coordinates": [ 125.228474372812542, -8.753453623045854 ] } },
{ "type": "Feature", "properties": { "id": 1063, "alert_type": "Deforestation/Fire" }, "geometry": { "type": "Point", "coordinates": [ 125.356574132327978, -8.753453623045854 ] } },
{ "type": "Feature", "properties": { "id": 1064, "alert_type": "Deforestation/Fire" }, "geometry": { "type": "Point", "coordinates": [ 125.227935383642063, -8.753633286102678 ] } },
{ "type": "Feature", "properties": { "id": 1065, "alert_type": "Deforestation/Fire" }, "geometry": { "type": "Point", "coordinates": [ 125.228115046698889, -8.753633286102678 ] } },
{ "type": "Feature", "properties": { "id": 1066, "alert_type": "Deforestation/Fire" }, "geometry": { "type": "Point", "coordinates": [ 125.356574132327978, -8.753633286102678 ] } },
{ "type": "Feature", "properties": { "id": 1067, "alert_type": "Deforestation/Fire" }, "geometry": { "type": "Point", "coordinates": [ 125.37885235137415, -8.753633286102678 ] } },
{ "type": "Feature", "properties": { "id": 1068, "alert_type": "Deforestation/Fire" }, "geometry": { "type": "Point", "coordinates": [ 125.396998320113354, -8.753633286102678 ] } },
{ "type": "Feature", "properties": { "id": 1069, "alert_type": "Deforestation/Fire" }, "geometry": { "type": "Point", "coordinates": [ 125.234582916744557, -8.753812949159501 ] } },
{ "type": "Feature", "properties": { "id": 1070, "alert_type": "Deforestation/Fire" }, "geometry": { "type": "Point", "coordinates": [ 125.302136226110335, -8.753812949159501 ] } },
{ "type": "Feature", "properties": { "id": 1071, "alert_type": "Deforestation/Fire" }, "geometry": { "type": "Point", "coordinates": [ 125.302675215280814, -8.753812949159501 ] } },
{ "type": "Feature", "properties": { "id": 1072, "alert_type": "Deforestation/Fire" }, "geometry": { "type": "Point", "coordinates": [ 125.219311556914519, -8.753992612216326 ] } },
{ "type": "Feature", "properties": { "id": 1073, "alert_type": "Deforestation/Fire" }, "geometry": { "type": "Point", "coordinates": [ 125.234582916744557, -8.753992612216326 ] } },
{ "type": "Feature", "properties": { "id": 1074, "alert_type": "Deforestation/Fire" }, "geometry": { "type": "Point", "coordinates": [ 125.382804938624275, -8.754172275273149 ] } },
{ "type": "Feature", "properties": { "id": 1075, "alert_type": "Deforestation/Fire" }, "geometry": { "type": "Point", "coordinates": [ 125.214460654380275, -8.754351938329973 ] } },
{ "type": "Feature", "properties": { "id": 1076, "alert_type": "Deforestation/Fire" }, "geometry": { "type": "Point", "coordinates": [ 125.215358969664393, -8.754351938329973 ] } },
{ "type": "Feature", "properties": { "id": 1077, "alert_type": "Deforestation/Fire" }, "geometry": { "type": "Point", "coordinates": [ 125.22937268809666, -8.754351938329973 ] } },
{ "type": "Feature", "properties": { "id": 1078, "alert_type": "Deforestation/Fire" }, "geometry": { "type": "Point", "coordinates": [ 125.233684601460439, -8.754351938329973 ] } },
{ "type": "Feature", "properties": { "id": 1079, "alert_type": "Deforestation/Fire" }, "geometry": { "type": "Point", "coordinates": [ 125.292973410212326, -8.754351938329973 ] } },
{ "type": "Feature", "properties": { "id": 1080, "alert_type": "Deforestation/Fire" }, "geometry": { "type": "Point", "coordinates": [ 125.46059904222902, -8.754351938329973 ] } },
{ "type": "Feature", "properties": { "id": 1081, "alert_type": "Deforestation/Fire" }, "geometry": { "type": "Point", "coordinates": [ 125.227037068357944, -8.754531601386796 ] } },
{ "type": "Feature", "properties": { "id": 1082, "alert_type": "Deforestation/Fire" }, "geometry": { "type": "Point", "coordinates": [ 125.228294709755716, -8.754531601386796 ] } },
{ "type": "Feature", "properties": { "id": 1083, "alert_type": "Deforestation/Fire" }, "geometry": { "type": "Point", "coordinates": [ 125.229193025039834, -8.754531601386796 ] } },
{ "type": "Feature", "properties": { "id": 1084, "alert_type": "Deforestation/Fire" }, "geometry": { "type": "Point", "coordinates": [ 125.385679547533456, -8.754531601386796 ] } },
{ "type": "Feature", "properties": { "id": 1085, "alert_type": "Deforestation/Fire" }, "geometry": { "type": "Point", "coordinates": [ 125.406340799068204, -8.754531601386796 ] } },
{ "type": "Feature", "properties": { "id": 1086, "alert_type": "Deforestation/Fire" }, "geometry": { "type": "Point", "coordinates": [ 125.226318416130653, -8.754711264443621 ] } },
{ "type": "Feature", "properties": { "id": 1087, "alert_type": "Deforestation/Fire" }, "geometry": { "type": "Point", "coordinates": [ 125.230809992551244, -8.754711264443621 ] } },
{ "type": "Feature", "properties": { "id": 1088, "alert_type": "Deforestation/Fire" }, "geometry": { "type": "Point", "coordinates": [ 125.231169318664897, -8.754711264443621 ] } },
{ "type": "Feature", "properties": { "id": 1089, "alert_type": "Deforestation/Fire" }, "geometry": { "type": "Point", "coordinates": [ 125.233684601460439, -8.754711264443621 ] } },
{ "type": "Feature", "properties": { "id": 1090, "alert_type": "Deforestation/Fire" }, "geometry": { "type": "Point", "coordinates": [ 125.255064505222478, -8.754711264443621 ] } },
{ "type": "Feature", "properties": { "id": 1091, "alert_type": "Deforestation/Fire" }, "geometry": { "type": "Point", "coordinates": [ 125.255423831336131, -8.754711264443621 ] } },
{ "type": "Feature", "properties": { "id": 1092, "alert_type": "Deforestation/Fire" }, "geometry": { "type": "Point", "coordinates": [ 125.382445612510622, -8.754711264443621 ] } },
{ "type": "Feature", "properties": { "id": 1093, "alert_type": "Deforestation/Fire" }, "geometry": { "type": "Point", "coordinates": [ 125.38549988447663, -8.754711264443621 ] } },
{ "type": "Feature", "properties": { "id": 1094, "alert_type": "Deforestation/Fire" }, "geometry": { "type": "Point", "coordinates": [ 125.385859210590283, -8.754711264443621 ] } },
{ "type": "Feature", "properties": { "id": 1095, "alert_type": "Deforestation/Fire" }, "geometry": { "type": "Point", "coordinates": [ 125.439758127637447, -8.754711264443621 ] } },
{ "type": "Feature", "properties": { "id": 1096, "alert_type": "Deforestation/Fire" }, "geometry": { "type": "Point", "coordinates": [ 125.230450666437605, -8.754890927500446 ] } },
{ "type": "Feature", "properties": { "id": 1097, "alert_type": "Deforestation/Fire" }, "geometry": { "type": "Point", "coordinates": [ 125.230630329494431, -8.754890927500446 ] } },
{ "type": "Feature", "properties": { "id": 1098, "alert_type": "Deforestation/Fire" }, "geometry": { "type": "Point", "coordinates": [ 125.225959090017, -8.755070590557269 ] } },
{ "type": "Feature", "properties": { "id": 1099, "alert_type": "Deforestation/Fire" }, "geometry": { "type": "Point", "coordinates": [ 125.228115046698889, -8.755070590557269 ] } },
{ "type": "Feature", "properties": { "id": 1100, "alert_type": "Deforestation/Fire" }, "geometry": { "type": "Point", "coordinates": [ 125.228294709755716, -8.755070590557269 ] } },
{ "type": "Feature", "properties": { "id": 1101, "alert_type": "Deforestation/Fire" }, "geometry": { "type": "Point", "coordinates": [ 125.228474372812542, -8.755070590557269 ] } },
{ "type": "Feature", "properties": { "id": 1102, "alert_type": "Deforestation/Fire" }, "geometry": { "type": "Point", "coordinates": [ 125.228654035869368, -8.755070590557269 ] } },
{ "type": "Feature", "properties": { "id": 1103, "alert_type": "Deforestation/Fire" }, "geometry": { "type": "Point", "coordinates": [ 125.301776899996696, -8.755070590557269 ] } },
{ "type": "Feature", "properties": { "id": 1104, "alert_type": "Deforestation/Fire" }, "geometry": { "type": "Point", "coordinates": [ 125.301956563053523, -8.755070590557269 ] } },
{ "type": "Feature", "properties": { "id": 1105, "alert_type": "Deforestation/Fire" }, "geometry": { "type": "Point", "coordinates": [ 125.302315889167161, -8.755070590557269 ] } },
{ "type": "Feature", "properties": { "id": 1106, "alert_type": "Deforestation/Fire" }, "geometry": { "type": "Point", "coordinates": [ 125.355855480100686, -8.755070590557269 ] } },
{ "type": "Feature", "properties": { "id": 1107, "alert_type": "Deforestation/Fire" }, "geometry": { "type": "Point", "coordinates": [ 125.194877381186473, -8.755250253614093 ] } },
{ "type": "Feature", "properties": { "id": 1108, "alert_type": "Deforestation/Fire" }, "geometry": { "type": "Point", "coordinates": [ 125.232786286176307, -8.755250253614093 ] } },
{ "type": "Feature", "properties": { "id": 1109, "alert_type": "Deforestation/Fire" }, "geometry": { "type": "Point", "coordinates": [ 125.233504938403613, -8.755250253614093 ] } },
{ "type": "Feature", "properties": { "id": 1110, "alert_type": "Deforestation/Fire" }, "geometry": { "type": "Point", "coordinates": [ 125.233864264517251, -8.755250253614093 ] } },
{ "type": "Feature", "properties": { "id": 1111, "alert_type": "Deforestation/Fire" }, "geometry": { "type": "Point", "coordinates": [ 125.234043927574078, -8.755250253614093 ] } },
{ "type": "Feature", "properties": { "id": 1112, "alert_type": "Deforestation/Fire" }, "geometry": { "type": "Point", "coordinates": [ 125.384421906135685, -8.755250253614093 ] } },
{ "type": "Feature", "properties": { "id": 1113, "alert_type": "Deforestation/Fire" }, "geometry": { "type": "Point", "coordinates": [ 125.397537309283834, -8.755250253614093 ] } },
{ "type": "Feature", "properties": { "id": 1114, "alert_type": "Deforestation/Fire" }, "geometry": { "type": "Point", "coordinates": [ 125.405622146840912, -8.755250253614093 ] } },
{ "type": "Feature", "properties": { "id": 1115, "alert_type": "Deforestation/Fire" }, "geometry": { "type": "Point", "coordinates": [ 125.195057044243299, -8.755429916670916 ] } },
{ "type": "Feature", "properties": { "id": 1116, "alert_type": "Deforestation/Fire" }, "geometry": { "type": "Point", "coordinates": [ 125.195236707300111, -8.755429916670916 ] } },
{ "type": "Feature", "properties": { "id": 1117, "alert_type": "Deforestation/Fire" }, "geometry": { "type": "Point", "coordinates": [ 125.232965949233133, -8.755429916670916 ] } },
{ "type": "Feature", "properties": { "id": 1118, "alert_type": "Deforestation/Fire" }, "geometry": { "type": "Point", "coordinates": [ 125.234043927574078, -8.755429916670916 ] } },
{ "type": "Feature", "properties": { "id": 1119, "alert_type": "Deforestation/Fire" }, "geometry": { "type": "Point", "coordinates": [ 125.195236707300111, -8.755609579727741 ] } },
{ "type": "Feature", "properties": { "id": 1120, "alert_type": "Deforestation/Fire" }, "geometry": { "type": "Point", "coordinates": [ 125.195416370356938, -8.755609579727741 ] } },
{ "type": "Feature", "properties": { "id": 1121, "alert_type": "Deforestation/Fire" }, "geometry": { "type": "Point", "coordinates": [ 125.195596033413764, -8.755609579727741 ] } },
{ "type": "Feature", "properties": { "id": 1122, "alert_type": "Deforestation/Fire" }, "geometry": { "type": "Point", "coordinates": [ 125.227216731414771, -8.755609579727741 ] } },
{ "type": "Feature", "properties": { "id": 1123, "alert_type": "Deforestation/Fire" }, "geometry": { "type": "Point", "coordinates": [ 125.232786286176307, -8.755609579727741 ] } },
{ "type": "Feature", "properties": { "id": 1124, "alert_type": "Deforestation/Fire" }, "geometry": { "type": "Point", "coordinates": [ 125.23314561228996, -8.755609579727741 ] } },
{ "type": "Feature", "properties": { "id": 1125, "alert_type": "Deforestation/Fire" }, "geometry": { "type": "Point", "coordinates": [ 125.233504938403613, -8.755609579727741 ] } },
{ "type": "Feature", "properties": { "id": 1126, "alert_type": "Deforestation/Fire" }, "geometry": { "type": "Point", "coordinates": [ 125.234043927574078, -8.755609579727741 ] } },
{ "type": "Feature", "properties": { "id": 1127, "alert_type": "Deforestation/Fire" }, "geometry": { "type": "Point", "coordinates": [ 125.328367032406632, -8.755609579727741 ] } },
{ "type": "Feature", "properties": { "id": 1128, "alert_type": "Deforestation/Fire" }, "geometry": { "type": "Point", "coordinates": [ 125.382984601681102, -8.755609579727741 ] } },
{ "type": "Feature", "properties": { "id": 1129, "alert_type": "Deforestation/Fire" }, "geometry": { "type": "Point", "coordinates": [ 125.388015167272172, -8.755609579727741 ] } },
{ "type": "Feature", "properties": { "id": 1130, "alert_type": "Deforestation/Fire" }, "geometry": { "type": "Point", "coordinates": [ 125.397537309283834, -8.755609579727741 ] } },
{ "type": "Feature", "properties": { "id": 1131, "alert_type": "Deforestation/Fire" }, "geometry": { "type": "Point", "coordinates": [ 125.195416370356938, -8.755789242784564 ] } },
{ "type": "Feature", "properties": { "id": 1132, "alert_type": "Deforestation/Fire" }, "geometry": { "type": "Point", "coordinates": [ 125.195596033413764, -8.755789242784564 ] } },
{ "type": "Feature", "properties": { "id": 1133, "alert_type": "Deforestation/Fire" }, "geometry": { "type": "Point", "coordinates": [ 125.232786286176307, -8.755789242784564 ] } },
{ "type": "Feature", "properties": { "id": 1134, "alert_type": "Deforestation/Fire" }, "geometry": { "type": "Point", "coordinates": [ 125.23314561228996, -8.755789242784564 ] } },
{ "type": "Feature", "properties": { "id": 1135, "alert_type": "Deforestation/Fire" }, "geometry": { "type": "Point", "coordinates": [ 125.233504938403613, -8.755789242784564 ] } },
{ "type": "Feature", "properties": { "id": 1136, "alert_type": "Deforestation/Fire" }, "geometry": { "type": "Point", "coordinates": [ 125.234223590630904, -8.755789242784564 ] } },
{ "type": "Feature", "properties": { "id": 1137, "alert_type": "Deforestation/Fire" }, "geometry": { "type": "Point", "coordinates": [ 125.254705179108825, -8.755789242784564 ] } },
{ "type": "Feature", "properties": { "id": 1138, "alert_type": "Deforestation/Fire" }, "geometry": { "type": "Point", "coordinates": [ 125.328726358520271, -8.755789242784564 ] } },
{ "type": "Feature", "properties": { "id": 1139, "alert_type": "Deforestation/Fire" }, "geometry": { "type": "Point", "coordinates": [ 125.329445010747577, -8.755789242784564 ] } },
{ "type": "Feature", "properties": { "id": 1140, "alert_type": "Deforestation/Fire" }, "geometry": { "type": "Point", "coordinates": [ 125.405262820727259, -8.755789242784564 ] } },
{ "type": "Feature", "properties": { "id": 1141, "alert_type": "Deforestation/Fire" }, "geometry": { "type": "Point", "coordinates": [ 125.223623470278298, -8.755968905841389 ] } },
{ "type": "Feature", "properties": { "id": 1142, "alert_type": "Deforestation/Fire" }, "geometry": { "type": "Point", "coordinates": [ 125.226318416130653, -8.755968905841389 ] } },
{ "type": "Feature", "properties": { "id": 1143, "alert_type": "Deforestation/Fire" }, "geometry": { "type": "Point", "coordinates": [ 125.23314561228996, -8.755968905841389 ] } },
{ "type": "Feature", "properties": { "id": 1144, "alert_type": "Deforestation/Fire" }, "geometry": { "type": "Point", "coordinates": [ 125.360526719578104, -8.755968905841389 ] } },
{ "type": "Feature", "properties": { "id": 1145, "alert_type": "Deforestation/Fire" }, "geometry": { "type": "Point", "coordinates": [ 125.233684601460439, -8.756148568898212 ] } },
{ "type": "Feature", "properties": { "id": 1146, "alert_type": "Deforestation/Fire" }, "geometry": { "type": "Point", "coordinates": [ 125.383164264737914, -8.756148568898212 ] } },
{ "type": "Feature", "properties": { "id": 1147, "alert_type": "Deforestation/Fire" }, "geometry": { "type": "Point", "coordinates": [ 125.385320221419803, -8.756148568898212 ] } },
{ "type": "Feature", "properties": { "id": 1148, "alert_type": "Deforestation/Fire" }, "geometry": { "type": "Point", "coordinates": [ 125.400591581249842, -8.756148568898212 ] } },
{ "type": "Feature", "properties": { "id": 1149, "alert_type": "Deforestation/Fire" }, "geometry": { "type": "Point", "coordinates": [ 125.19613502258423, -8.756328231955036 ] } },
{ "type": "Feature", "properties": { "id": 1150, "alert_type": "Deforestation/Fire" }, "geometry": { "type": "Point", "coordinates": [ 125.227935383642063, -8.756328231955036 ] } },
{ "type": "Feature", "properties": { "id": 1151, "alert_type": "Deforestation/Fire" }, "geometry": { "type": "Point", "coordinates": [ 125.233864264517251, -8.756328231955036 ] } },
{ "type": "Feature", "properties": { "id": 1152, "alert_type": "Deforestation/Fire" }, "geometry": { "type": "Point", "coordinates": [ 125.234223590630904, -8.756328231955036 ] } },
{ "type": "Feature", "properties": { "id": 1153, "alert_type": "Deforestation/Fire" }, "geometry": { "type": "Point", "coordinates": [ 125.385140558362977, -8.756328231955036 ] } },
{ "type": "Feature", "properties": { "id": 1154, "alert_type": "Deforestation/Fire" }, "geometry": { "type": "Point", "coordinates": [ 125.396638993999716, -8.756328231955036 ] } },
{ "type": "Feature", "properties": { "id": 1155, "alert_type": "Deforestation/Fire" }, "geometry": { "type": "Point", "coordinates": [ 125.404723831556794, -8.756328231955036 ] } },
{ "type": "Feature", "properties": { "id": 1156, "alert_type": "Deforestation/Fire" }, "geometry": { "type": "Point", "coordinates": [ 125.459341400831249, -8.756328231955036 ] } },
{ "type": "Feature", "properties": { "id": 1157, "alert_type": "Deforestation/Fire" }, "geometry": { "type": "Point", "coordinates": [ 125.227396394471597, -8.756507895011861 ] } },
{ "type": "Feature", "properties": { "id": 1158, "alert_type": "Deforestation/Fire" }, "geometry": { "type": "Point", "coordinates": [ 125.230630329494431, -8.756507895011861 ] } },
{ "type": "Feature", "properties": { "id": 1159, "alert_type": "Deforestation/Fire" }, "geometry": { "type": "Point", "coordinates": [ 125.358550425953041, -8.756507895011861 ] } },
{ "type": "Feature", "properties": { "id": 1160, "alert_type": "Deforestation/Fire" }, "geometry": { "type": "Point", "coordinates": [ 125.230450666437605, -8.756687558068684 ] } },
{ "type": "Feature", "properties": { "id": 1161, "alert_type": "Deforestation/Fire" }, "geometry": { "type": "Point", "coordinates": [ 125.230630329494431, -8.756687558068684 ] } },
{ "type": "Feature", "properties": { "id": 1162, "alert_type": "Deforestation/Fire" }, "geometry": { "type": "Point", "coordinates": [ 125.292973410212326, -8.756687558068684 ] } },
{ "type": "Feature", "properties": { "id": 1163, "alert_type": "Deforestation/Fire" }, "geometry": { "type": "Point", "coordinates": [ 125.396100004829236, -8.756687558068684 ] } },
{ "type": "Feature", "properties": { "id": 1164, "alert_type": "Deforestation/Fire" }, "geometry": { "type": "Point", "coordinates": [ 125.396279667886063, -8.756687558068684 ] } },
{ "type": "Feature", "properties": { "id": 1165, "alert_type": "Deforestation/Fire" }, "geometry": { "type": "Point", "coordinates": [ 125.397177983170181, -8.756687558068684 ] } },
{ "type": "Feature", "properties": { "id": 1166, "alert_type": "Deforestation/Fire" }, "geometry": { "type": "Point", "coordinates": [ 125.409035744920558, -8.756687558068684 ] } },
{ "type": "Feature", "properties": { "id": 1167, "alert_type": "Deforestation/Fire" }, "geometry": { "type": "Point", "coordinates": [ 125.222904818050992, -8.756867221125509 ] } },
{ "type": "Feature", "properties": { "id": 1168, "alert_type": "Deforestation/Fire" }, "geometry": { "type": "Point", "coordinates": [ 125.230450666437605, -8.756867221125509 ] } },
{ "type": "Feature", "properties": { "id": 1169, "alert_type": "Deforestation/Fire" }, "geometry": { "type": "Point", "coordinates": [ 125.233864264517251, -8.756867221125509 ] } },
{ "type": "Feature", "properties": { "id": 1170, "alert_type": "Deforestation/Fire" }, "geometry": { "type": "Point", "coordinates": [ 125.404723831556794, -8.756867221125509 ] } },
{ "type": "Feature", "properties": { "id": 1171, "alert_type": "Deforestation/Fire" }, "geometry": { "type": "Point", "coordinates": [ 125.196494348697883, -8.757046884182332 ] } },
{ "type": "Feature", "properties": { "id": 1172, "alert_type": "Deforestation/Fire" }, "geometry": { "type": "Point", "coordinates": [ 125.22272515499418, -8.757046884182332 ] } },
{ "type": "Feature", "properties": { "id": 1173, "alert_type": "Deforestation/Fire" }, "geometry": { "type": "Point", "coordinates": [ 125.232786286176307, -8.757046884182332 ] } },
{ "type": "Feature", "properties": { "id": 1174, "alert_type": "Deforestation/Fire" }, "geometry": { "type": "Point", "coordinates": [ 125.358011436782576, -8.757046884182332 ] } },
{ "type": "Feature", "properties": { "id": 1175, "alert_type": "Deforestation/Fire" }, "geometry": { "type": "Point", "coordinates": [ 125.383343927794741, -8.757046884182332 ] } },
{ "type": "Feature", "properties": { "id": 1176, "alert_type": "Deforestation/Fire" }, "geometry": { "type": "Point", "coordinates": [ 125.397537309283834, -8.757046884182332 ] } },
{ "type": "Feature", "properties": { "id": 1177, "alert_type": "Deforestation/Fire" }, "geometry": { "type": "Point", "coordinates": [ 125.234403253687731, -8.757226547239156 ] } },
{ "type": "Feature", "properties": { "id": 1178, "alert_type": "Deforestation/Fire" }, "geometry": { "type": "Point", "coordinates": [ 125.377594709976378, -8.757226547239156 ] } },
{ "type": "Feature", "properties": { "id": 1179, "alert_type": "Deforestation/Fire" }, "geometry": { "type": "Point", "coordinates": [ 125.377774373033205, -8.757226547239156 ] } },
{ "type": "Feature", "properties": { "id": 1180, "alert_type": "Deforestation/Fire" }, "geometry": { "type": "Point", "coordinates": [ 125.404005179329488, -8.757226547239156 ] } },
{ "type": "Feature", "properties": { "id": 1181, "alert_type": "Deforestation/Fire" }, "geometry": { "type": "Point", "coordinates": [ 125.222365828880527, -8.757406210295979 ] } },
{ "type": "Feature", "properties": { "id": 1182, "alert_type": "Deforestation/Fire" }, "geometry": { "type": "Point", "coordinates": [ 125.232426960062668, -8.757406210295979 ] } },
{ "type": "Feature", "properties": { "id": 1183, "alert_type": "Deforestation/Fire" }, "geometry": { "type": "Point", "coordinates": [ 125.232606623119494, -8.757406210295979 ] } },
{ "type": "Feature", "properties": { "id": 1184, "alert_type": "Deforestation/Fire" }, "geometry": { "type": "Point", "coordinates": [ 125.233684601460439, -8.757406210295979 ] } },
{ "type": "Feature", "properties": { "id": 1185, "alert_type": "Deforestation/Fire" }, "geometry": { "type": "Point", "coordinates": [ 125.293332736325965, -8.757406210295979 ] } },
{ "type": "Feature", "properties": { "id": 1186, "alert_type": "Deforestation/Fire" }, "geometry": { "type": "Point", "coordinates": [ 125.223084481107819, -8.757585873352804 ] } },
{ "type": "Feature", "properties": { "id": 1187, "alert_type": "Deforestation/Fire" }, "geometry": { "type": "Point", "coordinates": [ 125.224521785562416, -8.757585873352804 ] } },
{ "type": "Feature", "properties": { "id": 1188, "alert_type": "Deforestation/Fire" }, "geometry": { "type": "Point", "coordinates": [ 125.232426960062668, -8.757585873352804 ] } },
{ "type": "Feature", "properties": { "id": 1189, "alert_type": "Deforestation/Fire" }, "geometry": { "type": "Point", "coordinates": [ 125.293332736325965, -8.757585873352804 ] } },
{ "type": "Feature", "properties": { "id": 1190, "alert_type": "Deforestation/Fire" }, "geometry": { "type": "Point", "coordinates": [ 125.375618416351315, -8.757585873352804 ] } },
{ "type": "Feature", "properties": { "id": 1191, "alert_type": "Deforestation/Fire" }, "geometry": { "type": "Point", "coordinates": [ 125.37669639469226, -8.757585873352804 ] } },
{ "type": "Feature", "properties": { "id": 1192, "alert_type": "Deforestation/Fire" }, "geometry": { "type": "Point", "coordinates": [ 125.207813121277795, -8.757765536409627 ] } },
{ "type": "Feature", "properties": { "id": 1193, "alert_type": "Deforestation/Fire" }, "geometry": { "type": "Point", "coordinates": [ 125.233864264517251, -8.757765536409627 ] } },
{ "type": "Feature", "properties": { "id": 1194, "alert_type": "Deforestation/Fire" }, "geometry": { "type": "Point", "coordinates": [ 125.293153073269139, -8.757765536409627 ] } },
{ "type": "Feature", "properties": { "id": 1195, "alert_type": "Deforestation/Fire" }, "geometry": { "type": "Point", "coordinates": [ 125.210687730186976, -8.757945199466452 ] } },
{ "type": "Feature", "properties": { "id": 1196, "alert_type": "Deforestation/Fire" }, "geometry": { "type": "Point", "coordinates": [ 125.226498079187479, -8.757945199466452 ] } },
{ "type": "Feature", "properties": { "id": 1197, "alert_type": "Deforestation/Fire" }, "geometry": { "type": "Point", "coordinates": [ 125.237816851767377, -8.757945199466452 ] } },
{ "type": "Feature", "properties": { "id": 1198, "alert_type": "Deforestation/Fire" }, "geometry": { "type": "Point", "coordinates": [ 125.355316490930221, -8.757945199466452 ] } },
{ "type": "Feature", "properties": { "id": 1199, "alert_type": "Deforestation/Fire" }, "geometry": { "type": "Point", "coordinates": [ 125.355496153987033, -8.757945199466452 ] } },
{ "type": "Feature", "properties": { "id": 1200, "alert_type": "Deforestation/Fire" }, "geometry": { "type": "Point", "coordinates": [ 125.360886045691757, -8.757945199466452 ] } },
{ "type": "Feature", "properties": { "id": 1201, "alert_type": "Deforestation/Fire" }, "geometry": { "type": "Point", "coordinates": [ 125.377235383862725, -8.757945199466452 ] } },
{ "type": "Feature", "properties": { "id": 1202, "alert_type": "Deforestation/Fire" }, "geometry": { "type": "Point", "coordinates": [ 125.377415046919552, -8.757945199466452 ] } },
{ "type": "Feature", "properties": { "id": 1203, "alert_type": "Deforestation/Fire" }, "geometry": { "type": "Point", "coordinates": [ 125.377594709976378, -8.757945199466452 ] } },
{ "type": "Feature", "properties": { "id": 1204, "alert_type": "Deforestation/Fire" }, "geometry": { "type": "Point", "coordinates": [ 125.452154878558304, -8.757945199466452 ] } },
{ "type": "Feature", "properties": { "id": 1205, "alert_type": "Deforestation/Fire" }, "geometry": { "type": "Point", "coordinates": [ 125.225240437789708, -8.758124862523275 ] } },
{ "type": "Feature", "properties": { "id": 1206, "alert_type": "Deforestation/Fire" }, "geometry": { "type": "Point", "coordinates": [ 125.226318416130653, -8.758124862523275 ] } },
{ "type": "Feature", "properties": { "id": 1207, "alert_type": "Deforestation/Fire" }, "geometry": { "type": "Point", "coordinates": [ 125.227576057528424, -8.758124862523275 ] } },
{ "type": "Feature", "properties": { "id": 1208, "alert_type": "Deforestation/Fire" }, "geometry": { "type": "Point", "coordinates": [ 125.233864264517251, -8.758124862523275 ] } },
{ "type": "Feature", "properties": { "id": 1209, "alert_type": "Deforestation/Fire" }, "geometry": { "type": "Point", "coordinates": [ 125.292973410212326, -8.758124862523275 ] } },
{ "type": "Feature", "properties": { "id": 1210, "alert_type": "Deforestation/Fire" }, "geometry": { "type": "Point", "coordinates": [ 125.379211677487788, -8.758124862523275 ] } },
{ "type": "Feature", "properties": { "id": 1211, "alert_type": "Deforestation/Fire" }, "geometry": { "type": "Point", "coordinates": [ 125.215179306607567, -8.758304525580099 ] } },
{ "type": "Feature", "properties": { "id": 1212, "alert_type": "Deforestation/Fire" }, "geometry": { "type": "Point", "coordinates": [ 125.226138753073826, -8.758304525580099 ] } },
{ "type": "Feature", "properties": { "id": 1213, "alert_type": "Deforestation/Fire" }, "geometry": { "type": "Point", "coordinates": [ 125.226318416130653, -8.758304525580099 ] } },
{ "type": "Feature", "properties": { "id": 1214, "alert_type": "Deforestation/Fire" }, "geometry": { "type": "Point", "coordinates": [ 125.22775572058525, -8.758304525580099 ] } },
{ "type": "Feature", "properties": { "id": 1215, "alert_type": "Deforestation/Fire" }, "geometry": { "type": "Point", "coordinates": [ 125.221287850539582, -8.758484188636924 ] } },
{ "type": "Feature", "properties": { "id": 1216, "alert_type": "Deforestation/Fire" }, "geometry": { "type": "Point", "coordinates": [ 125.22434212250559, -8.758484188636924 ] } },
{ "type": "Feature", "properties": { "id": 1217, "alert_type": "Deforestation/Fire" }, "geometry": { "type": "Point", "coordinates": [ 125.23098965560807, -8.758484188636924 ] } },
{ "type": "Feature", "properties": { "id": 1218, "alert_type": "Deforestation/Fire" }, "geometry": { "type": "Point", "coordinates": [ 125.232426960062668, -8.758484188636924 ] } },
{ "type": "Feature", "properties": { "id": 1219, "alert_type": "Deforestation/Fire" }, "geometry": { "type": "Point", "coordinates": [ 125.25362720076788, -8.758484188636924 ] } },
{ "type": "Feature", "properties": { "id": 1220, "alert_type": "Deforestation/Fire" }, "geometry": { "type": "Point", "coordinates": [ 125.376157405521795, -8.758484188636924 ] } },
{ "type": "Feature", "properties": { "id": 1221, "alert_type": "Deforestation/Fire" }, "geometry": { "type": "Point", "coordinates": [ 125.376516731635434, -8.758484188636924 ] } },
{ "type": "Feature", "properties": { "id": 1222, "alert_type": "Deforestation/Fire" }, "geometry": { "type": "Point", "coordinates": [ 125.222545491937353, -8.758663851693747 ] } },
{ "type": "Feature", "properties": { "id": 1223, "alert_type": "Deforestation/Fire" }, "geometry": { "type": "Point", "coordinates": [ 125.227216731414771, -8.758663851693747 ] } },
{ "type": "Feature", "properties": { "id": 1224, "alert_type": "Deforestation/Fire" }, "geometry": { "type": "Point", "coordinates": [ 125.232247297005841, -8.758663851693747 ] } },
{ "type": "Feature", "properties": { "id": 1225, "alert_type": "Deforestation/Fire" }, "geometry": { "type": "Point", "coordinates": [ 125.232426960062668, -8.758663851693747 ] } },
{ "type": "Feature", "properties": { "id": 1226, "alert_type": "Deforestation/Fire" }, "geometry": { "type": "Point", "coordinates": [ 125.233504938403613, -8.758663851693747 ] } },
{ "type": "Feature", "properties": { "id": 1227, "alert_type": "Deforestation/Fire" }, "geometry": { "type": "Point", "coordinates": [ 125.362323350146355, -8.758663851693747 ] } },
{ "type": "Feature", "properties": { "id": 1228, "alert_type": "Deforestation/Fire" }, "geometry": { "type": "Point", "coordinates": [ 125.362503013203167, -8.758663851693747 ] } },
{ "type": "Feature", "properties": { "id": 1229, "alert_type": "Deforestation/Fire" }, "geometry": { "type": "Point", "coordinates": [ 125.374899764124024, -8.758663851693747 ] } },
{ "type": "Feature", "properties": { "id": 1230, "alert_type": "Deforestation/Fire" }, "geometry": { "type": "Point", "coordinates": [ 125.441195432092044, -8.758663851693747 ] } },
{ "type": "Feature", "properties": { "id": 1231, "alert_type": "Deforestation/Fire" }, "geometry": { "type": "Point", "coordinates": [ 125.223084481107819, -8.758843514750572 ] } },
{ "type": "Feature", "properties": { "id": 1232, "alert_type": "Deforestation/Fire" }, "geometry": { "type": "Point", "coordinates": [ 125.223264144164645, -8.758843514750572 ] } },
{ "type": "Feature", "properties": { "id": 1233, "alert_type": "Deforestation/Fire" }, "geometry": { "type": "Point", "coordinates": [ 125.223443807221472, -8.758843514750572 ] } },
{ "type": "Feature", "properties": { "id": 1234, "alert_type": "Deforestation/Fire" }, "geometry": { "type": "Point", "coordinates": [ 125.227037068357944, -8.758843514750572 ] } },
{ "type": "Feature", "properties": { "id": 1235, "alert_type": "Deforestation/Fire" }, "geometry": { "type": "Point", "coordinates": [ 125.227216731414771, -8.758843514750572 ] } },
{ "type": "Feature", "properties": { "id": 1236, "alert_type": "Deforestation/Fire" }, "geometry": { "type": "Point", "coordinates": [ 125.231708307835376, -8.758843514750572 ] } },
{ "type": "Feature", "properties": { "id": 1237, "alert_type": "Deforestation/Fire" }, "geometry": { "type": "Point", "coordinates": [ 125.232247297005841, -8.758843514750572 ] } },
{ "type": "Feature", "properties": { "id": 1238, "alert_type": "Deforestation/Fire" }, "geometry": { "type": "Point", "coordinates": [ 125.232426960062668, -8.758843514750572 ] } },
{ "type": "Feature", "properties": { "id": 1239, "alert_type": "Deforestation/Fire" }, "geometry": { "type": "Point", "coordinates": [ 125.23314561228996, -8.758843514750572 ] } },
{ "type": "Feature", "properties": { "id": 1240, "alert_type": "Deforestation/Fire" }, "geometry": { "type": "Point", "coordinates": [ 125.233325275346786, -8.758843514750572 ] } },
{ "type": "Feature", "properties": { "id": 1241, "alert_type": "Deforestation/Fire" }, "geometry": { "type": "Point", "coordinates": [ 125.233504938403613, -8.758843514750572 ] } },
{ "type": "Feature", "properties": { "id": 1242, "alert_type": "Deforestation/Fire" }, "geometry": { "type": "Point", "coordinates": [ 125.234762579801369, -8.758843514750572 ] } },
{ "type": "Feature", "properties": { "id": 1243, "alert_type": "Deforestation/Fire" }, "geometry": { "type": "Point", "coordinates": [ 125.371486166044363, -8.758843514750572 ] } },
{ "type": "Feature", "properties": { "id": 1244, "alert_type": "Deforestation/Fire" }, "geometry": { "type": "Point", "coordinates": [ 125.430415648682612, -8.758843514750572 ] } },
{ "type": "Feature", "properties": { "id": 1245, "alert_type": "Deforestation/Fire" }, "geometry": { "type": "Point", "coordinates": [ 125.22434212250559, -8.759023177807395 ] } },
{ "type": "Feature", "properties": { "id": 1246, "alert_type": "Deforestation/Fire" }, "geometry": { "type": "Point", "coordinates": [ 125.231887970892188, -8.759023177807395 ] } },
{ "type": "Feature", "properties": { "id": 1247, "alert_type": "Deforestation/Fire" }, "geometry": { "type": "Point", "coordinates": [ 125.23314561228996, -8.759023177807395 ] } },
{ "type": "Feature", "properties": { "id": 1248, "alert_type": "Deforestation/Fire" }, "geometry": { "type": "Point", "coordinates": [ 125.234043927574078, -8.759023177807395 ] } },
{ "type": "Feature", "properties": { "id": 1249, "alert_type": "Deforestation/Fire" }, "geometry": { "type": "Point", "coordinates": [ 125.234762579801369, -8.759023177807395 ] } },
{ "type": "Feature", "properties": { "id": 1250, "alert_type": "Deforestation/Fire" }, "geometry": { "type": "Point", "coordinates": [ 125.297644649689744, -8.759023177807395 ] } },
{ "type": "Feature", "properties": { "id": 1251, "alert_type": "Deforestation/Fire" }, "geometry": { "type": "Point", "coordinates": [ 125.430235985625785, -8.759023177807395 ] } },
{ "type": "Feature", "properties": { "id": 1252, "alert_type": "Deforestation/Fire" }, "geometry": { "type": "Point", "coordinates": [ 125.223084481107819, -8.759202840864219 ] } },
{ "type": "Feature", "properties": { "id": 1253, "alert_type": "Deforestation/Fire" }, "geometry": { "type": "Point", "coordinates": [ 125.225060774732881, -8.759202840864219 ] } },
{ "type": "Feature", "properties": { "id": 1254, "alert_type": "Deforestation/Fire" }, "geometry": { "type": "Point", "coordinates": [ 125.226498079187479, -8.759202840864219 ] } },
{ "type": "Feature", "properties": { "id": 1255, "alert_type": "Deforestation/Fire" }, "geometry": { "type": "Point", "coordinates": [ 125.227037068357944, -8.759202840864219 ] } },
{ "type": "Feature", "properties": { "id": 1256, "alert_type": "Deforestation/Fire" }, "geometry": { "type": "Point", "coordinates": [ 125.227216731414771, -8.759202840864219 ] } },
{ "type": "Feature", "properties": { "id": 1257, "alert_type": "Deforestation/Fire" }, "geometry": { "type": "Point", "coordinates": [ 125.227396394471597, -8.759202840864219 ] } },
{ "type": "Feature", "properties": { "id": 1258, "alert_type": "Deforestation/Fire" }, "geometry": { "type": "Point", "coordinates": [ 125.229193025039834, -8.759202840864219 ] } },
{ "type": "Feature", "properties": { "id": 1259, "alert_type": "Deforestation/Fire" }, "geometry": { "type": "Point", "coordinates": [ 125.23152864477855, -8.759202840864219 ] } },
{ "type": "Feature", "properties": { "id": 1260, "alert_type": "Deforestation/Fire" }, "geometry": { "type": "Point", "coordinates": [ 125.232965949233133, -8.759202840864219 ] } },
{ "type": "Feature", "properties": { "id": 1261, "alert_type": "Deforestation/Fire" }, "geometry": { "type": "Point", "coordinates": [ 125.23314561228996, -8.759202840864219 ] } },
{ "type": "Feature", "properties": { "id": 1262, "alert_type": "Deforestation/Fire" }, "geometry": { "type": "Point", "coordinates": [ 125.233504938403613, -8.759202840864219 ] } },
{ "type": "Feature", "properties": { "id": 1263, "alert_type": "Deforestation/Fire" }, "geometry": { "type": "Point", "coordinates": [ 125.297644649689744, -8.759202840864219 ] } },
{ "type": "Feature", "properties": { "id": 1264, "alert_type": "Deforestation/Fire" }, "geometry": { "type": "Point", "coordinates": [ 125.355136827873395, -8.759202840864219 ] } },
{ "type": "Feature", "properties": { "id": 1265, "alert_type": "Deforestation/Fire" }, "geometry": { "type": "Point", "coordinates": [ 125.370587850760245, -8.759202840864219 ] } },
{ "type": "Feature", "properties": { "id": 1266, "alert_type": "Deforestation/Fire" }, "geometry": { "type": "Point", "coordinates": [ 125.371306502987537, -8.759202840864219 ] } },
{ "type": "Feature", "properties": { "id": 1267, "alert_type": "Deforestation/Fire" }, "geometry": { "type": "Point", "coordinates": [ 125.37166582910119, -8.759202840864219 ] } },
{ "type": "Feature", "properties": { "id": 1268, "alert_type": "Deforestation/Fire" }, "geometry": { "type": "Point", "coordinates": [ 125.375618416351315, -8.759202840864219 ] } },
{ "type": "Feature", "properties": { "id": 1269, "alert_type": "Deforestation/Fire" }, "geometry": { "type": "Point", "coordinates": [ 125.207094469050489, -8.759382503921042 ] } },
{ "type": "Feature", "properties": { "id": 1270, "alert_type": "Deforestation/Fire" }, "geometry": { "type": "Point", "coordinates": [ 125.225060774732881, -8.759382503921042 ] } },
{ "type": "Feature", "properties": { "id": 1271, "alert_type": "Deforestation/Fire" }, "geometry": { "type": "Point", "coordinates": [ 125.226857405301118, -8.759382503921042 ] } },
{ "type": "Feature", "properties": { "id": 1272, "alert_type": "Deforestation/Fire" }, "geometry": { "type": "Point", "coordinates": [ 125.227037068357944, -8.759382503921042 ] } },
{ "type": "Feature", "properties": { "id": 1273, "alert_type": "Deforestation/Fire" }, "geometry": { "type": "Point", "coordinates": [ 125.227216731414771, -8.759382503921042 ] } },
{ "type": "Feature", "properties": { "id": 1274, "alert_type": "Deforestation/Fire" }, "geometry": { "type": "Point", "coordinates": [ 125.227396394471597, -8.759382503921042 ] } },
{ "type": "Feature", "properties": { "id": 1275, "alert_type": "Deforestation/Fire" }, "geometry": { "type": "Point", "coordinates": [ 125.232786286176307, -8.759382503921042 ] } },
{ "type": "Feature", "properties": { "id": 1276, "alert_type": "Deforestation/Fire" }, "geometry": { "type": "Point", "coordinates": [ 125.233325275346786, -8.759382503921042 ] } },
{ "type": "Feature", "properties": { "id": 1277, "alert_type": "Deforestation/Fire" }, "geometry": { "type": "Point", "coordinates": [ 125.233504938403613, -8.759382503921042 ] } },
{ "type": "Feature", "properties": { "id": 1278, "alert_type": "Deforestation/Fire" }, "geometry": { "type": "Point", "coordinates": [ 125.240152471506093, -8.759382503921042 ] } },
{ "type": "Feature", "properties": { "id": 1279, "alert_type": "Deforestation/Fire" }, "geometry": { "type": "Point", "coordinates": [ 125.300698921655751, -8.759382503921042 ] } },
{ "type": "Feature", "properties": { "id": 1280, "alert_type": "Deforestation/Fire" }, "geometry": { "type": "Point", "coordinates": [ 125.354957164816568, -8.759382503921042 ] } },
{ "type": "Feature", "properties": { "id": 1281, "alert_type": "Deforestation/Fire" }, "geometry": { "type": "Point", "coordinates": [ 125.360886045691757, -8.759382503921042 ] } },
{ "type": "Feature", "properties": { "id": 1282, "alert_type": "Deforestation/Fire" }, "geometry": { "type": "Point", "coordinates": [ 125.36124537180541, -8.759382503921042 ] } },
{ "type": "Feature", "properties": { "id": 1283, "alert_type": "Deforestation/Fire" }, "geometry": { "type": "Point", "coordinates": [ 125.430056322568959, -8.759382503921042 ] } },
{ "type": "Feature", "properties": { "id": 1284, "alert_type": "Deforestation/Fire" }, "geometry": { "type": "Point", "coordinates": [ 125.222006502766874, -8.759562166977867 ] } },
{ "type": "Feature", "properties": { "id": 1285, "alert_type": "Deforestation/Fire" }, "geometry": { "type": "Point", "coordinates": [ 125.223084481107819, -8.759562166977867 ] } },
{ "type": "Feature", "properties": { "id": 1286, "alert_type": "Deforestation/Fire" }, "geometry": { "type": "Point", "coordinates": [ 125.223264144164645, -8.759562166977867 ] } },
{ "type": "Feature", "properties": { "id": 1287, "alert_type": "Deforestation/Fire" }, "geometry": { "type": "Point", "coordinates": [ 125.223443807221472, -8.759562166977867 ] } },
{ "type": "Feature", "properties": { "id": 1288, "alert_type": "Deforestation/Fire" }, "geometry": { "type": "Point", "coordinates": [ 125.226857405301118, -8.759562166977867 ] } },
{ "type": "Feature", "properties": { "id": 1289, "alert_type": "Deforestation/Fire" }, "geometry": { "type": "Point", "coordinates": [ 125.227216731414771, -8.759562166977867 ] } },
{ "type": "Feature", "properties": { "id": 1290, "alert_type": "Deforestation/Fire" }, "geometry": { "type": "Point", "coordinates": [ 125.227396394471597, -8.759562166977867 ] } },
{ "type": "Feature", "properties": { "id": 1291, "alert_type": "Deforestation/Fire" }, "geometry": { "type": "Point", "coordinates": [ 125.229013361983007, -8.759562166977867 ] } },
{ "type": "Feature", "properties": { "id": 1292, "alert_type": "Deforestation/Fire" }, "geometry": { "type": "Point", "coordinates": [ 125.231348981721723, -8.759562166977867 ] } },
{ "type": "Feature", "properties": { "id": 1293, "alert_type": "Deforestation/Fire" }, "geometry": { "type": "Point", "coordinates": [ 125.23152864477855, -8.759562166977867 ] } },
{ "type": "Feature", "properties": { "id": 1294, "alert_type": "Deforestation/Fire" }, "geometry": { "type": "Point", "coordinates": [ 125.232965949233133, -8.759562166977867 ] } },
{ "type": "Feature", "properties": { "id": 1295, "alert_type": "Deforestation/Fire" }, "geometry": { "type": "Point", "coordinates": [ 125.23314561228996, -8.759562166977867 ] } },
{ "type": "Feature", "properties": { "id": 1296, "alert_type": "Deforestation/Fire" }, "geometry": { "type": "Point", "coordinates": [ 125.233325275346786, -8.759562166977867 ] } },
{ "type": "Feature", "properties": { "id": 1297, "alert_type": "Deforestation/Fire" }, "geometry": { "type": "Point", "coordinates": [ 125.233504938403613, -8.759562166977867 ] } },
{ "type": "Feature", "properties": { "id": 1298, "alert_type": "Deforestation/Fire" }, "geometry": { "type": "Point", "coordinates": [ 125.30159723693987, -8.759562166977867 ] } },
{ "type": "Feature", "properties": { "id": 1299, "alert_type": "Deforestation/Fire" }, "geometry": { "type": "Point", "coordinates": [ 125.348668957827726, -8.759562166977867 ] } },
{ "type": "Feature", "properties": { "id": 1300, "alert_type": "Deforestation/Fire" }, "geometry": { "type": "Point", "coordinates": [ 125.353879186475623, -8.759562166977867 ] } },
{ "type": "Feature", "properties": { "id": 1301, "alert_type": "Deforestation/Fire" }, "geometry": { "type": "Point", "coordinates": [ 125.368791220192008, -8.759562166977867 ] } },
{ "type": "Feature", "properties": { "id": 1302, "alert_type": "Deforestation/Fire" }, "geometry": { "type": "Point", "coordinates": [ 125.368970883248835, -8.759562166977867 ] } },
{ "type": "Feature", "properties": { "id": 1303, "alert_type": "Deforestation/Fire" }, "geometry": { "type": "Point", "coordinates": [ 125.375977742464968, -8.759562166977867 ] } },
{ "type": "Feature", "properties": { "id": 1304, "alert_type": "Deforestation/Fire" }, "geometry": { "type": "Point", "coordinates": [ 125.221826839710047, -8.75974183003469 ] } },
{ "type": "Feature", "properties": { "id": 1305, "alert_type": "Deforestation/Fire" }, "geometry": { "type": "Point", "coordinates": [ 125.223084481107819, -8.75974183003469 ] } },
{ "type": "Feature", "properties": { "id": 1306, "alert_type": "Deforestation/Fire" }, "geometry": { "type": "Point", "coordinates": [ 125.226318416130653, -8.75974183003469 ] } },
{ "type": "Feature", "properties": { "id": 1307, "alert_type": "Deforestation/Fire" }, "geometry": { "type": "Point", "coordinates": [ 125.226498079187479, -8.75974183003469 ] } },
{ "type": "Feature", "properties": { "id": 1308, "alert_type": "Deforestation/Fire" }, "geometry": { "type": "Point", "coordinates": [ 125.227216731414771, -8.75974183003469 ] } },
{ "type": "Feature", "properties": { "id": 1309, "alert_type": "Deforestation/Fire" }, "geometry": { "type": "Point", "coordinates": [ 125.229732014210313, -8.75974183003469 ] } },
{ "type": "Feature", "properties": { "id": 1310, "alert_type": "Deforestation/Fire" }, "geometry": { "type": "Point", "coordinates": [ 125.230450666437605, -8.75974183003469 ] } },
{ "type": "Feature", "properties": { "id": 1311, "alert_type": "Deforestation/Fire" }, "geometry": { "type": "Point", "coordinates": [ 125.23152864477855, -8.75974183003469 ] } },
{ "type": "Feature", "properties": { "id": 1312, "alert_type": "Deforestation/Fire" }, "geometry": { "type": "Point", "coordinates": [ 125.23314561228996, -8.75974183003469 ] } },
{ "type": "Feature", "properties": { "id": 1313, "alert_type": "Deforestation/Fire" }, "geometry": { "type": "Point", "coordinates": [ 125.233684601460439, -8.75974183003469 ] } },
{ "type": "Feature", "properties": { "id": 1314, "alert_type": "Deforestation/Fire" }, "geometry": { "type": "Point", "coordinates": [ 125.234043927574078, -8.75974183003469 ] } },
{ "type": "Feature", "properties": { "id": 1315, "alert_type": "Deforestation/Fire" }, "geometry": { "type": "Point", "coordinates": [ 125.368431894078356, -8.75974183003469 ] } },
{ "type": "Feature", "properties": { "id": 1316, "alert_type": "Deforestation/Fire" }, "geometry": { "type": "Point", "coordinates": [ 125.465449944763265, -8.75974183003469 ] } },
{ "type": "Feature", "properties": { "id": 1317, "alert_type": "Deforestation/Fire" }, "geometry": { "type": "Point", "coordinates": [ 125.210148741016496, -8.759921493091515 ] } },
{ "type": "Feature", "properties": { "id": 1318, "alert_type": "Deforestation/Fire" }, "geometry": { "type": "Point", "coordinates": [ 125.210328404073323, -8.759921493091515 ] } },
{ "type": "Feature", "properties": { "id": 1319, "alert_type": "Deforestation/Fire" }, "geometry": { "type": "Point", "coordinates": [ 125.221287850539582, -8.759921493091515 ] } },
{ "type": "Feature", "properties": { "id": 1320, "alert_type": "Deforestation/Fire" }, "geometry": { "type": "Point", "coordinates": [ 125.221467513596409, -8.759921493091515 ] } },
{ "type": "Feature", "properties": { "id": 1321, "alert_type": "Deforestation/Fire" }, "geometry": { "type": "Point", "coordinates": [ 125.222545491937353, -8.759921493091515 ] } },
{ "type": "Feature", "properties": { "id": 1322, "alert_type": "Deforestation/Fire" }, "geometry": { "type": "Point", "coordinates": [ 125.230271003380778, -8.759921493091515 ] } },
{ "type": "Feature", "properties": { "id": 1323, "alert_type": "Deforestation/Fire" }, "geometry": { "type": "Point", "coordinates": [ 125.23314561228996, -8.759921493091515 ] } },
{ "type": "Feature", "properties": { "id": 1324, "alert_type": "Deforestation/Fire" }, "geometry": { "type": "Point", "coordinates": [ 125.234043927574078, -8.759921493091515 ] } },
{ "type": "Feature", "properties": { "id": 1325, "alert_type": "Deforestation/Fire" }, "geometry": { "type": "Point", "coordinates": [ 125.368072567964717, -8.759921493091515 ] } },
{ "type": "Feature", "properties": { "id": 1326, "alert_type": "Deforestation/Fire" }, "geometry": { "type": "Point", "coordinates": [ 125.383703253908394, -8.759921493091515 ] } },
{ "type": "Feature", "properties": { "id": 1327, "alert_type": "Deforestation/Fire" }, "geometry": { "type": "Point", "coordinates": [ 125.425564746148368, -8.759921493091515 ] } },
{ "type": "Feature", "properties": { "id": 1328, "alert_type": "Deforestation/Fire" }, "geometry": { "type": "Point", "coordinates": [ 125.430056322568959, -8.759921493091515 ] } },
{ "type": "Feature", "properties": { "id": 1329, "alert_type": "Deforestation/Fire" }, "geometry": { "type": "Point", "coordinates": [ 125.209430088789205, -8.760101156148338 ] } },
{ "type": "Feature", "properties": { "id": 1330, "alert_type": "Deforestation/Fire" }, "geometry": { "type": "Point", "coordinates": [ 125.20996907795967, -8.760101156148338 ] } },
{ "type": "Feature", "properties": { "id": 1331, "alert_type": "Deforestation/Fire" }, "geometry": { "type": "Point", "coordinates": [ 125.221467513596409, -8.760101156148338 ] } },
{ "type": "Feature", "properties": { "id": 1332, "alert_type": "Deforestation/Fire" }, "geometry": { "type": "Point", "coordinates": [ 125.222904818050992, -8.760101156148338 ] } },
{ "type": "Feature", "properties": { "id": 1333, "alert_type": "Deforestation/Fire" }, "geometry": { "type": "Point", "coordinates": [ 125.232965949233133, -8.760101156148338 ] } },
{ "type": "Feature", "properties": { "id": 1334, "alert_type": "Deforestation/Fire" }, "geometry": { "type": "Point", "coordinates": [ 125.235301568971849, -8.760101156148338 ] } },
{ "type": "Feature", "properties": { "id": 1335, "alert_type": "Deforestation/Fire" }, "geometry": { "type": "Point", "coordinates": [ 125.235481232028675, -8.760101156148338 ] } },
{ "type": "Feature", "properties": { "id": 1336, "alert_type": "Deforestation/Fire" }, "geometry": { "type": "Point", "coordinates": [ 125.368072567964717, -8.760101156148338 ] } },
{ "type": "Feature", "properties": { "id": 1337, "alert_type": "Deforestation/Fire" }, "geometry": { "type": "Point", "coordinates": [ 125.368431894078356, -8.760101156148338 ] } },
{ "type": "Feature", "properties": { "id": 1338, "alert_type": "Deforestation/Fire" }, "geometry": { "type": "Point", "coordinates": [ 125.426463061432486, -8.760101156148338 ] } },
{ "type": "Feature", "properties": { "id": 1339, "alert_type": "Deforestation/Fire" }, "geometry": { "type": "Point", "coordinates": [ 125.428259692000722, -8.760101156148338 ] } },
{ "type": "Feature", "properties": { "id": 1340, "alert_type": "Deforestation/Fire" }, "geometry": { "type": "Point", "coordinates": [ 125.229193025039834, -8.760280819205162 ] } },
{ "type": "Feature", "properties": { "id": 1341, "alert_type": "Deforestation/Fire" }, "geometry": { "type": "Point", "coordinates": [ 125.22937268809666, -8.760280819205162 ] } },
{ "type": "Feature", "properties": { "id": 1342, "alert_type": "Deforestation/Fire" }, "geometry": { "type": "Point", "coordinates": [ 125.23152864477855, -8.760280819205162 ] } },
{ "type": "Feature", "properties": { "id": 1343, "alert_type": "Deforestation/Fire" }, "geometry": { "type": "Point", "coordinates": [ 125.234942242858196, -8.760280819205162 ] } },
{ "type": "Feature", "properties": { "id": 1344, "alert_type": "Deforestation/Fire" }, "geometry": { "type": "Point", "coordinates": [ 125.235301568971849, -8.760280819205162 ] } },
{ "type": "Feature", "properties": { "id": 1345, "alert_type": "Deforestation/Fire" }, "geometry": { "type": "Point", "coordinates": [ 125.235660895085502, -8.760280819205162 ] } },
{ "type": "Feature", "properties": { "id": 1346, "alert_type": "Deforestation/Fire" }, "geometry": { "type": "Point", "coordinates": [ 125.236020221199141, -8.760280819205162 ] } },
{ "type": "Feature", "properties": { "id": 1347, "alert_type": "Deforestation/Fire" }, "geometry": { "type": "Point", "coordinates": [ 125.23979314539244, -8.760280819205162 ] } },
{ "type": "Feature", "properties": { "id": 1348, "alert_type": "Deforestation/Fire" }, "geometry": { "type": "Point", "coordinates": [ 125.428080028943896, -8.760280819205162 ] } },
{ "type": "Feature", "properties": { "id": 1349, "alert_type": "Deforestation/Fire" }, "geometry": { "type": "Point", "coordinates": [ 125.429696996455306, -8.760280819205162 ] } },
{ "type": "Feature", "properties": { "id": 1350, "alert_type": "Deforestation/Fire" }, "geometry": { "type": "Point", "coordinates": [ 125.22272515499418, -8.760460482261987 ] } },
{ "type": "Feature", "properties": { "id": 1351, "alert_type": "Deforestation/Fire" }, "geometry": { "type": "Point", "coordinates": [ 125.223084481107819, -8.760460482261987 ] } },
{ "type": "Feature", "properties": { "id": 1352, "alert_type": "Deforestation/Fire" }, "geometry": { "type": "Point", "coordinates": [ 125.232965949233133, -8.760460482261987 ] } },
{ "type": "Feature", "properties": { "id": 1353, "alert_type": "Deforestation/Fire" }, "geometry": { "type": "Point", "coordinates": [ 125.23314561228996, -8.760460482261987 ] } },
{ "type": "Feature", "properties": { "id": 1354, "alert_type": "Deforestation/Fire" }, "geometry": { "type": "Point", "coordinates": [ 125.233325275346786, -8.760460482261987 ] } },
{ "type": "Feature", "properties": { "id": 1355, "alert_type": "Deforestation/Fire" }, "geometry": { "type": "Point", "coordinates": [ 125.233504938403613, -8.760460482261987 ] } },
{ "type": "Feature", "properties": { "id": 1356, "alert_type": "Deforestation/Fire" }, "geometry": { "type": "Point", "coordinates": [ 125.234762579801369, -8.760460482261987 ] } },
{ "type": "Feature", "properties": { "id": 1357, "alert_type": "Deforestation/Fire" }, "geometry": { "type": "Point", "coordinates": [ 125.430056322568959, -8.760460482261987 ] } },
{ "type": "Feature", "properties": { "id": 1358, "alert_type": "Deforestation/Fire" }, "geometry": { "type": "Point", "coordinates": [ 125.430595311739438, -8.760460482261987 ] } },
{ "type": "Feature", "properties": { "id": 1359, "alert_type": "Deforestation/Fire" }, "geometry": { "type": "Point", "coordinates": [ 125.221467513596409, -8.76064014531881 ] } },
{ "type": "Feature", "properties": { "id": 1360, "alert_type": "Deforestation/Fire" }, "geometry": { "type": "Point", "coordinates": [ 125.22272515499418, -8.76064014531881 ] } },
{ "type": "Feature", "properties": { "id": 1361, "alert_type": "Deforestation/Fire" }, "geometry": { "type": "Point", "coordinates": [ 125.223623470278298, -8.76064014531881 ] } },
{ "type": "Feature", "properties": { "id": 1362, "alert_type": "Deforestation/Fire" }, "geometry": { "type": "Point", "coordinates": [ 125.230450666437605, -8.76064014531881 ] } },
{ "type": "Feature", "properties": { "id": 1363, "alert_type": "Deforestation/Fire" }, "geometry": { "type": "Point", "coordinates": [ 125.232786286176307, -8.76064014531881 ] } },
{ "type": "Feature", "properties": { "id": 1364, "alert_type": "Deforestation/Fire" }, "geometry": { "type": "Point", "coordinates": [ 125.232965949233133, -8.76064014531881 ] } },
{ "type": "Feature", "properties": { "id": 1365, "alert_type": "Deforestation/Fire" }, "geometry": { "type": "Point", "coordinates": [ 125.23314561228996, -8.76064014531881 ] } },
{ "type": "Feature", "properties": { "id": 1366, "alert_type": "Deforestation/Fire" }, "geometry": { "type": "Point", "coordinates": [ 125.233325275346786, -8.76064014531881 ] } },
{ "type": "Feature", "properties": { "id": 1367, "alert_type": "Deforestation/Fire" }, "geometry": { "type": "Point", "coordinates": [ 125.233504938403613, -8.76064014531881 ] } },
{ "type": "Feature", "properties": { "id": 1368, "alert_type": "Deforestation/Fire" }, "geometry": { "type": "Point", "coordinates": [ 125.233864264517251, -8.76064014531881 ] } },
{ "type": "Feature", "properties": { "id": 1369, "alert_type": "Deforestation/Fire" }, "geometry": { "type": "Point", "coordinates": [ 125.234043927574078, -8.76064014531881 ] } },
{ "type": "Feature", "properties": { "id": 1370, "alert_type": "Deforestation/Fire" }, "geometry": { "type": "Point", "coordinates": [ 125.234762579801369, -8.76064014531881 ] } },
{ "type": "Feature", "properties": { "id": 1371, "alert_type": "Deforestation/Fire" }, "geometry": { "type": "Point", "coordinates": [ 125.236020221199141, -8.76064014531881 ] } },
{ "type": "Feature", "properties": { "id": 1372, "alert_type": "Deforestation/Fire" }, "geometry": { "type": "Point", "coordinates": [ 125.353160534248332, -8.76064014531881 ] } },
{ "type": "Feature", "properties": { "id": 1373, "alert_type": "Deforestation/Fire" }, "geometry": { "type": "Point", "coordinates": [ 125.430056322568959, -8.76064014531881 ] } },
{ "type": "Feature", "properties": { "id": 1374, "alert_type": "Deforestation/Fire" }, "geometry": { "type": "Point", "coordinates": [ 125.431134300909903, -8.76064014531881 ] } },
{ "type": "Feature", "properties": { "id": 1375, "alert_type": "Deforestation/Fire" }, "geometry": { "type": "Point", "coordinates": [ 125.222365828880527, -8.760819808375635 ] } },
{ "type": "Feature", "properties": { "id": 1376, "alert_type": "Deforestation/Fire" }, "geometry": { "type": "Point", "coordinates": [ 125.222545491937353, -8.760819808375635 ] } },
{ "type": "Feature", "properties": { "id": 1377, "alert_type": "Deforestation/Fire" }, "geometry": { "type": "Point", "coordinates": [ 125.22272515499418, -8.760819808375635 ] } },
{ "type": "Feature", "properties": { "id": 1378, "alert_type": "Deforestation/Fire" }, "geometry": { "type": "Point", "coordinates": [ 125.232965949233133, -8.760819808375635 ] } },
{ "type": "Feature", "properties": { "id": 1379, "alert_type": "Deforestation/Fire" }, "geometry": { "type": "Point", "coordinates": [ 125.233864264517251, -8.760819808375635 ] } },
{ "type": "Feature", "properties": { "id": 1380, "alert_type": "Deforestation/Fire" }, "geometry": { "type": "Point", "coordinates": [ 125.234043927574078, -8.760819808375635 ] } },
{ "type": "Feature", "properties": { "id": 1381, "alert_type": "Deforestation/Fire" }, "geometry": { "type": "Point", "coordinates": [ 125.364119980714591, -8.760819808375635 ] } },
{ "type": "Feature", "properties": { "id": 1382, "alert_type": "Deforestation/Fire" }, "geometry": { "type": "Point", "coordinates": [ 125.372025155214843, -8.760819808375635 ] } },
{ "type": "Feature", "properties": { "id": 1383, "alert_type": "Deforestation/Fire" }, "geometry": { "type": "Point", "coordinates": [ 125.429517333398493, -8.760819808375635 ] } },
{ "type": "Feature", "properties": { "id": 1384, "alert_type": "Deforestation/Fire" }, "geometry": { "type": "Point", "coordinates": [ 125.232965949233133, -8.760999471432457 ] } },
{ "type": "Feature", "properties": { "id": 1385, "alert_type": "Deforestation/Fire" }, "geometry": { "type": "Point", "coordinates": [ 125.233864264517251, -8.760999471432457 ] } },
{ "type": "Feature", "properties": { "id": 1386, "alert_type": "Deforestation/Fire" }, "geometry": { "type": "Point", "coordinates": [ 125.234043927574078, -8.760999471432457 ] } },
{ "type": "Feature", "properties": { "id": 1387, "alert_type": "Deforestation/Fire" }, "geometry": { "type": "Point", "coordinates": [ 125.234223590630904, -8.760999471432457 ] } },
{ "type": "Feature", "properties": { "id": 1388, "alert_type": "Deforestation/Fire" }, "geometry": { "type": "Point", "coordinates": [ 125.428259692000722, -8.760999471432457 ] } },
{ "type": "Feature", "properties": { "id": 1389, "alert_type": "Deforestation/Fire" }, "geometry": { "type": "Point", "coordinates": [ 125.432571605364501, -8.760999471432457 ] } },
{ "type": "Feature", "properties": { "id": 1390, "alert_type": "Deforestation/Fire" }, "geometry": { "type": "Point", "coordinates": [ 125.221826839710047, -8.761179134489282 ] } },
{ "type": "Feature", "properties": { "id": 1391, "alert_type": "Deforestation/Fire" }, "geometry": { "type": "Point", "coordinates": [ 125.222006502766874, -8.761179134489282 ] } },
{ "type": "Feature", "properties": { "id": 1392, "alert_type": "Deforestation/Fire" }, "geometry": { "type": "Point", "coordinates": [ 125.223264144164645, -8.761179134489282 ] } },
{ "type": "Feature", "properties": { "id": 1393, "alert_type": "Deforestation/Fire" }, "geometry": { "type": "Point", "coordinates": [ 125.231348981721723, -8.761179134489282 ] } },
{ "type": "Feature", "properties": { "id": 1394, "alert_type": "Deforestation/Fire" }, "geometry": { "type": "Point", "coordinates": [ 125.233864264517251, -8.761179134489282 ] } },
{ "type": "Feature", "properties": { "id": 1395, "alert_type": "Deforestation/Fire" }, "geometry": { "type": "Point", "coordinates": [ 125.234942242858196, -8.761179134489282 ] } },
{ "type": "Feature", "properties": { "id": 1396, "alert_type": "Deforestation/Fire" }, "geometry": { "type": "Point", "coordinates": [ 125.466887249217862, -8.761179134489282 ] } },
{ "type": "Feature", "properties": { "id": 1397, "alert_type": "Deforestation/Fire" }, "geometry": { "type": "Point", "coordinates": [ 125.467066912274689, -8.761179134489282 ] } },
{ "type": "Feature", "properties": { "id": 1398, "alert_type": "Deforestation/Fire" }, "geometry": { "type": "Point", "coordinates": [ 125.221826839710047, -8.761358797546105 ] } },
{ "type": "Feature", "properties": { "id": 1399, "alert_type": "Deforestation/Fire" }, "geometry": { "type": "Point", "coordinates": [ 125.223264144164645, -8.761358797546105 ] } },
{ "type": "Feature", "properties": { "id": 1400, "alert_type": "Deforestation/Fire" }, "geometry": { "type": "Point", "coordinates": [ 125.231348981721723, -8.761358797546105 ] } },
{ "type": "Feature", "properties": { "id": 1401, "alert_type": "Deforestation/Fire" }, "geometry": { "type": "Point", "coordinates": [ 125.232786286176307, -8.761358797546105 ] } },
{ "type": "Feature", "properties": { "id": 1402, "alert_type": "Deforestation/Fire" }, "geometry": { "type": "Point", "coordinates": [ 125.232965949233133, -8.761358797546105 ] } },
{ "type": "Feature", "properties": { "id": 1403, "alert_type": "Deforestation/Fire" }, "geometry": { "type": "Point", "coordinates": [ 125.233504938403613, -8.761358797546105 ] } },
{ "type": "Feature", "properties": { "id": 1404, "alert_type": "Deforestation/Fire" }, "geometry": { "type": "Point", "coordinates": [ 125.233684601460439, -8.761358797546105 ] } },
{ "type": "Feature", "properties": { "id": 1405, "alert_type": "Deforestation/Fire" }, "geometry": { "type": "Point", "coordinates": [ 125.233864264517251, -8.761358797546105 ] } },
{ "type": "Feature", "properties": { "id": 1406, "alert_type": "Deforestation/Fire" }, "geometry": { "type": "Point", "coordinates": [ 125.259556081643069, -8.761358797546105 ] } },
{ "type": "Feature", "properties": { "id": 1407, "alert_type": "Deforestation/Fire" }, "geometry": { "type": "Point", "coordinates": [ 125.430595311739438, -8.761358797546105 ] } },
{ "type": "Feature", "properties": { "id": 1408, "alert_type": "Deforestation/Fire" }, "geometry": { "type": "Point", "coordinates": [ 125.206914805993677, -8.76153846060293 ] } },
{ "type": "Feature", "properties": { "id": 1409, "alert_type": "Deforestation/Fire" }, "geometry": { "type": "Point", "coordinates": [ 125.207813121277795, -8.76153846060293 ] } },
{ "type": "Feature", "properties": { "id": 1410, "alert_type": "Deforestation/Fire" }, "geometry": { "type": "Point", "coordinates": [ 125.223982796391937, -8.76153846060293 ] } },
{ "type": "Feature", "properties": { "id": 1411, "alert_type": "Deforestation/Fire" }, "geometry": { "type": "Point", "coordinates": [ 125.232965949233133, -8.76153846060293 ] } },
{ "type": "Feature", "properties": { "id": 1412, "alert_type": "Deforestation/Fire" }, "geometry": { "type": "Point", "coordinates": [ 125.233504938403613, -8.76153846060293 ] } },
{ "type": "Feature", "properties": { "id": 1413, "alert_type": "Deforestation/Fire" }, "geometry": { "type": "Point", "coordinates": [ 125.233684601460439, -8.76153846060293 ] } },
{ "type": "Feature", "properties": { "id": 1414, "alert_type": "Deforestation/Fire" }, "geometry": { "type": "Point", "coordinates": [ 125.235301568971849, -8.76153846060293 ] } },
{ "type": "Feature", "properties": { "id": 1415, "alert_type": "Deforestation/Fire" }, "geometry": { "type": "Point", "coordinates": [ 125.235481232028675, -8.76153846060293 ] } },
{ "type": "Feature", "properties": { "id": 1416, "alert_type": "Deforestation/Fire" }, "geometry": { "type": "Point", "coordinates": [ 125.222904818050992, -8.761718123659753 ] } },
{ "type": "Feature", "properties": { "id": 1417, "alert_type": "Deforestation/Fire" }, "geometry": { "type": "Point", "coordinates": [ 125.233864264517251, -8.761718123659753 ] } },
{ "type": "Feature", "properties": { "id": 1418, "alert_type": "Deforestation/Fire" }, "geometry": { "type": "Point", "coordinates": [ 125.234223590630904, -8.761718123659753 ] } },
{ "type": "Feature", "properties": { "id": 1419, "alert_type": "Deforestation/Fire" }, "geometry": { "type": "Point", "coordinates": [ 125.234582916744557, -8.761718123659753 ] } },
{ "type": "Feature", "properties": { "id": 1420, "alert_type": "Deforestation/Fire" }, "geometry": { "type": "Point", "coordinates": [ 125.234762579801369, -8.761718123659753 ] } },
{ "type": "Feature", "properties": { "id": 1421, "alert_type": "Deforestation/Fire" }, "geometry": { "type": "Point", "coordinates": [ 125.235301568971849, -8.761718123659753 ] } },
{ "type": "Feature", "properties": { "id": 1422, "alert_type": "Deforestation/Fire" }, "geometry": { "type": "Point", "coordinates": [ 125.206375816823197, -8.761897786716577 ] } },
{ "type": "Feature", "properties": { "id": 1423, "alert_type": "Deforestation/Fire" }, "geometry": { "type": "Point", "coordinates": [ 125.223803133335124, -8.761897786716577 ] } },
{ "type": "Feature", "properties": { "id": 1424, "alert_type": "Deforestation/Fire" }, "geometry": { "type": "Point", "coordinates": [ 125.224162459448763, -8.761897786716577 ] } },
{ "type": "Feature", "properties": { "id": 1425, "alert_type": "Deforestation/Fire" }, "geometry": { "type": "Point", "coordinates": [ 125.233684601460439, -8.761897786716577 ] } },
{ "type": "Feature", "properties": { "id": 1426, "alert_type": "Deforestation/Fire" }, "geometry": { "type": "Point", "coordinates": [ 125.234942242858196, -8.761897786716577 ] } },
{ "type": "Feature", "properties": { "id": 1427, "alert_type": "Deforestation/Fire" }, "geometry": { "type": "Point", "coordinates": [ 125.407778103522801, -8.761897786716577 ] } },
{ "type": "Feature", "properties": { "id": 1428, "alert_type": "Deforestation/Fire" }, "geometry": { "type": "Point", "coordinates": [ 125.212484360755212, -8.7620774497734 ] } },
{ "type": "Feature", "properties": { "id": 1429, "alert_type": "Deforestation/Fire" }, "geometry": { "type": "Point", "coordinates": [ 125.220928524425929, -8.7620774497734 ] } },
{ "type": "Feature", "properties": { "id": 1430, "alert_type": "Deforestation/Fire" }, "geometry": { "type": "Point", "coordinates": [ 125.223443807221472, -8.7620774497734 ] } },
{ "type": "Feature", "properties": { "id": 1431, "alert_type": "Deforestation/Fire" }, "geometry": { "type": "Point", "coordinates": [ 125.223982796391937, -8.7620774497734 ] } },
{ "type": "Feature", "properties": { "id": 1432, "alert_type": "Deforestation/Fire" }, "geometry": { "type": "Point", "coordinates": [ 125.224162459448763, -8.7620774497734 ] } },
{ "type": "Feature", "properties": { "id": 1433, "alert_type": "Deforestation/Fire" }, "geometry": { "type": "Point", "coordinates": [ 125.23098965560807, -8.7620774497734 ] } },
{ "type": "Feature", "properties": { "id": 1434, "alert_type": "Deforestation/Fire" }, "geometry": { "type": "Point", "coordinates": [ 125.232426960062668, -8.7620774497734 ] } },
{ "type": "Feature", "properties": { "id": 1435, "alert_type": "Deforestation/Fire" }, "geometry": { "type": "Point", "coordinates": [ 125.232606623119494, -8.7620774497734 ] } },
{ "type": "Feature", "properties": { "id": 1436, "alert_type": "Deforestation/Fire" }, "geometry": { "type": "Point", "coordinates": [ 125.233325275346786, -8.7620774497734 ] } },
{ "type": "Feature", "properties": { "id": 1437, "alert_type": "Deforestation/Fire" }, "geometry": { "type": "Point", "coordinates": [ 125.233504938403613, -8.7620774497734 ] } },
{ "type": "Feature", "properties": { "id": 1438, "alert_type": "Deforestation/Fire" }, "geometry": { "type": "Point", "coordinates": [ 125.233684601460439, -8.7620774497734 ] } },
{ "type": "Feature", "properties": { "id": 1439, "alert_type": "Deforestation/Fire" }, "geometry": { "type": "Point", "coordinates": [ 125.235660895085502, -8.7620774497734 ] } },
{ "type": "Feature", "properties": { "id": 1440, "alert_type": "Deforestation/Fire" }, "geometry": { "type": "Point", "coordinates": [ 125.238715167051495, -8.7620774497734 ] } },
{ "type": "Feature", "properties": { "id": 1441, "alert_type": "Deforestation/Fire" }, "geometry": { "type": "Point", "coordinates": [ 125.427900365887069, -8.7620774497734 ] } },
{ "type": "Feature", "properties": { "id": 1442, "alert_type": "Deforestation/Fire" }, "geometry": { "type": "Point", "coordinates": [ 125.205118175425426, -8.762257112830225 ] } },
{ "type": "Feature", "properties": { "id": 1443, "alert_type": "Deforestation/Fire" }, "geometry": { "type": "Point", "coordinates": [ 125.205477501539079, -8.762257112830225 ] } },
{ "type": "Feature", "properties": { "id": 1444, "alert_type": "Deforestation/Fire" }, "geometry": { "type": "Point", "coordinates": [ 125.224162459448763, -8.762257112830225 ] } },
{ "type": "Feature", "properties": { "id": 1445, "alert_type": "Deforestation/Fire" }, "geometry": { "type": "Point", "coordinates": [ 125.224701448619243, -8.762257112830225 ] } },
{ "type": "Feature", "properties": { "id": 1446, "alert_type": "Deforestation/Fire" }, "geometry": { "type": "Point", "coordinates": [ 125.232426960062668, -8.762257112830225 ] } },
{ "type": "Feature", "properties": { "id": 1447, "alert_type": "Deforestation/Fire" }, "geometry": { "type": "Point", "coordinates": [ 125.232606623119494, -8.762257112830225 ] } },
{ "type": "Feature", "properties": { "id": 1448, "alert_type": "Deforestation/Fire" }, "geometry": { "type": "Point", "coordinates": [ 125.232786286176307, -8.762257112830225 ] } },
{ "type": "Feature", "properties": { "id": 1449, "alert_type": "Deforestation/Fire" }, "geometry": { "type": "Point", "coordinates": [ 125.232965949233133, -8.762257112830225 ] } },
{ "type": "Feature", "properties": { "id": 1450, "alert_type": "Deforestation/Fire" }, "geometry": { "type": "Point", "coordinates": [ 125.23314561228996, -8.762257112830225 ] } },
{ "type": "Feature", "properties": { "id": 1451, "alert_type": "Deforestation/Fire" }, "geometry": { "type": "Point", "coordinates": [ 125.233504938403613, -8.762257112830225 ] } },
{ "type": "Feature", "properties": { "id": 1452, "alert_type": "Deforestation/Fire" }, "geometry": { "type": "Point", "coordinates": [ 125.233684601460439, -8.762257112830225 ] } },
{ "type": "Feature", "properties": { "id": 1453, "alert_type": "Deforestation/Fire" }, "geometry": { "type": "Point", "coordinates": [ 125.234403253687731, -8.762257112830225 ] } },
{ "type": "Feature", "properties": { "id": 1454, "alert_type": "Deforestation/Fire" }, "geometry": { "type": "Point", "coordinates": [ 125.235121905915022, -8.762257112830225 ] } },
{ "type": "Feature", "properties": { "id": 1455, "alert_type": "Deforestation/Fire" }, "geometry": { "type": "Point", "coordinates": [ 125.367713241851064, -8.762257112830225 ] } },
{ "type": "Feature", "properties": { "id": 1456, "alert_type": "Deforestation/Fire" }, "geometry": { "type": "Point", "coordinates": [ 125.424486767807423, -8.762257112830225 ] } },
{ "type": "Feature", "properties": { "id": 1457, "alert_type": "Deforestation/Fire" }, "geometry": { "type": "Point", "coordinates": [ 125.232426960062668, -8.76243677588705 ] } },
{ "type": "Feature", "properties": { "id": 1458, "alert_type": "Deforestation/Fire" }, "geometry": { "type": "Point", "coordinates": [ 125.233684601460439, -8.76243677588705 ] } },
{ "type": "Feature", "properties": { "id": 1459, "alert_type": "Deforestation/Fire" }, "geometry": { "type": "Point", "coordinates": [ 125.235301568971849, -8.76243677588705 ] } },
{ "type": "Feature", "properties": { "id": 1460, "alert_type": "Deforestation/Fire" }, "geometry": { "type": "Point", "coordinates": [ 125.235481232028675, -8.76243677588705 ] } },
{ "type": "Feature", "properties": { "id": 1461, "alert_type": "Deforestation/Fire" }, "geometry": { "type": "Point", "coordinates": [ 125.424307104750596, -8.76243677588705 ] } },
{ "type": "Feature", "properties": { "id": 1462, "alert_type": "Deforestation/Fire" }, "geometry": { "type": "Point", "coordinates": [ 125.471019499524814, -8.76243677588705 ] } },
{ "type": "Feature", "properties": { "id": 1463, "alert_type": "Deforestation/Fire" }, "geometry": { "type": "Point", "coordinates": [ 125.220748861369117, -8.762616438943873 ] } },
{ "type": "Feature", "properties": { "id": 1464, "alert_type": "Deforestation/Fire" }, "geometry": { "type": "Point", "coordinates": [ 125.232606623119494, -8.762616438943873 ] } },
{ "type": "Feature", "properties": { "id": 1465, "alert_type": "Deforestation/Fire" }, "geometry": { "type": "Point", "coordinates": [ 125.232965949233133, -8.762616438943873 ] } },
{ "type": "Feature", "properties": { "id": 1466, "alert_type": "Deforestation/Fire" }, "geometry": { "type": "Point", "coordinates": [ 125.400052592079362, -8.762616438943873 ] } },
{ "type": "Feature", "properties": { "id": 1467, "alert_type": "Deforestation/Fire" }, "geometry": { "type": "Point", "coordinates": [ 125.407778103522801, -8.762616438943873 ] } },
{ "type": "Feature", "properties": { "id": 1468, "alert_type": "Deforestation/Fire" }, "geometry": { "type": "Point", "coordinates": [ 125.456826118035721, -8.762616438943873 ] } },
{ "type": "Feature", "properties": { "id": 1469, "alert_type": "Deforestation/Fire" }, "geometry": { "type": "Point", "coordinates": [ 125.383523590851567, -8.762796102000697 ] } },
{ "type": "Feature", "properties": { "id": 1470, "alert_type": "Deforestation/Fire" }, "geometry": { "type": "Point", "coordinates": [ 125.22056919831229, -8.76297576505752 ] } },
{ "type": "Feature", "properties": { "id": 1471, "alert_type": "Deforestation/Fire" }, "geometry": { "type": "Point", "coordinates": [ 125.422869800295999, -8.76297576505752 ] } },
{ "type": "Feature", "properties": { "id": 1472, "alert_type": "Deforestation/Fire" }, "geometry": { "type": "Point", "coordinates": [ 125.464012640308681, -8.76297576505752 ] } },
{ "type": "Feature", "properties": { "id": 1473, "alert_type": "Deforestation/Fire" }, "geometry": { "type": "Point", "coordinates": [ 125.220389535255464, -8.763155428114345 ] } },
{ "type": "Feature", "properties": { "id": 1474, "alert_type": "Deforestation/Fire" }, "geometry": { "type": "Point", "coordinates": [ 125.360347056521292, -8.763155428114345 ] } },
{ "type": "Feature", "properties": { "id": 1475, "alert_type": "Deforestation/Fire" }, "geometry": { "type": "Point", "coordinates": [ 125.220389535255464, -8.763335091171168 ] } },
{ "type": "Feature", "properties": { "id": 1476, "alert_type": "Deforestation/Fire" }, "geometry": { "type": "Point", "coordinates": [ 125.229732014210313, -8.763335091171168 ] } },
{ "type": "Feature", "properties": { "id": 1477, "alert_type": "Deforestation/Fire" }, "geometry": { "type": "Point", "coordinates": [ 125.359448741237159, -8.763335091171168 ] } },
{ "type": "Feature", "properties": { "id": 1478, "alert_type": "Deforestation/Fire" }, "geometry": { "type": "Point", "coordinates": [ 125.429696996455306, -8.763335091171168 ] } },
{ "type": "Feature", "properties": { "id": 1479, "alert_type": "Deforestation/Fire" }, "geometry": { "type": "Point", "coordinates": [ 125.220030209141811, -8.763514754227993 ] } },
{ "type": "Feature", "properties": { "id": 1480, "alert_type": "Deforestation/Fire" }, "geometry": { "type": "Point", "coordinates": [ 125.221467513596409, -8.763514754227993 ] } },
{ "type": "Feature", "properties": { "id": 1481, "alert_type": "Deforestation/Fire" }, "geometry": { "type": "Point", "coordinates": [ 125.229732014210313, -8.763514754227993 ] } },
{ "type": "Feature", "properties": { "id": 1482, "alert_type": "Deforestation/Fire" }, "geometry": { "type": "Point", "coordinates": [ 125.384781232249338, -8.763514754227993 ] } },
{ "type": "Feature", "properties": { "id": 1483, "alert_type": "Deforestation/Fire" }, "geometry": { "type": "Point", "coordinates": [ 125.407778103522801, -8.763514754227993 ] } },
{ "type": "Feature", "properties": { "id": 1484, "alert_type": "Deforestation/Fire" }, "geometry": { "type": "Point", "coordinates": [ 125.415144288852574, -8.763514754227993 ] } },
{ "type": "Feature", "properties": { "id": 1485, "alert_type": "Deforestation/Fire" }, "geometry": { "type": "Point", "coordinates": [ 125.435446214273682, -8.763514754227993 ] } },
{ "type": "Feature", "properties": { "id": 1486, "alert_type": "Deforestation/Fire" }, "geometry": { "type": "Point", "coordinates": [ 125.436164866500974, -8.763514754227993 ] } },
{ "type": "Feature", "properties": { "id": 1487, "alert_type": "Deforestation/Fire" }, "geometry": { "type": "Point", "coordinates": [ 125.438141160126037, -8.763514754227993 ] } },
{ "type": "Feature", "properties": { "id": 1488, "alert_type": "Deforestation/Fire" }, "geometry": { "type": "Point", "coordinates": [ 125.43850048623969, -8.763514754227993 ] } },
{ "type": "Feature", "properties": { "id": 1489, "alert_type": "Deforestation/Fire" }, "geometry": { "type": "Point", "coordinates": [ 125.209250425732378, -8.763694417284816 ] } },
{ "type": "Feature", "properties": { "id": 1490, "alert_type": "Deforestation/Fire" }, "geometry": { "type": "Point", "coordinates": [ 125.213023349925678, -8.763694417284816 ] } },
{ "type": "Feature", "properties": { "id": 1491, "alert_type": "Deforestation/Fire" }, "geometry": { "type": "Point", "coordinates": [ 125.218952230800866, -8.763694417284816 ] } },
{ "type": "Feature", "properties": { "id": 1492, "alert_type": "Deforestation/Fire" }, "geometry": { "type": "Point", "coordinates": [ 125.2221861658237, -8.763694417284816 ] } },
{ "type": "Feature", "properties": { "id": 1493, "alert_type": "Deforestation/Fire" }, "geometry": { "type": "Point", "coordinates": [ 125.229911677267125, -8.763694417284816 ] } },
{ "type": "Feature", "properties": { "id": 1494, "alert_type": "Deforestation/Fire" }, "geometry": { "type": "Point", "coordinates": [ 125.359628404293986, -8.763694417284816 ] } },
{ "type": "Feature", "properties": { "id": 1495, "alert_type": "Deforestation/Fire" }, "geometry": { "type": "Point", "coordinates": [ 125.384421906135685, -8.763694417284816 ] } },
{ "type": "Feature", "properties": { "id": 1496, "alert_type": "Deforestation/Fire" }, "geometry": { "type": "Point", "coordinates": [ 125.437422507898745, -8.763694417284816 ] } },
{ "type": "Feature", "properties": { "id": 1497, "alert_type": "Deforestation/Fire" }, "geometry": { "type": "Point", "coordinates": [ 125.437602170955557, -8.763694417284816 ] } },
{ "type": "Feature", "properties": { "id": 1498, "alert_type": "Deforestation/Fire" }, "geometry": { "type": "Point", "coordinates": [ 125.220389535255464, -8.76387408034164 ] } },
{ "type": "Feature", "properties": { "id": 1499, "alert_type": "Deforestation/Fire" }, "geometry": { "type": "Point", "coordinates": [ 125.230630329494431, -8.76387408034164 ] } },
{ "type": "Feature", "properties": { "id": 1500, "alert_type": "Deforestation/Fire" }, "geometry": { "type": "Point", "coordinates": [ 125.359448741237159, -8.76387408034164 ] } },
{ "type": "Feature", "properties": { "id": 1501, "alert_type": "Deforestation/Fire" }, "geometry": { "type": "Point", "coordinates": [ 125.41029338631833, -8.76387408034164 ] } },
{ "type": "Feature", "properties": { "id": 1502, "alert_type": "Deforestation/Fire" }, "geometry": { "type": "Point", "coordinates": [ 125.21338267603933, -8.764053743398463 ] } },
{ "type": "Feature", "properties": { "id": 1503, "alert_type": "Deforestation/Fire" }, "geometry": { "type": "Point", "coordinates": [ 125.355855480100686, -8.764053743398463 ] } },
{ "type": "Feature", "properties": { "id": 1504, "alert_type": "Deforestation/Fire" }, "geometry": { "type": "Point", "coordinates": [ 125.409035744920558, -8.764053743398463 ] } },
{ "type": "Feature", "properties": { "id": 1505, "alert_type": "Deforestation/Fire" }, "geometry": { "type": "Point", "coordinates": [ 125.35567581704386, -8.764233406455288 ] } },
{ "type": "Feature", "properties": { "id": 1506, "alert_type": "Deforestation/Fire" }, "geometry": { "type": "Point", "coordinates": [ 125.383523590851567, -8.764233406455288 ] } },
{ "type": "Feature", "properties": { "id": 1507, "alert_type": "Deforestation/Fire" }, "geometry": { "type": "Point", "coordinates": [ 125.384601569192512, -8.764233406455288 ] } },
{ "type": "Feature", "properties": { "id": 1508, "alert_type": "Deforestation/Fire" }, "geometry": { "type": "Point", "coordinates": [ 125.442453073489816, -8.764233406455288 ] } },
{ "type": "Feature", "properties": { "id": 1509, "alert_type": "Deforestation/Fire" }, "geometry": { "type": "Point", "coordinates": [ 125.449459932705935, -8.764233406455288 ] } },
{ "type": "Feature", "properties": { "id": 1510, "alert_type": "Deforestation/Fire" }, "geometry": { "type": "Point", "coordinates": [ 125.219491219971346, -8.764413069512113 ] } },
{ "type": "Feature", "properties": { "id": 1511, "alert_type": "Deforestation/Fire" }, "geometry": { "type": "Point", "coordinates": [ 125.408317092693267, -8.764413069512113 ] } },
{ "type": "Feature", "properties": { "id": 1512, "alert_type": "Deforestation/Fire" }, "geometry": { "type": "Point", "coordinates": [ 125.442453073489816, -8.764413069512113 ] } },
{ "type": "Feature", "properties": { "id": 1513, "alert_type": "Deforestation/Fire" }, "geometry": { "type": "Point", "coordinates": [ 125.44676498685358, -8.764413069512113 ] } },
{ "type": "Feature", "properties": { "id": 1514, "alert_type": "Deforestation/Fire" }, "geometry": { "type": "Point", "coordinates": [ 125.447124312967233, -8.764413069512113 ] } },
{ "type": "Feature", "properties": { "id": 1515, "alert_type": "Deforestation/Fire" }, "geometry": { "type": "Point", "coordinates": [ 125.450717574103706, -8.764413069512113 ] } },
{ "type": "Feature", "properties": { "id": 1516, "alert_type": "Deforestation/Fire" }, "geometry": { "type": "Point", "coordinates": [ 125.217514926346283, -8.764592732568936 ] } },
{ "type": "Feature", "properties": { "id": 1517, "alert_type": "Deforestation/Fire" }, "geometry": { "type": "Point", "coordinates": [ 125.356753795384805, -8.764592732568936 ] } },
{ "type": "Feature", "properties": { "id": 1518, "alert_type": "Deforestation/Fire" }, "geometry": { "type": "Point", "coordinates": [ 125.384421906135685, -8.764592732568936 ] } },
{ "type": "Feature", "properties": { "id": 1519, "alert_type": "Deforestation/Fire" }, "geometry": { "type": "Point", "coordinates": [ 125.214280991323449, -8.76477239562576 ] } },
{ "type": "Feature", "properties": { "id": 1520, "alert_type": "Deforestation/Fire" }, "geometry": { "type": "Point", "coordinates": [ 125.21499964355074, -8.76477239562576 ] } },
{ "type": "Feature", "properties": { "id": 1521, "alert_type": "Deforestation/Fire" }, "geometry": { "type": "Point", "coordinates": [ 125.356753795384805, -8.76477239562576 ] } },
{ "type": "Feature", "properties": { "id": 1522, "alert_type": "Deforestation/Fire" }, "geometry": { "type": "Point", "coordinates": [ 125.383523590851567, -8.76477239562576 ] } },
{ "type": "Feature", "properties": { "id": 1523, "alert_type": "Deforestation/Fire" }, "geometry": { "type": "Point", "coordinates": [ 125.40867641880692, -8.76477239562576 ] } },
{ "type": "Feature", "properties": { "id": 1524, "alert_type": "Deforestation/Fire" }, "geometry": { "type": "Point", "coordinates": [ 125.442992062660281, -8.76477239562576 ] } },
{ "type": "Feature", "properties": { "id": 1525, "alert_type": "Deforestation/Fire" }, "geometry": { "type": "Point", "coordinates": [ 125.215179306607567, -8.764952058682583 ] } },
{ "type": "Feature", "properties": { "id": 1526, "alert_type": "Deforestation/Fire" }, "geometry": { "type": "Point", "coordinates": [ 125.214280991323449, -8.765131721739408 ] } },
{ "type": "Feature", "properties": { "id": 1527, "alert_type": "Deforestation/Fire" }, "geometry": { "type": "Point", "coordinates": [ 125.339865468043357, -8.765131721739408 ] } },
{ "type": "Feature", "properties": { "id": 1528, "alert_type": "Deforestation/Fire" }, "geometry": { "type": "Point", "coordinates": [ 125.378133699146858, -8.765131721739408 ] } },
{ "type": "Feature", "properties": { "id": 1529, "alert_type": "Deforestation/Fire" }, "geometry": { "type": "Point", "coordinates": [ 125.214280991323449, -8.765311384796231 ] } },
{ "type": "Feature", "properties": { "id": 1530, "alert_type": "Deforestation/Fire" }, "geometry": { "type": "Point", "coordinates": [ 125.445327682398997, -8.765311384796231 ] } },
{ "type": "Feature", "properties": { "id": 1531, "alert_type": "Deforestation/Fire" }, "geometry": { "type": "Point", "coordinates": [ 125.217514926346283, -8.765491047853056 ] } },
{ "type": "Feature", "properties": { "id": 1532, "alert_type": "Deforestation/Fire" }, "geometry": { "type": "Point", "coordinates": [ 125.220209872198637, -8.765491047853056 ] } },
{ "type": "Feature", "properties": { "id": 1533, "alert_type": "Deforestation/Fire" }, "geometry": { "type": "Point", "coordinates": [ 125.341662098611593, -8.765491047853056 ] } },
{ "type": "Feature", "properties": { "id": 1534, "alert_type": "Deforestation/Fire" }, "geometry": { "type": "Point", "coordinates": [ 125.341482435554781, -8.765670710909879 ] } },
{ "type": "Feature", "properties": { "id": 1535, "alert_type": "Deforestation/Fire" }, "geometry": { "type": "Point", "coordinates": [ 125.451615889387824, -8.765670710909879 ] } },
{ "type": "Feature", "properties": { "id": 1536, "alert_type": "Deforestation/Fire" }, "geometry": { "type": "Point", "coordinates": [ 125.373103133555787, -8.765850373966703 ] } },
{ "type": "Feature", "properties": { "id": 1537, "alert_type": "Deforestation/Fire" }, "geometry": { "type": "Point", "coordinates": [ 125.376516731635434, -8.765850373966703 ] } },
{ "type": "Feature", "properties": { "id": 1538, "alert_type": "Deforestation/Fire" }, "geometry": { "type": "Point", "coordinates": [ 125.220030209141811, -8.766030037023528 ] } },
{ "type": "Feature", "properties": { "id": 1539, "alert_type": "Deforestation/Fire" }, "geometry": { "type": "Point", "coordinates": [ 125.344896033634427, -8.766030037023528 ] } },
{ "type": "Feature", "properties": { "id": 1540, "alert_type": "Deforestation/Fire" }, "geometry": { "type": "Point", "coordinates": [ 125.355496153987033, -8.766030037023528 ] } },
{ "type": "Feature", "properties": { "id": 1541, "alert_type": "Deforestation/Fire" }, "geometry": { "type": "Point", "coordinates": [ 125.375618416351315, -8.766030037023528 ] } },
{ "type": "Feature", "properties": { "id": 1542, "alert_type": "Deforestation/Fire" }, "geometry": { "type": "Point", "coordinates": [ 125.376157405521795, -8.766030037023528 ] } },
{ "type": "Feature", "properties": { "id": 1543, "alert_type": "Deforestation/Fire" }, "geometry": { "type": "Point", "coordinates": [ 125.376516731635434, -8.766030037023528 ] } },
{ "type": "Feature", "properties": { "id": 1544, "alert_type": "Deforestation/Fire" }, "geometry": { "type": "Point", "coordinates": [ 125.37669639469226, -8.766030037023528 ] } },
{ "type": "Feature", "properties": { "id": 1545, "alert_type": "Deforestation/Fire" }, "geometry": { "type": "Point", "coordinates": [ 125.377954036090031, -8.766030037023528 ] } },
{ "type": "Feature", "properties": { "id": 1546, "alert_type": "Deforestation/Fire" }, "geometry": { "type": "Point", "coordinates": [ 125.451436226330998, -8.766030037023528 ] } },
{ "type": "Feature", "properties": { "id": 1547, "alert_type": "Deforestation/Fire" }, "geometry": { "type": "Point", "coordinates": [ 125.219131893857693, -8.766209700080351 ] } },
{ "type": "Feature", "properties": { "id": 1548, "alert_type": "Deforestation/Fire" }, "geometry": { "type": "Point", "coordinates": [ 125.220209872198637, -8.766209700080351 ] } },
{ "type": "Feature", "properties": { "id": 1549, "alert_type": "Deforestation/Fire" }, "geometry": { "type": "Point", "coordinates": [ 125.344896033634427, -8.766209700080351 ] } },
{ "type": "Feature", "properties": { "id": 1550, "alert_type": "Deforestation/Fire" }, "geometry": { "type": "Point", "coordinates": [ 125.355136827873395, -8.766209700080351 ] } },
{ "type": "Feature", "properties": { "id": 1551, "alert_type": "Deforestation/Fire" }, "geometry": { "type": "Point", "coordinates": [ 125.37669639469226, -8.766209700080351 ] } },
{ "type": "Feature", "properties": { "id": 1552, "alert_type": "Deforestation/Fire" }, "geometry": { "type": "Point", "coordinates": [ 125.451975215501477, -8.766209700080351 ] } },
{ "type": "Feature", "properties": { "id": 1553, "alert_type": "Deforestation/Fire" }, "geometry": { "type": "Point", "coordinates": [ 125.344536707520774, -8.766389363137176 ] } },
{ "type": "Feature", "properties": { "id": 1554, "alert_type": "Deforestation/Fire" }, "geometry": { "type": "Point", "coordinates": [ 125.345435022804907, -8.766389363137176 ] } },
{ "type": "Feature", "properties": { "id": 1555, "alert_type": "Deforestation/Fire" }, "geometry": { "type": "Point", "coordinates": [ 125.345794348918545, -8.766389363137176 ] } },
{ "type": "Feature", "properties": { "id": 1556, "alert_type": "Deforestation/Fire" }, "geometry": { "type": "Point", "coordinates": [ 125.3484892947709, -8.766389363137176 ] } },
{ "type": "Feature", "properties": { "id": 1557, "alert_type": "Deforestation/Fire" }, "geometry": { "type": "Point", "coordinates": [ 125.371845492158016, -8.766389363137176 ] } },
{ "type": "Feature", "properties": { "id": 1558, "alert_type": "Deforestation/Fire" }, "geometry": { "type": "Point", "coordinates": [ 125.375259090237662, -8.766389363137176 ] } },
{ "type": "Feature", "properties": { "id": 1559, "alert_type": "Deforestation/Fire" }, "geometry": { "type": "Point", "coordinates": [ 125.376516731635434, -8.766389363137176 ] } },
{ "type": "Feature", "properties": { "id": 1560, "alert_type": "Deforestation/Fire" }, "geometry": { "type": "Point", "coordinates": [ 125.376876057749087, -8.766389363137176 ] } },
{ "type": "Feature", "properties": { "id": 1561, "alert_type": "Deforestation/Fire" }, "geometry": { "type": "Point", "coordinates": [ 125.220209872198637, -8.766569026193999 ] } },
{ "type": "Feature", "properties": { "id": 1562, "alert_type": "Deforestation/Fire" }, "geometry": { "type": "Point", "coordinates": [ 125.302675215280814, -8.766569026193999 ] } },
{ "type": "Feature", "properties": { "id": 1563, "alert_type": "Deforestation/Fire" }, "geometry": { "type": "Point", "coordinates": [ 125.344896033634427, -8.766569026193999 ] } },
{ "type": "Feature", "properties": { "id": 1564, "alert_type": "Deforestation/Fire" }, "geometry": { "type": "Point", "coordinates": [ 125.345794348918545, -8.766569026193999 ] } },
{ "type": "Feature", "properties": { "id": 1565, "alert_type": "Deforestation/Fire" }, "geometry": { "type": "Point", "coordinates": [ 125.3484892947709, -8.766569026193999 ] } },
{ "type": "Feature", "properties": { "id": 1566, "alert_type": "Deforestation/Fire" }, "geometry": { "type": "Point", "coordinates": [ 125.353699523418797, -8.766569026193999 ] } },
{ "type": "Feature", "properties": { "id": 1567, "alert_type": "Deforestation/Fire" }, "geometry": { "type": "Point", "coordinates": [ 125.37669639469226, -8.766569026193999 ] } },
{ "type": "Feature", "properties": { "id": 1568, "alert_type": "Deforestation/Fire" }, "geometry": { "type": "Point", "coordinates": [ 125.379391340544615, -8.766569026193999 ] } },
{ "type": "Feature", "properties": { "id": 1569, "alert_type": "Deforestation/Fire" }, "geometry": { "type": "Point", "coordinates": [ 125.379571003601441, -8.766569026193999 ] } },
{ "type": "Feature", "properties": { "id": 1570, "alert_type": "Deforestation/Fire" }, "geometry": { "type": "Point", "coordinates": [ 125.380109992771921, -8.766569026193999 ] } },
{ "type": "Feature", "properties": { "id": 1571, "alert_type": "Deforestation/Fire" }, "geometry": { "type": "Point", "coordinates": [ 125.403645853215849, -8.766569026193999 ] } },
{ "type": "Feature", "properties": { "id": 1572, "alert_type": "Deforestation/Fire" }, "geometry": { "type": "Point", "coordinates": [ 125.447663302137698, -8.766569026193999 ] } },
{ "type": "Feature", "properties": { "id": 1573, "alert_type": "Deforestation/Fire" }, "geometry": { "type": "Point", "coordinates": [ 125.447842965194525, -8.766569026193999 ] } },
{ "type": "Feature", "properties": { "id": 1574, "alert_type": "Deforestation/Fire" }, "geometry": { "type": "Point", "coordinates": [ 125.22775572058525, -8.766748689250823 ] } },
{ "type": "Feature", "properties": { "id": 1575, "alert_type": "Deforestation/Fire" }, "geometry": { "type": "Point", "coordinates": [ 125.234223590630904, -8.766748689250823 ] } },
{ "type": "Feature", "properties": { "id": 1576, "alert_type": "Deforestation/Fire" }, "geometry": { "type": "Point", "coordinates": [ 125.284708909598422, -8.766748689250823 ] } },
{ "type": "Feature", "properties": { "id": 1577, "alert_type": "Deforestation/Fire" }, "geometry": { "type": "Point", "coordinates": [ 125.284888572655248, -8.766748689250823 ] } },
{ "type": "Feature", "properties": { "id": 1578, "alert_type": "Deforestation/Fire" }, "geometry": { "type": "Point", "coordinates": [ 125.345075696691254, -8.766748689250823 ] } },
{ "type": "Feature", "properties": { "id": 1579, "alert_type": "Deforestation/Fire" }, "geometry": { "type": "Point", "coordinates": [ 125.372025155214843, -8.766748689250823 ] } },
{ "type": "Feature", "properties": { "id": 1580, "alert_type": "Deforestation/Fire" }, "geometry": { "type": "Point", "coordinates": [ 125.381547297226504, -8.766748689250823 ] } },
{ "type": "Feature", "properties": { "id": 1581, "alert_type": "Deforestation/Fire" }, "geometry": { "type": "Point", "coordinates": [ 125.403645853215849, -8.766748689250823 ] } },
{ "type": "Feature", "properties": { "id": 1582, "alert_type": "Deforestation/Fire" }, "geometry": { "type": "Point", "coordinates": [ 125.205118175425426, -8.766928352307646 ] } },
{ "type": "Feature", "properties": { "id": 1583, "alert_type": "Deforestation/Fire" }, "geometry": { "type": "Point", "coordinates": [ 125.220748861369117, -8.766928352307646 ] } },
{ "type": "Feature", "properties": { "id": 1584, "alert_type": "Deforestation/Fire" }, "geometry": { "type": "Point", "coordinates": [ 125.226498079187479, -8.766928352307646 ] } },
{ "type": "Feature", "properties": { "id": 1585, "alert_type": "Deforestation/Fire" }, "geometry": { "type": "Point", "coordinates": [ 125.226857405301118, -8.766928352307646 ] } },
{ "type": "Feature", "properties": { "id": 1586, "alert_type": "Deforestation/Fire" }, "geometry": { "type": "Point", "coordinates": [ 125.234762579801369, -8.766928352307646 ] } },
{ "type": "Feature", "properties": { "id": 1587, "alert_type": "Deforestation/Fire" }, "geometry": { "type": "Point", "coordinates": [ 125.30159723693987, -8.766928352307646 ] } },
{ "type": "Feature", "properties": { "id": 1588, "alert_type": "Deforestation/Fire" }, "geometry": { "type": "Point", "coordinates": [ 125.349028283941379, -8.766928352307646 ] } },
{ "type": "Feature", "properties": { "id": 1589, "alert_type": "Deforestation/Fire" }, "geometry": { "type": "Point", "coordinates": [ 125.379571003601441, -8.766928352307646 ] } },
{ "type": "Feature", "properties": { "id": 1590, "alert_type": "Deforestation/Fire" }, "geometry": { "type": "Point", "coordinates": [ 125.439219138466981, -8.766928352307646 ] } },
{ "type": "Feature", "properties": { "id": 1591, "alert_type": "Deforestation/Fire" }, "geometry": { "type": "Point", "coordinates": [ 125.242667754301621, -8.767108015364471 ] } },
{ "type": "Feature", "properties": { "id": 1592, "alert_type": "Deforestation/Fire" }, "geometry": { "type": "Point", "coordinates": [ 125.30159723693987, -8.767108015364471 ] } },
{ "type": "Feature", "properties": { "id": 1593, "alert_type": "Deforestation/Fire" }, "geometry": { "type": "Point", "coordinates": [ 125.347051990316317, -8.767108015364471 ] } },
{ "type": "Feature", "properties": { "id": 1594, "alert_type": "Deforestation/Fire" }, "geometry": { "type": "Point", "coordinates": [ 125.348848620884553, -8.767108015364471 ] } },
{ "type": "Feature", "properties": { "id": 1595, "alert_type": "Deforestation/Fire" }, "geometry": { "type": "Point", "coordinates": [ 125.402747537931731, -8.767108015364471 ] } },
{ "type": "Feature", "properties": { "id": 1596, "alert_type": "Deforestation/Fire" }, "geometry": { "type": "Point", "coordinates": [ 125.402927200988543, -8.767108015364471 ] } },
{ "type": "Feature", "properties": { "id": 1597, "alert_type": "Deforestation/Fire" }, "geometry": { "type": "Point", "coordinates": [ 125.284529246541595, -8.767287678421294 ] } },
{ "type": "Feature", "properties": { "id": 1598, "alert_type": "Deforestation/Fire" }, "geometry": { "type": "Point", "coordinates": [ 125.350465588395963, -8.767287678421294 ] } },
{ "type": "Feature", "properties": { "id": 1599, "alert_type": "Deforestation/Fire" }, "geometry": { "type": "Point", "coordinates": [ 125.350824914509616, -8.767287678421294 ] } },
{ "type": "Feature", "properties": { "id": 1600, "alert_type": "Deforestation/Fire" }, "geometry": { "type": "Point", "coordinates": [ 125.351723229793734, -8.767287678421294 ] } },
{ "type": "Feature", "properties": { "id": 1601, "alert_type": "Deforestation/Fire" }, "geometry": { "type": "Point", "coordinates": [ 125.351902892850561, -8.767287678421294 ] } },
{ "type": "Feature", "properties": { "id": 1602, "alert_type": "Deforestation/Fire" }, "geometry": { "type": "Point", "coordinates": [ 125.381187971112851, -8.767287678421294 ] } },
{ "type": "Feature", "properties": { "id": 1603, "alert_type": "Deforestation/Fire" }, "geometry": { "type": "Point", "coordinates": [ 125.421252832784589, -8.767287678421294 ] } },
{ "type": "Feature", "properties": { "id": 1604, "alert_type": "Deforestation/Fire" }, "geometry": { "type": "Point", "coordinates": [ 125.284529246541595, -8.767467341478119 ] } },
{ "type": "Feature", "properties": { "id": 1605, "alert_type": "Deforestation/Fire" }, "geometry": { "type": "Point", "coordinates": [ 125.286325877109832, -8.767647004534942 ] } },
{ "type": "Feature", "properties": { "id": 1606, "alert_type": "Deforestation/Fire" }, "geometry": { "type": "Point", "coordinates": [ 125.312377020349302, -8.767647004534942 ] } },
{ "type": "Feature", "properties": { "id": 1607, "alert_type": "Deforestation/Fire" }, "geometry": { "type": "Point", "coordinates": [ 125.284349583484769, -8.767826667591766 ] } },
{ "type": "Feature", "properties": { "id": 1608, "alert_type": "Deforestation/Fire" }, "geometry": { "type": "Point", "coordinates": [ 125.348309631714088, -8.767826667591766 ] } },
{ "type": "Feature", "properties": { "id": 1609, "alert_type": "Deforestation/Fire" }, "geometry": { "type": "Point", "coordinates": [ 125.237996514824204, -8.768006330648591 ] } },
{ "type": "Feature", "properties": { "id": 1610, "alert_type": "Deforestation/Fire" }, "geometry": { "type": "Point", "coordinates": [ 125.284169920427942, -8.768006330648591 ] } },
{ "type": "Feature", "properties": { "id": 1611, "alert_type": "Deforestation/Fire" }, "geometry": { "type": "Point", "coordinates": [ 125.348129968657261, -8.768006330648591 ] } },
{ "type": "Feature", "properties": { "id": 1612, "alert_type": "Deforestation/Fire" }, "geometry": { "type": "Point", "coordinates": [ 125.35405884953245, -8.768006330648591 ] } },
{ "type": "Feature", "properties": { "id": 1613, "alert_type": "Deforestation/Fire" }, "geometry": { "type": "Point", "coordinates": [ 125.44676498685358, -8.768006330648591 ] } },
{ "type": "Feature", "properties": { "id": 1614, "alert_type": "Deforestation/Fire" }, "geometry": { "type": "Point", "coordinates": [ 125.449459932705935, -8.768006330648591 ] } },
{ "type": "Feature", "properties": { "id": 1615, "alert_type": "Deforestation/Fire" }, "geometry": { "type": "Point", "coordinates": [ 125.237637188710565, -8.768185993705414 ] } },
{ "type": "Feature", "properties": { "id": 1616, "alert_type": "Deforestation/Fire" }, "geometry": { "type": "Point", "coordinates": [ 125.420354517500471, -8.768185993705414 ] } },
{ "type": "Feature", "properties": { "id": 1617, "alert_type": "Deforestation/Fire" }, "geometry": { "type": "Point", "coordinates": [ 125.237457525653738, -8.768365656762239 ] } },
{ "type": "Feature", "properties": { "id": 1618, "alert_type": "Deforestation/Fire" }, "geometry": { "type": "Point", "coordinates": [ 125.237637188710565, -8.768365656762239 ] } },
{ "type": "Feature", "properties": { "id": 1619, "alert_type": "Deforestation/Fire" }, "geometry": { "type": "Point", "coordinates": [ 125.345614685861719, -8.768365656762239 ] } },
{ "type": "Feature", "properties": { "id": 1620, "alert_type": "Deforestation/Fire" }, "geometry": { "type": "Point", "coordinates": [ 125.237457525653738, -8.768545319819061 ] } },
{ "type": "Feature", "properties": { "id": 1621, "alert_type": "Deforestation/Fire" }, "geometry": { "type": "Point", "coordinates": [ 125.242308428187982, -8.768545319819061 ] } },
{ "type": "Feature", "properties": { "id": 1622, "alert_type": "Deforestation/Fire" }, "geometry": { "type": "Point", "coordinates": [ 125.347770642543608, -8.768545319819061 ] } },
{ "type": "Feature", "properties": { "id": 1623, "alert_type": "Deforestation/Fire" }, "geometry": { "type": "Point", "coordinates": [ 125.378672688317323, -8.768545319819061 ] } },
{ "type": "Feature", "properties": { "id": 1624, "alert_type": "Deforestation/Fire" }, "geometry": { "type": "Point", "coordinates": [ 125.446944649910407, -8.768545319819061 ] } },
{ "type": "Feature", "properties": { "id": 1625, "alert_type": "Deforestation/Fire" }, "geometry": { "type": "Point", "coordinates": [ 125.291536105757729, -8.768724982875886 ] } },
{ "type": "Feature", "properties": { "id": 1626, "alert_type": "Deforestation/Fire" }, "geometry": { "type": "Point", "coordinates": [ 125.309861737553774, -8.768724982875886 ] } },
{ "type": "Feature", "properties": { "id": 1627, "alert_type": "Deforestation/Fire" }, "geometry": { "type": "Point", "coordinates": [ 125.382445612510622, -8.768724982875886 ] } },
{ "type": "Feature", "properties": { "id": 1628, "alert_type": "Deforestation/Fire" }, "geometry": { "type": "Point", "coordinates": [ 125.446944649910407, -8.768724982875886 ] } },
{ "type": "Feature", "properties": { "id": 1629, "alert_type": "Deforestation/Fire" }, "geometry": { "type": "Point", "coordinates": [ 125.233325275346786, -8.768904645932709 ] } },
{ "type": "Feature", "properties": { "id": 1630, "alert_type": "Deforestation/Fire" }, "geometry": { "type": "Point", "coordinates": [ 125.352621545077852, -8.768904645932709 ] } },
{ "type": "Feature", "properties": { "id": 1631, "alert_type": "Deforestation/Fire" }, "geometry": { "type": "Point", "coordinates": [ 125.395201689545118, -8.768904645932709 ] } },
{ "type": "Feature", "properties": { "id": 1632, "alert_type": "Deforestation/Fire" }, "geometry": { "type": "Point", "coordinates": [ 125.436524192614627, -8.768904645932709 ] } },
{ "type": "Feature", "properties": { "id": 1633, "alert_type": "Deforestation/Fire" }, "geometry": { "type": "Point", "coordinates": [ 125.240691460676558, -8.769084308989534 ] } },
{ "type": "Feature", "properties": { "id": 1634, "alert_type": "Deforestation/Fire" }, "geometry": { "type": "Point", "coordinates": [ 125.242128765131156, -8.769084308989534 ] } },
{ "type": "Feature", "properties": { "id": 1635, "alert_type": "Deforestation/Fire" }, "geometry": { "type": "Point", "coordinates": [ 125.382625275567449, -8.769084308989534 ] } },
{ "type": "Feature", "properties": { "id": 1636, "alert_type": "Deforestation/Fire" }, "geometry": { "type": "Point", "coordinates": [ 125.446585323796754, -8.769084308989534 ] } },
{ "type": "Feature", "properties": { "id": 1637, "alert_type": "Deforestation/Fire" }, "geometry": { "type": "Point", "coordinates": [ 125.44676498685358, -8.769084308989534 ] } },
{ "type": "Feature", "properties": { "id": 1638, "alert_type": "Deforestation/Fire" }, "geometry": { "type": "Point", "coordinates": [ 125.446944649910407, -8.769084308989534 ] } },
{ "type": "Feature", "properties": { "id": 1639, "alert_type": "Deforestation/Fire" }, "geometry": { "type": "Point", "coordinates": [ 125.283630931257477, -8.769443635103181 ] } },
{ "type": "Feature", "properties": { "id": 1640, "alert_type": "Deforestation/Fire" }, "geometry": { "type": "Point", "coordinates": [ 125.382445612510622, -8.769443635103181 ] } },
{ "type": "Feature", "properties": { "id": 1641, "alert_type": "Deforestation/Fire" }, "geometry": { "type": "Point", "coordinates": [ 125.385140558362977, -8.769443635103181 ] } },
{ "type": "Feature", "properties": { "id": 1642, "alert_type": "Deforestation/Fire" }, "geometry": { "type": "Point", "coordinates": [ 125.417479908591289, -8.769443635103181 ] } },
{ "type": "Feature", "properties": { "id": 1643, "alert_type": "Deforestation/Fire" }, "geometry": { "type": "Point", "coordinates": [ 125.234403253687731, -8.769623298160004 ] } },
{ "type": "Feature", "properties": { "id": 1644, "alert_type": "Deforestation/Fire" }, "geometry": { "type": "Point", "coordinates": [ 125.417479908591289, -8.769623298160004 ] } },
{ "type": "Feature", "properties": { "id": 1645, "alert_type": "Deforestation/Fire" }, "geometry": { "type": "Point", "coordinates": [ 125.417659571648116, -8.769623298160004 ] } },
{ "type": "Feature", "properties": { "id": 1646, "alert_type": "Deforestation/Fire" }, "geometry": { "type": "Point", "coordinates": [ 125.43293093147814, -8.769802961216829 ] } },
{ "type": "Feature", "properties": { "id": 1647, "alert_type": "Deforestation/Fire" }, "geometry": { "type": "Point", "coordinates": [ 125.230271003380778, -8.769982624273654 ] } },
{ "type": "Feature", "properties": { "id": 1648, "alert_type": "Deforestation/Fire" }, "geometry": { "type": "Point", "coordinates": [ 125.230450666437605, -8.769982624273654 ] } },
{ "type": "Feature", "properties": { "id": 1649, "alert_type": "Deforestation/Fire" }, "geometry": { "type": "Point", "coordinates": [ 125.234223590630904, -8.769982624273654 ] } },
{ "type": "Feature", "properties": { "id": 1650, "alert_type": "Deforestation/Fire" }, "geometry": { "type": "Point", "coordinates": [ 125.282552952916532, -8.769982624273654 ] } },
{ "type": "Feature", "properties": { "id": 1651, "alert_type": "Deforestation/Fire" }, "geometry": { "type": "Point", "coordinates": [ 125.282912279030185, -8.769982624273654 ] } },
{ "type": "Feature", "properties": { "id": 1652, "alert_type": "Deforestation/Fire" }, "geometry": { "type": "Point", "coordinates": [ 125.283091942087012, -8.769982624273654 ] } },
{ "type": "Feature", "properties": { "id": 1653, "alert_type": "Deforestation/Fire" }, "geometry": { "type": "Point", "coordinates": [ 125.446585323796754, -8.769982624273654 ] } },
{ "type": "Feature", "properties": { "id": 1654, "alert_type": "Deforestation/Fire" }, "geometry": { "type": "Point", "coordinates": [ 125.44676498685358, -8.769982624273654 ] } },
{ "type": "Feature", "properties": { "id": 1655, "alert_type": "Deforestation/Fire" }, "geometry": { "type": "Point", "coordinates": [ 125.230271003380778, -8.770162287330477 ] } },
{ "type": "Feature", "properties": { "id": 1656, "alert_type": "Deforestation/Fire" }, "geometry": { "type": "Point", "coordinates": [ 125.230450666437605, -8.770162287330477 ] } },
{ "type": "Feature", "properties": { "id": 1657, "alert_type": "Deforestation/Fire" }, "geometry": { "type": "Point", "coordinates": [ 125.239074493165148, -8.770162287330477 ] } },
{ "type": "Feature", "properties": { "id": 1658, "alert_type": "Deforestation/Fire" }, "geometry": { "type": "Point", "coordinates": [ 125.283091942087012, -8.770162287330477 ] } },
{ "type": "Feature", "properties": { "id": 1659, "alert_type": "Deforestation/Fire" }, "geometry": { "type": "Point", "coordinates": [ 125.283271605143824, -8.770162287330477 ] } },
{ "type": "Feature", "properties": { "id": 1660, "alert_type": "Deforestation/Fire" }, "geometry": { "type": "Point", "coordinates": [ 125.32207882541779, -8.770162287330477 ] } },
{ "type": "Feature", "properties": { "id": 1661, "alert_type": "Deforestation/Fire" }, "geometry": { "type": "Point", "coordinates": [ 125.448381954365004, -8.770162287330477 ] } },
{ "type": "Feature", "properties": { "id": 1662, "alert_type": "Deforestation/Fire" }, "geometry": { "type": "Point", "coordinates": [ 125.230809992551244, -8.770341950387301 ] } },
{ "type": "Feature", "properties": { "id": 1663, "alert_type": "Deforestation/Fire" }, "geometry": { "type": "Point", "coordinates": [ 125.282013963746067, -8.770341950387301 ] } },
{ "type": "Feature", "properties": { "id": 1664, "alert_type": "Deforestation/Fire" }, "geometry": { "type": "Point", "coordinates": [ 125.448381954365004, -8.770341950387301 ] } },
{ "type": "Feature", "properties": { "id": 1665, "alert_type": "Deforestation/Fire" }, "geometry": { "type": "Point", "coordinates": [ 125.23098965560807, -8.770521613444124 ] } },
{ "type": "Feature", "properties": { "id": 1666, "alert_type": "Deforestation/Fire" }, "geometry": { "type": "Point", "coordinates": [ 125.239433819278801, -8.770521613444124 ] } },
{ "type": "Feature", "properties": { "id": 1667, "alert_type": "Deforestation/Fire" }, "geometry": { "type": "Point", "coordinates": [ 125.240511797619746, -8.770521613444124 ] } },
{ "type": "Feature", "properties": { "id": 1668, "alert_type": "Deforestation/Fire" }, "geometry": { "type": "Point", "coordinates": [ 125.374001448839905, -8.770521613444124 ] } },
{ "type": "Feature", "properties": { "id": 1669, "alert_type": "Deforestation/Fire" }, "geometry": { "type": "Point", "coordinates": [ 125.37831336220367, -8.770521613444124 ] } },
{ "type": "Feature", "properties": { "id": 1670, "alert_type": "Deforestation/Fire" }, "geometry": { "type": "Point", "coordinates": [ 125.414964625795747, -8.770521613444124 ] } },
{ "type": "Feature", "properties": { "id": 1671, "alert_type": "Deforestation/Fire" }, "geometry": { "type": "Point", "coordinates": [ 125.432391942307675, -8.770521613444124 ] } },
{ "type": "Feature", "properties": { "id": 1672, "alert_type": "Deforestation/Fire" }, "geometry": { "type": "Point", "coordinates": [ 125.448381954365004, -8.770521613444124 ] } },
{ "type": "Feature", "properties": { "id": 1673, "alert_type": "Deforestation/Fire" }, "geometry": { "type": "Point", "coordinates": [ 125.424307104750596, -8.770701276500949 ] } },
{ "type": "Feature", "properties": { "id": 1674, "alert_type": "Deforestation/Fire" }, "geometry": { "type": "Point", "coordinates": [ 125.446585323796754, -8.770701276500949 ] } },
{ "type": "Feature", "properties": { "id": 1675, "alert_type": "Deforestation/Fire" }, "geometry": { "type": "Point", "coordinates": [ 125.44676498685358, -8.770701276500949 ] } },
{ "type": "Feature", "properties": { "id": 1676, "alert_type": "Deforestation/Fire" }, "geometry": { "type": "Point", "coordinates": [ 125.239433819278801, -8.770880939557772 ] } },
{ "type": "Feature", "properties": { "id": 1677, "alert_type": "Deforestation/Fire" }, "geometry": { "type": "Point", "coordinates": [ 125.378493025260497, -8.770880939557772 ] } },
{ "type": "Feature", "properties": { "id": 1678, "alert_type": "Deforestation/Fire" }, "geometry": { "type": "Point", "coordinates": [ 125.379930329715094, -8.770880939557772 ] } },
{ "type": "Feature", "properties": { "id": 1679, "alert_type": "Deforestation/Fire" }, "geometry": { "type": "Point", "coordinates": [ 125.415683278023053, -8.770880939557772 ] } },
{ "type": "Feature", "properties": { "id": 1680, "alert_type": "Deforestation/Fire" }, "geometry": { "type": "Point", "coordinates": [ 125.436164866500974, -8.770880939557772 ] } },
{ "type": "Feature", "properties": { "id": 1681, "alert_type": "Deforestation/Fire" }, "geometry": { "type": "Point", "coordinates": [ 125.446944649910407, -8.770880939557772 ] } },
{ "type": "Feature", "properties": { "id": 1682, "alert_type": "Deforestation/Fire" }, "geometry": { "type": "Point", "coordinates": [ 125.370767513817071, -8.771060602614597 ] } },
{ "type": "Feature", "properties": { "id": 1683, "alert_type": "Deforestation/Fire" }, "geometry": { "type": "Point", "coordinates": [ 125.374720101067197, -8.771060602614597 ] } },
{ "type": "Feature", "properties": { "id": 1684, "alert_type": "Deforestation/Fire" }, "geometry": { "type": "Point", "coordinates": [ 125.374899764124024, -8.771060602614597 ] } },
{ "type": "Feature", "properties": { "id": 1685, "alert_type": "Deforestation/Fire" }, "geometry": { "type": "Point", "coordinates": [ 125.380109992771921, -8.771060602614597 ] } },
{ "type": "Feature", "properties": { "id": 1686, "alert_type": "Deforestation/Fire" }, "geometry": { "type": "Point", "coordinates": [ 125.411551027716101, -8.771060602614597 ] } },
{ "type": "Feature", "properties": { "id": 1687, "alert_type": "Deforestation/Fire" }, "geometry": { "type": "Point", "coordinates": [ 125.446585323796754, -8.771060602614597 ] } },
{ "type": "Feature", "properties": { "id": 1688, "alert_type": "Deforestation/Fire" }, "geometry": { "type": "Point", "coordinates": [ 125.355316490930221, -8.77124026567142 ] } },
{ "type": "Feature", "properties": { "id": 1689, "alert_type": "Deforestation/Fire" }, "geometry": { "type": "Point", "coordinates": [ 125.379930329715094, -8.77124026567142 ] } },
{ "type": "Feature", "properties": { "id": 1690, "alert_type": "Deforestation/Fire" }, "geometry": { "type": "Point", "coordinates": [ 125.380289655828733, -8.77124026567142 ] } },
{ "type": "Feature", "properties": { "id": 1691, "alert_type": "Deforestation/Fire" }, "geometry": { "type": "Point", "coordinates": [ 125.434008909819084, -8.77124026567142 ] } },
{ "type": "Feature", "properties": { "id": 1692, "alert_type": "Deforestation/Fire" }, "geometry": { "type": "Point", "coordinates": [ 125.375977742464968, -8.771419928728244 ] } },
{ "type": "Feature", "properties": { "id": 1693, "alert_type": "Deforestation/Fire" }, "geometry": { "type": "Point", "coordinates": [ 125.412988332170684, -8.771419928728244 ] } },
{ "type": "Feature", "properties": { "id": 1694, "alert_type": "Deforestation/Fire" }, "geometry": { "type": "Point", "coordinates": [ 125.430235985625785, -8.771419928728244 ] } },
{ "type": "Feature", "properties": { "id": 1695, "alert_type": "Deforestation/Fire" }, "geometry": { "type": "Point", "coordinates": [ 125.434368235932737, -8.771419928728244 ] } },
{ "type": "Feature", "properties": { "id": 1696, "alert_type": "Deforestation/Fire" }, "geometry": { "type": "Point", "coordinates": [ 125.434727562046376, -8.771419928728244 ] } },
{ "type": "Feature", "properties": { "id": 1697, "alert_type": "Deforestation/Fire" }, "geometry": { "type": "Point", "coordinates": [ 125.446405660739941, -8.771419928728244 ] } },
{ "type": "Feature", "properties": { "id": 1698, "alert_type": "Deforestation/Fire" }, "geometry": { "type": "Point", "coordinates": [ 125.237996514824204, -8.771599591785067 ] } },
{ "type": "Feature", "properties": { "id": 1699, "alert_type": "Deforestation/Fire" }, "geometry": { "type": "Point", "coordinates": [ 125.375977742464968, -8.771599591785067 ] } },
{ "type": "Feature", "properties": { "id": 1700, "alert_type": "Deforestation/Fire" }, "geometry": { "type": "Point", "coordinates": [ 125.411730690772927, -8.771599591785067 ] } },
{ "type": "Feature", "properties": { "id": 1701, "alert_type": "Deforestation/Fire" }, "geometry": { "type": "Point", "coordinates": [ 125.412449343000219, -8.771599591785067 ] } },
{ "type": "Feature", "properties": { "id": 1702, "alert_type": "Deforestation/Fire" }, "geometry": { "type": "Point", "coordinates": [ 125.412808669113858, -8.771599591785067 ] } },
{ "type": "Feature", "properties": { "id": 1703, "alert_type": "Deforestation/Fire" }, "geometry": { "type": "Point", "coordinates": [ 125.433469920648619, -8.771599591785067 ] } },
{ "type": "Feature", "properties": { "id": 1704, "alert_type": "Deforestation/Fire" }, "geometry": { "type": "Point", "coordinates": [ 125.242667754301621, -8.771779254841892 ] } },
{ "type": "Feature", "properties": { "id": 1705, "alert_type": "Deforestation/Fire" }, "geometry": { "type": "Point", "coordinates": [ 125.242847417358448, -8.771779254841892 ] } },
{ "type": "Feature", "properties": { "id": 1706, "alert_type": "Deforestation/Fire" }, "geometry": { "type": "Point", "coordinates": [ 125.282013963746067, -8.771779254841892 ] } },
{ "type": "Feature", "properties": { "id": 1707, "alert_type": "Deforestation/Fire" }, "geometry": { "type": "Point", "coordinates": [ 125.284708909598422, -8.771779254841892 ] } },
{ "type": "Feature", "properties": { "id": 1708, "alert_type": "Deforestation/Fire" }, "geometry": { "type": "Point", "coordinates": [ 125.316688933713081, -8.771779254841892 ] } },
{ "type": "Feature", "properties": { "id": 1709, "alert_type": "Deforestation/Fire" }, "geometry": { "type": "Point", "coordinates": [ 125.36789290490789, -8.771779254841892 ] } },
{ "type": "Feature", "properties": { "id": 1710, "alert_type": "Deforestation/Fire" }, "geometry": { "type": "Point", "coordinates": [ 125.235481232028675, -8.771958917898717 ] } },
{ "type": "Feature", "properties": { "id": 1711, "alert_type": "Deforestation/Fire" }, "geometry": { "type": "Point", "coordinates": [ 125.238535503994683, -8.771958917898717 ] } },
{ "type": "Feature", "properties": { "id": 1712, "alert_type": "Deforestation/Fire" }, "geometry": { "type": "Point", "coordinates": [ 125.241230449847038, -8.771958917898717 ] } },
{ "type": "Feature", "properties": { "id": 1713, "alert_type": "Deforestation/Fire" }, "geometry": { "type": "Point", "coordinates": [ 125.243745732642566, -8.771958917898717 ] } },
{ "type": "Feature", "properties": { "id": 1714, "alert_type": "Deforestation/Fire" }, "geometry": { "type": "Point", "coordinates": [ 125.282193626802879, -8.771958917898717 ] } },
{ "type": "Feature", "properties": { "id": 1715, "alert_type": "Deforestation/Fire" }, "geometry": { "type": "Point", "coordinates": [ 125.434008909819084, -8.771958917898717 ] } },
{ "type": "Feature", "properties": { "id": 1716, "alert_type": "Deforestation/Fire" }, "geometry": { "type": "Point", "coordinates": [ 125.445866671569462, -8.77213858095554 ] } },
{ "type": "Feature", "properties": { "id": 1717, "alert_type": "Deforestation/Fire" }, "geometry": { "type": "Point", "coordinates": [ 125.446225997683115, -8.77213858095554 ] } },
{ "type": "Feature", "properties": { "id": 1718, "alert_type": "Deforestation/Fire" }, "geometry": { "type": "Point", "coordinates": [ 125.243925395699392, -8.772318244012364 ] } },
{ "type": "Feature", "properties": { "id": 1719, "alert_type": "Deforestation/Fire" }, "geometry": { "type": "Point", "coordinates": [ 125.282373289859706, -8.772318244012364 ] } },
{ "type": "Feature", "properties": { "id": 1720, "alert_type": "Deforestation/Fire" }, "geometry": { "type": "Point", "coordinates": [ 125.373821785783079, -8.772318244012364 ] } },
{ "type": "Feature", "properties": { "id": 1721, "alert_type": "Deforestation/Fire" }, "geometry": { "type": "Point", "coordinates": [ 125.446225997683115, -8.772318244012364 ] } },
{ "type": "Feature", "properties": { "id": 1722, "alert_type": "Deforestation/Fire" }, "geometry": { "type": "Point", "coordinates": [ 125.241230449847038, -8.772497907069187 ] } },
{ "type": "Feature", "properties": { "id": 1723, "alert_type": "Deforestation/Fire" }, "geometry": { "type": "Point", "coordinates": [ 125.244105058756219, -8.772497907069187 ] } },
{ "type": "Feature", "properties": { "id": 1724, "alert_type": "Deforestation/Fire" }, "geometry": { "type": "Point", "coordinates": [ 125.244284721813045, -8.772497907069187 ] } },
{ "type": "Feature", "properties": { "id": 1725, "alert_type": "Deforestation/Fire" }, "geometry": { "type": "Point", "coordinates": [ 125.445866671569462, -8.772497907069187 ] } },
{ "type": "Feature", "properties": { "id": 1726, "alert_type": "Deforestation/Fire" }, "geometry": { "type": "Point", "coordinates": [ 125.446046334626288, -8.772497907069187 ] } },
{ "type": "Feature", "properties": { "id": 1727, "alert_type": "Deforestation/Fire" }, "geometry": { "type": "Point", "coordinates": [ 125.243745732642566, -8.772677570126012 ] } },
{ "type": "Feature", "properties": { "id": 1728, "alert_type": "Deforestation/Fire" }, "geometry": { "type": "Point", "coordinates": [ 125.244284721813045, -8.772677570126012 ] } },
{ "type": "Feature", "properties": { "id": 1729, "alert_type": "Deforestation/Fire" }, "geometry": { "type": "Point", "coordinates": [ 125.281834300689241, -8.772677570126012 ] } },
{ "type": "Feature", "properties": { "id": 1730, "alert_type": "Deforestation/Fire" }, "geometry": { "type": "Point", "coordinates": [ 125.36789290490789, -8.772677570126012 ] } },
{ "type": "Feature", "properties": { "id": 1731, "alert_type": "Deforestation/Fire" }, "geometry": { "type": "Point", "coordinates": [ 125.373462459669426, -8.772677570126012 ] } },
{ "type": "Feature", "properties": { "id": 1732, "alert_type": "Deforestation/Fire" }, "geometry": { "type": "Point", "coordinates": [ 125.243925395699392, -8.772857233182835 ] } },
{ "type": "Feature", "properties": { "id": 1733, "alert_type": "Deforestation/Fire" }, "geometry": { "type": "Point", "coordinates": [ 125.244105058756219, -8.772857233182835 ] } },
{ "type": "Feature", "properties": { "id": 1734, "alert_type": "Deforestation/Fire" }, "geometry": { "type": "Point", "coordinates": [ 125.244284721813045, -8.772857233182835 ] } },
{ "type": "Feature", "properties": { "id": 1735, "alert_type": "Deforestation/Fire" }, "geometry": { "type": "Point", "coordinates": [ 125.361784360975875, -8.772857233182835 ] } },
{ "type": "Feature", "properties": { "id": 1736, "alert_type": "Deforestation/Fire" }, "geometry": { "type": "Point", "coordinates": [ 125.241410112903864, -8.77303689623966 ] } },
{ "type": "Feature", "properties": { "id": 1737, "alert_type": "Deforestation/Fire" }, "geometry": { "type": "Point", "coordinates": [ 125.242308428187982, -8.77303689623966 ] } },
{ "type": "Feature", "properties": { "id": 1738, "alert_type": "Deforestation/Fire" }, "geometry": { "type": "Point", "coordinates": [ 125.242488091244809, -8.77303689623966 ] } },
{ "type": "Feature", "properties": { "id": 1739, "alert_type": "Deforestation/Fire" }, "geometry": { "type": "Point", "coordinates": [ 125.242667754301621, -8.77303689623966 ] } },
{ "type": "Feature", "properties": { "id": 1740, "alert_type": "Deforestation/Fire" }, "geometry": { "type": "Point", "coordinates": [ 125.243925395699392, -8.77303689623966 ] } },
{ "type": "Feature", "properties": { "id": 1741, "alert_type": "Deforestation/Fire" }, "geometry": { "type": "Point", "coordinates": [ 125.244105058756219, -8.77303689623966 ] } },
{ "type": "Feature", "properties": { "id": 1742, "alert_type": "Deforestation/Fire" }, "geometry": { "type": "Point", "coordinates": [ 125.244284721813045, -8.77303689623966 ] } },
{ "type": "Feature", "properties": { "id": 1743, "alert_type": "Deforestation/Fire" }, "geometry": { "type": "Point", "coordinates": [ 125.244464384869872, -8.77303689623966 ] } },
{ "type": "Feature", "properties": { "id": 1744, "alert_type": "Deforestation/Fire" }, "geometry": { "type": "Point", "coordinates": [ 125.264227321120501, -8.77303689623966 ] } },
{ "type": "Feature", "properties": { "id": 1745, "alert_type": "Deforestation/Fire" }, "geometry": { "type": "Point", "coordinates": [ 125.281654637632414, -8.77303689623966 ] } },
{ "type": "Feature", "properties": { "id": 1746, "alert_type": "Deforestation/Fire" }, "geometry": { "type": "Point", "coordinates": [ 125.281834300689241, -8.77303689623966 ] } },
{ "type": "Feature", "properties": { "id": 1747, "alert_type": "Deforestation/Fire" }, "geometry": { "type": "Point", "coordinates": [ 125.318665227338144, -8.77303689623966 ] } },
{ "type": "Feature", "properties": { "id": 1748, "alert_type": "Deforestation/Fire" }, "geometry": { "type": "Point", "coordinates": [ 125.361964024032702, -8.77303689623966 ] } },
{ "type": "Feature", "properties": { "id": 1749, "alert_type": "Deforestation/Fire" }, "geometry": { "type": "Point", "coordinates": [ 125.238894830108322, -8.773216559296483 ] } },
{ "type": "Feature", "properties": { "id": 1750, "alert_type": "Deforestation/Fire" }, "geometry": { "type": "Point", "coordinates": [ 125.242308428187982, -8.773216559296483 ] } },
{ "type": "Feature", "properties": { "id": 1751, "alert_type": "Deforestation/Fire" }, "geometry": { "type": "Point", "coordinates": [ 125.242667754301621, -8.773216559296483 ] } },
{ "type": "Feature", "properties": { "id": 1752, "alert_type": "Deforestation/Fire" }, "geometry": { "type": "Point", "coordinates": [ 125.244105058756219, -8.773216559296483 ] } },
{ "type": "Feature", "properties": { "id": 1753, "alert_type": "Deforestation/Fire" }, "geometry": { "type": "Point", "coordinates": [ 125.244464384869872, -8.773216559296483 ] } },
{ "type": "Feature", "properties": { "id": 1754, "alert_type": "Deforestation/Fire" }, "geometry": { "type": "Point", "coordinates": [ 125.281654637632414, -8.773216559296483 ] } },
{ "type": "Feature", "properties": { "id": 1755, "alert_type": "Deforestation/Fire" }, "geometry": { "type": "Point", "coordinates": [ 125.398615287624779, -8.773216559296483 ] } },
{ "type": "Feature", "properties": { "id": 1756, "alert_type": "Deforestation/Fire" }, "geometry": { "type": "Point", "coordinates": [ 125.242667754301621, -8.773396222353307 ] } },
{ "type": "Feature", "properties": { "id": 1757, "alert_type": "Deforestation/Fire" }, "geometry": { "type": "Point", "coordinates": [ 125.242847417358448, -8.773396222353307 ] } },
{ "type": "Feature", "properties": { "id": 1758, "alert_type": "Deforestation/Fire" }, "geometry": { "type": "Point", "coordinates": [ 125.244105058756219, -8.773396222353307 ] } },
{ "type": "Feature", "properties": { "id": 1759, "alert_type": "Deforestation/Fire" }, "geometry": { "type": "Point", "coordinates": [ 125.244284721813045, -8.773396222353307 ] } },
{ "type": "Feature", "properties": { "id": 1760, "alert_type": "Deforestation/Fire" }, "geometry": { "type": "Point", "coordinates": [ 125.244464384869872, -8.773396222353307 ] } },
{ "type": "Feature", "properties": { "id": 1761, "alert_type": "Deforestation/Fire" }, "geometry": { "type": "Point", "coordinates": [ 125.244644047926684, -8.773396222353307 ] } },
{ "type": "Feature", "properties": { "id": 1762, "alert_type": "Deforestation/Fire" }, "geometry": { "type": "Point", "coordinates": [ 125.357831773725749, -8.773396222353307 ] } },
{ "type": "Feature", "properties": { "id": 1763, "alert_type": "Deforestation/Fire" }, "geometry": { "type": "Point", "coordinates": [ 125.369689535476127, -8.773396222353307 ] } },
{ "type": "Feature", "properties": { "id": 1764, "alert_type": "Deforestation/Fire" }, "geometry": { "type": "Point", "coordinates": [ 125.435985203444147, -8.773396222353307 ] } },
{ "type": "Feature", "properties": { "id": 1765, "alert_type": "Deforestation/Fire" }, "geometry": { "type": "Point", "coordinates": [ 125.443710714887573, -8.773396222353307 ] } },
{ "type": "Feature", "properties": { "id": 1766, "alert_type": "Deforestation/Fire" }, "geometry": { "type": "Point", "coordinates": [ 125.242667754301621, -8.773575885410132 ] } },
{ "type": "Feature", "properties": { "id": 1767, "alert_type": "Deforestation/Fire" }, "geometry": { "type": "Point", "coordinates": [ 125.244823710983511, -8.773575885410132 ] } },
{ "type": "Feature", "properties": { "id": 1768, "alert_type": "Deforestation/Fire" }, "geometry": { "type": "Point", "coordinates": [ 125.406340799068204, -8.773575885410132 ] } },
{ "type": "Feature", "properties": { "id": 1769, "alert_type": "Deforestation/Fire" }, "geometry": { "type": "Point", "coordinates": [ 125.443531051830746, -8.773575885410132 ] } },
{ "type": "Feature", "properties": { "id": 1770, "alert_type": "Deforestation/Fire" }, "geometry": { "type": "Point", "coordinates": [ 125.443710714887573, -8.773575885410132 ] } },
{ "type": "Feature", "properties": { "id": 1771, "alert_type": "Deforestation/Fire" }, "geometry": { "type": "Point", "coordinates": [ 125.454670161353832, -8.773575885410132 ] } },
{ "type": "Feature", "properties": { "id": 1772, "alert_type": "Deforestation/Fire" }, "geometry": { "type": "Point", "coordinates": [ 125.242667754301621, -8.773755548466955 ] } },
{ "type": "Feature", "properties": { "id": 1773, "alert_type": "Deforestation/Fire" }, "geometry": { "type": "Point", "coordinates": [ 125.245003374040337, -8.773755548466955 ] } },
{ "type": "Feature", "properties": { "id": 1774, "alert_type": "Deforestation/Fire" }, "geometry": { "type": "Point", "coordinates": [ 125.245183037097163, -8.773755548466955 ] } },
{ "type": "Feature", "properties": { "id": 1775, "alert_type": "Deforestation/Fire" }, "geometry": { "type": "Point", "coordinates": [ 125.24536270015399, -8.773755548466955 ] } },
{ "type": "Feature", "properties": { "id": 1776, "alert_type": "Deforestation/Fire" }, "geometry": { "type": "Point", "coordinates": [ 125.405981472954551, -8.773755548466955 ] } },
{ "type": "Feature", "properties": { "id": 1777, "alert_type": "Deforestation/Fire" }, "geometry": { "type": "Point", "coordinates": [ 125.237816851767377, -8.77393521152378 ] } },
{ "type": "Feature", "properties": { "id": 1778, "alert_type": "Deforestation/Fire" }, "geometry": { "type": "Point", "coordinates": [ 125.239433819278801, -8.77393521152378 ] } },
{ "type": "Feature", "properties": { "id": 1779, "alert_type": "Deforestation/Fire" }, "geometry": { "type": "Point", "coordinates": [ 125.242847417358448, -8.77393521152378 ] } },
{ "type": "Feature", "properties": { "id": 1780, "alert_type": "Deforestation/Fire" }, "geometry": { "type": "Point", "coordinates": [ 125.245003374040337, -8.77393521152378 ] } },
{ "type": "Feature", "properties": { "id": 1781, "alert_type": "Deforestation/Fire" }, "geometry": { "type": "Point", "coordinates": [ 125.245183037097163, -8.77393521152378 ] } },
{ "type": "Feature", "properties": { "id": 1782, "alert_type": "Deforestation/Fire" }, "geometry": { "type": "Point", "coordinates": [ 125.245722026267629, -8.77393521152378 ] } },
{ "type": "Feature", "properties": { "id": 1783, "alert_type": "Deforestation/Fire" }, "geometry": { "type": "Point", "coordinates": [ 125.245901689324455, -8.77393521152378 ] } },
{ "type": "Feature", "properties": { "id": 1784, "alert_type": "Deforestation/Fire" }, "geometry": { "type": "Point", "coordinates": [ 125.282373289859706, -8.77393521152378 ] } },
{ "type": "Feature", "properties": { "id": 1785, "alert_type": "Deforestation/Fire" }, "geometry": { "type": "Point", "coordinates": [ 125.443710714887573, -8.77393521152378 ] } },
{ "type": "Feature", "properties": { "id": 1786, "alert_type": "Deforestation/Fire" }, "geometry": { "type": "Point", "coordinates": [ 125.240152471506093, -8.774114874580603 ] } },
{ "type": "Feature", "properties": { "id": 1787, "alert_type": "Deforestation/Fire" }, "geometry": { "type": "Point", "coordinates": [ 125.242847417358448, -8.774114874580603 ] } },
{ "type": "Feature", "properties": { "id": 1788, "alert_type": "Deforestation/Fire" }, "geometry": { "type": "Point", "coordinates": [ 125.243745732642566, -8.774114874580603 ] } },
{ "type": "Feature", "properties": { "id": 1789, "alert_type": "Deforestation/Fire" }, "geometry": { "type": "Point", "coordinates": [ 125.243925395699392, -8.774114874580603 ] } },
{ "type": "Feature", "properties": { "id": 1790, "alert_type": "Deforestation/Fire" }, "geometry": { "type": "Point", "coordinates": [ 125.244105058756219, -8.774114874580603 ] } },
{ "type": "Feature", "properties": { "id": 1791, "alert_type": "Deforestation/Fire" }, "geometry": { "type": "Point", "coordinates": [ 125.245003374040337, -8.774114874580603 ] } },
{ "type": "Feature", "properties": { "id": 1792, "alert_type": "Deforestation/Fire" }, "geometry": { "type": "Point", "coordinates": [ 125.245183037097163, -8.774114874580603 ] } },
{ "type": "Feature", "properties": { "id": 1793, "alert_type": "Deforestation/Fire" }, "geometry": { "type": "Point", "coordinates": [ 125.246081352381282, -8.774114874580603 ] } },
{ "type": "Feature", "properties": { "id": 1794, "alert_type": "Deforestation/Fire" }, "geometry": { "type": "Point", "coordinates": [ 125.246261015438108, -8.774114874580603 ] } },
{ "type": "Feature", "properties": { "id": 1795, "alert_type": "Deforestation/Fire" }, "geometry": { "type": "Point", "coordinates": [ 125.35567581704386, -8.774114874580603 ] } },
{ "type": "Feature", "properties": { "id": 1796, "alert_type": "Deforestation/Fire" }, "geometry": { "type": "Point", "coordinates": [ 125.360886045691757, -8.774114874580603 ] } },
{ "type": "Feature", "properties": { "id": 1797, "alert_type": "Deforestation/Fire" }, "geometry": { "type": "Point", "coordinates": [ 125.396818657056542, -8.774114874580603 ] } },
{ "type": "Feature", "properties": { "id": 1798, "alert_type": "Deforestation/Fire" }, "geometry": { "type": "Point", "coordinates": [ 125.397537309283834, -8.774114874580603 ] } },
{ "type": "Feature", "properties": { "id": 1799, "alert_type": "Deforestation/Fire" }, "geometry": { "type": "Point", "coordinates": [ 125.443531051830746, -8.774114874580603 ] } },
{ "type": "Feature", "properties": { "id": 1800, "alert_type": "Deforestation/Fire" }, "geometry": { "type": "Point", "coordinates": [ 125.242847417358448, -8.774294537637427 ] } },
{ "type": "Feature", "properties": { "id": 1801, "alert_type": "Deforestation/Fire" }, "geometry": { "type": "Point", "coordinates": [ 125.243566069585754, -8.774294537637427 ] } },
{ "type": "Feature", "properties": { "id": 1802, "alert_type": "Deforestation/Fire" }, "geometry": { "type": "Point", "coordinates": [ 125.244105058756219, -8.774294537637427 ] } },
{ "type": "Feature", "properties": { "id": 1803, "alert_type": "Deforestation/Fire" }, "geometry": { "type": "Point", "coordinates": [ 125.245003374040337, -8.774294537637427 ] } },
{ "type": "Feature", "properties": { "id": 1804, "alert_type": "Deforestation/Fire" }, "geometry": { "type": "Point", "coordinates": [ 125.245183037097163, -8.774294537637427 ] } },
{ "type": "Feature", "properties": { "id": 1805, "alert_type": "Deforestation/Fire" }, "geometry": { "type": "Point", "coordinates": [ 125.246081352381282, -8.774294537637427 ] } },
{ "type": "Feature", "properties": { "id": 1806, "alert_type": "Deforestation/Fire" }, "geometry": { "type": "Point", "coordinates": [ 125.246261015438108, -8.774294537637427 ] } },
{ "type": "Feature", "properties": { "id": 1807, "alert_type": "Deforestation/Fire" }, "geometry": { "type": "Point", "coordinates": [ 125.396459330942889, -8.774294537637427 ] } },
{ "type": "Feature", "properties": { "id": 1808, "alert_type": "Deforestation/Fire" }, "geometry": { "type": "Point", "coordinates": [ 125.443171725717107, -8.774294537637427 ] } },
{ "type": "Feature", "properties": { "id": 1809, "alert_type": "Deforestation/Fire" }, "geometry": { "type": "Point", "coordinates": [ 125.239254156221975, -8.77447420069425 ] } },
{ "type": "Feature", "properties": { "id": 1810, "alert_type": "Deforestation/Fire" }, "geometry": { "type": "Point", "coordinates": [ 125.240332134562919, -8.77447420069425 ] } },
{ "type": "Feature", "properties": { "id": 1811, "alert_type": "Deforestation/Fire" }, "geometry": { "type": "Point", "coordinates": [ 125.244105058756219, -8.77447420069425 ] } },
{ "type": "Feature", "properties": { "id": 1812, "alert_type": "Deforestation/Fire" }, "geometry": { "type": "Point", "coordinates": [ 125.244284721813045, -8.77447420069425 ] } },
{ "type": "Feature", "properties": { "id": 1813, "alert_type": "Deforestation/Fire" }, "geometry": { "type": "Point", "coordinates": [ 125.245003374040337, -8.77447420069425 ] } },
{ "type": "Feature", "properties": { "id": 1814, "alert_type": "Deforestation/Fire" }, "geometry": { "type": "Point", "coordinates": [ 125.245183037097163, -8.77447420069425 ] } },
{ "type": "Feature", "properties": { "id": 1815, "alert_type": "Deforestation/Fire" }, "geometry": { "type": "Point", "coordinates": [ 125.24536270015399, -8.77447420069425 ] } },
{ "type": "Feature", "properties": { "id": 1816, "alert_type": "Deforestation/Fire" }, "geometry": { "type": "Point", "coordinates": [ 125.245542363210816, -8.77447420069425 ] } },
{ "type": "Feature", "properties": { "id": 1817, "alert_type": "Deforestation/Fire" }, "geometry": { "type": "Point", "coordinates": [ 125.245722026267629, -8.77447420069425 ] } },
{ "type": "Feature", "properties": { "id": 1818, "alert_type": "Deforestation/Fire" }, "geometry": { "type": "Point", "coordinates": [ 125.245901689324455, -8.77447420069425 ] } },
{ "type": "Feature", "properties": { "id": 1819, "alert_type": "Deforestation/Fire" }, "geometry": { "type": "Point", "coordinates": [ 125.246081352381282, -8.77447420069425 ] } },
{ "type": "Feature", "properties": { "id": 1820, "alert_type": "Deforestation/Fire" }, "geometry": { "type": "Point", "coordinates": [ 125.246261015438108, -8.77447420069425 ] } },
{ "type": "Feature", "properties": { "id": 1821, "alert_type": "Deforestation/Fire" }, "geometry": { "type": "Point", "coordinates": [ 125.246620341551747, -8.77447420069425 ] } },
{ "type": "Feature", "properties": { "id": 1822, "alert_type": "Deforestation/Fire" }, "geometry": { "type": "Point", "coordinates": [ 125.358550425953041, -8.77447420069425 ] } },
{ "type": "Feature", "properties": { "id": 1823, "alert_type": "Deforestation/Fire" }, "geometry": { "type": "Point", "coordinates": [ 125.359448741237159, -8.77447420069425 ] } },
{ "type": "Feature", "properties": { "id": 1824, "alert_type": "Deforestation/Fire" }, "geometry": { "type": "Point", "coordinates": [ 125.393584722033708, -8.77447420069425 ] } },
{ "type": "Feature", "properties": { "id": 1825, "alert_type": "Deforestation/Fire" }, "geometry": { "type": "Point", "coordinates": [ 125.393764385090535, -8.77447420069425 ] } },
{ "type": "Feature", "properties": { "id": 1826, "alert_type": "Deforestation/Fire" }, "geometry": { "type": "Point", "coordinates": [ 125.393944048147361, -8.77447420069425 ] } },
{ "type": "Feature", "properties": { "id": 1827, "alert_type": "Deforestation/Fire" }, "geometry": { "type": "Point", "coordinates": [ 125.394123711204173, -8.77447420069425 ] } },
{ "type": "Feature", "properties": { "id": 1828, "alert_type": "Deforestation/Fire" }, "geometry": { "type": "Point", "coordinates": [ 125.395740678715597, -8.77447420069425 ] } },
{ "type": "Feature", "properties": { "id": 1829, "alert_type": "Deforestation/Fire" }, "geometry": { "type": "Point", "coordinates": [ 125.395920341772424, -8.77447420069425 ] } },
{ "type": "Feature", "properties": { "id": 1830, "alert_type": "Deforestation/Fire" }, "geometry": { "type": "Point", "coordinates": [ 125.39771697234066, -8.77447420069425 ] } },
{ "type": "Feature", "properties": { "id": 1831, "alert_type": "Deforestation/Fire" }, "geometry": { "type": "Point", "coordinates": [ 125.397896635397487, -8.77447420069425 ] } },
{ "type": "Feature", "properties": { "id": 1832, "alert_type": "Deforestation/Fire" }, "geometry": { "type": "Point", "coordinates": [ 125.405981472954551, -8.77447420069425 ] } },
{ "type": "Feature", "properties": { "id": 1833, "alert_type": "Deforestation/Fire" }, "geometry": { "type": "Point", "coordinates": [ 125.406700125181857, -8.77447420069425 ] } },
{ "type": "Feature", "properties": { "id": 1834, "alert_type": "Deforestation/Fire" }, "geometry": { "type": "Point", "coordinates": [ 125.244284721813045, -8.774653863751075 ] } },
{ "type": "Feature", "properties": { "id": 1835, "alert_type": "Deforestation/Fire" }, "geometry": { "type": "Point", "coordinates": [ 125.245722026267629, -8.774653863751075 ] } },
{ "type": "Feature", "properties": { "id": 1836, "alert_type": "Deforestation/Fire" }, "geometry": { "type": "Point", "coordinates": [ 125.245901689324455, -8.774653863751075 ] } },
{ "type": "Feature", "properties": { "id": 1837, "alert_type": "Deforestation/Fire" }, "geometry": { "type": "Point", "coordinates": [ 125.246261015438108, -8.774653863751075 ] } },
{ "type": "Feature", "properties": { "id": 1838, "alert_type": "Deforestation/Fire" }, "geometry": { "type": "Point", "coordinates": [ 125.246440678494935, -8.774653863751075 ] } },
{ "type": "Feature", "properties": { "id": 1839, "alert_type": "Deforestation/Fire" }, "geometry": { "type": "Point", "coordinates": [ 125.246800004608573, -8.774653863751075 ] } },
{ "type": "Feature", "properties": { "id": 1840, "alert_type": "Deforestation/Fire" }, "geometry": { "type": "Point", "coordinates": [ 125.359808067350812, -8.774653863751075 ] } },
{ "type": "Feature", "properties": { "id": 1841, "alert_type": "Deforestation/Fire" }, "geometry": { "type": "Point", "coordinates": [ 125.360167393464465, -8.774653863751075 ] } },
{ "type": "Feature", "properties": { "id": 1842, "alert_type": "Deforestation/Fire" }, "geometry": { "type": "Point", "coordinates": [ 125.360526719578104, -8.774653863751075 ] } },
{ "type": "Feature", "properties": { "id": 1843, "alert_type": "Deforestation/Fire" }, "geometry": { "type": "Point", "coordinates": [ 125.397896635397487, -8.774653863751075 ] } },
{ "type": "Feature", "properties": { "id": 1844, "alert_type": "Deforestation/Fire" }, "geometry": { "type": "Point", "coordinates": [ 125.398076298454299, -8.774653863751075 ] } },
{ "type": "Feature", "properties": { "id": 1845, "alert_type": "Deforestation/Fire" }, "geometry": { "type": "Point", "coordinates": [ 125.443531051830746, -8.774653863751075 ] } },
{ "type": "Feature", "properties": { "id": 1846, "alert_type": "Deforestation/Fire" }, "geometry": { "type": "Point", "coordinates": [ 125.451256563274185, -8.774653863751075 ] } },
{ "type": "Feature", "properties": { "id": 1847, "alert_type": "Deforestation/Fire" }, "geometry": { "type": "Point", "coordinates": [ 125.454849824410658, -8.774653863751075 ] } },
{ "type": "Feature", "properties": { "id": 1848, "alert_type": "Deforestation/Fire" }, "geometry": { "type": "Point", "coordinates": [ 125.24536270015399, -8.774833526807898 ] } },
{ "type": "Feature", "properties": { "id": 1849, "alert_type": "Deforestation/Fire" }, "geometry": { "type": "Point", "coordinates": [ 125.245722026267629, -8.774833526807898 ] } },
{ "type": "Feature", "properties": { "id": 1850, "alert_type": "Deforestation/Fire" }, "geometry": { "type": "Point", "coordinates": [ 125.245901689324455, -8.774833526807898 ] } },
{ "type": "Feature", "properties": { "id": 1851, "alert_type": "Deforestation/Fire" }, "geometry": { "type": "Point", "coordinates": [ 125.246440678494935, -8.774833526807898 ] } },
{ "type": "Feature", "properties": { "id": 1852, "alert_type": "Deforestation/Fire" }, "geometry": { "type": "Point", "coordinates": [ 125.246620341551747, -8.774833526807898 ] } },
{ "type": "Feature", "properties": { "id": 1853, "alert_type": "Deforestation/Fire" }, "geometry": { "type": "Point", "coordinates": [ 125.246800004608573, -8.774833526807898 ] } },
{ "type": "Feature", "properties": { "id": 1854, "alert_type": "Deforestation/Fire" }, "geometry": { "type": "Point", "coordinates": [ 125.247338993779053, -8.774833526807898 ] } },
{ "type": "Feature", "properties": { "id": 1855, "alert_type": "Deforestation/Fire" }, "geometry": { "type": "Point", "coordinates": [ 125.247698319892692, -8.774833526807898 ] } },
{ "type": "Feature", "properties": { "id": 1856, "alert_type": "Deforestation/Fire" }, "geometry": { "type": "Point", "coordinates": [ 125.359808067350812, -8.774833526807898 ] } },
{ "type": "Feature", "properties": { "id": 1857, "alert_type": "Deforestation/Fire" }, "geometry": { "type": "Point", "coordinates": [ 125.400411918193015, -8.774833526807898 ] } },
{ "type": "Feature", "properties": { "id": 1858, "alert_type": "Deforestation/Fire" }, "geometry": { "type": "Point", "coordinates": [ 125.400591581249842, -8.774833526807898 ] } },
{ "type": "Feature", "properties": { "id": 1859, "alert_type": "Deforestation/Fire" }, "geometry": { "type": "Point", "coordinates": [ 125.405801809897739, -8.774833526807898 ] } },
{ "type": "Feature", "properties": { "id": 1860, "alert_type": "Deforestation/Fire" }, "geometry": { "type": "Point", "coordinates": [ 125.406879788238669, -8.774833526807898 ] } },
{ "type": "Feature", "properties": { "id": 1861, "alert_type": "Deforestation/Fire" }, "geometry": { "type": "Point", "coordinates": [ 125.451256563274185, -8.774833526807898 ] } },
{ "type": "Feature", "properties": { "id": 1862, "alert_type": "Deforestation/Fire" }, "geometry": { "type": "Point", "coordinates": [ 125.243206743472101, -8.775013189864723 ] } },
{ "type": "Feature", "properties": { "id": 1863, "alert_type": "Deforestation/Fire" }, "geometry": { "type": "Point", "coordinates": [ 125.243745732642566, -8.775013189864723 ] } },
{ "type": "Feature", "properties": { "id": 1864, "alert_type": "Deforestation/Fire" }, "geometry": { "type": "Point", "coordinates": [ 125.244105058756219, -8.775013189864723 ] } },
{ "type": "Feature", "properties": { "id": 1865, "alert_type": "Deforestation/Fire" }, "geometry": { "type": "Point", "coordinates": [ 125.245542363210816, -8.775013189864723 ] } },
{ "type": "Feature", "properties": { "id": 1866, "alert_type": "Deforestation/Fire" }, "geometry": { "type": "Point", "coordinates": [ 125.245722026267629, -8.775013189864723 ] } },
{ "type": "Feature", "properties": { "id": 1867, "alert_type": "Deforestation/Fire" }, "geometry": { "type": "Point", "coordinates": [ 125.245901689324455, -8.775013189864723 ] } },
{ "type": "Feature", "properties": { "id": 1868, "alert_type": "Deforestation/Fire" }, "geometry": { "type": "Point", "coordinates": [ 125.246081352381282, -8.775013189864723 ] } },
{ "type": "Feature", "properties": { "id": 1869, "alert_type": "Deforestation/Fire" }, "geometry": { "type": "Point", "coordinates": [ 125.246620341551747, -8.775013189864723 ] } },
{ "type": "Feature", "properties": { "id": 1870, "alert_type": "Deforestation/Fire" }, "geometry": { "type": "Point", "coordinates": [ 125.246800004608573, -8.775013189864723 ] } },
{ "type": "Feature", "properties": { "id": 1871, "alert_type": "Deforestation/Fire" }, "geometry": { "type": "Point", "coordinates": [ 125.2469796676654, -8.775013189864723 ] } },
{ "type": "Feature", "properties": { "id": 1872, "alert_type": "Deforestation/Fire" }, "geometry": { "type": "Point", "coordinates": [ 125.247159330722226, -8.775013189864723 ] } },
{ "type": "Feature", "properties": { "id": 1873, "alert_type": "Deforestation/Fire" }, "geometry": { "type": "Point", "coordinates": [ 125.247338993779053, -8.775013189864723 ] } },
{ "type": "Feature", "properties": { "id": 1874, "alert_type": "Deforestation/Fire" }, "geometry": { "type": "Point", "coordinates": [ 125.259735744699896, -8.775013189864723 ] } },
{ "type": "Feature", "properties": { "id": 1875, "alert_type": "Deforestation/Fire" }, "geometry": { "type": "Point", "coordinates": [ 125.259915407756722, -8.775013189864723 ] } },
{ "type": "Feature", "properties": { "id": 1876, "alert_type": "Deforestation/Fire" }, "geometry": { "type": "Point", "coordinates": [ 125.261532375268132, -8.775013189864723 ] } },
{ "type": "Feature", "properties": { "id": 1877, "alert_type": "Deforestation/Fire" }, "geometry": { "type": "Point", "coordinates": [ 125.282013963746067, -8.775013189864723 ] } },
{ "type": "Feature", "properties": { "id": 1878, "alert_type": "Deforestation/Fire" }, "geometry": { "type": "Point", "coordinates": [ 125.342201087782072, -8.775013189864723 ] } },
{ "type": "Feature", "properties": { "id": 1879, "alert_type": "Deforestation/Fire" }, "geometry": { "type": "Point", "coordinates": [ 125.352801208134679, -8.775013189864723 ] } },
{ "type": "Feature", "properties": { "id": 1880, "alert_type": "Deforestation/Fire" }, "geometry": { "type": "Point", "coordinates": [ 125.406161136011377, -8.775013189864723 ] } },
{ "type": "Feature", "properties": { "id": 1881, "alert_type": "Deforestation/Fire" }, "geometry": { "type": "Point", "coordinates": [ 125.442992062660281, -8.775013189864723 ] } },
{ "type": "Feature", "properties": { "id": 1882, "alert_type": "Deforestation/Fire" }, "geometry": { "type": "Point", "coordinates": [ 125.455209150524311, -8.775013189864723 ] } },
{ "type": "Feature", "properties": { "id": 1883, "alert_type": "Deforestation/Fire" }, "geometry": { "type": "Point", "coordinates": [ 125.242847417358448, -8.775192852921545 ] } },
{ "type": "Feature", "properties": { "id": 1884, "alert_type": "Deforestation/Fire" }, "geometry": { "type": "Point", "coordinates": [ 125.243027080415274, -8.775192852921545 ] } },
{ "type": "Feature", "properties": { "id": 1885, "alert_type": "Deforestation/Fire" }, "geometry": { "type": "Point", "coordinates": [ 125.243206743472101, -8.775192852921545 ] } },
{ "type": "Feature", "properties": { "id": 1886, "alert_type": "Deforestation/Fire" }, "geometry": { "type": "Point", "coordinates": [ 125.243566069585754, -8.775192852921545 ] } },
{ "type": "Feature", "properties": { "id": 1887, "alert_type": "Deforestation/Fire" }, "geometry": { "type": "Point", "coordinates": [ 125.243925395699392, -8.775192852921545 ] } },
{ "type": "Feature", "properties": { "id": 1888, "alert_type": "Deforestation/Fire" }, "geometry": { "type": "Point", "coordinates": [ 125.244284721813045, -8.775192852921545 ] } },
{ "type": "Feature", "properties": { "id": 1889, "alert_type": "Deforestation/Fire" }, "geometry": { "type": "Point", "coordinates": [ 125.245901689324455, -8.775192852921545 ] } },
{ "type": "Feature", "properties": { "id": 1890, "alert_type": "Deforestation/Fire" }, "geometry": { "type": "Point", "coordinates": [ 125.246261015438108, -8.775192852921545 ] } },
{ "type": "Feature", "properties": { "id": 1891, "alert_type": "Deforestation/Fire" }, "geometry": { "type": "Point", "coordinates": [ 125.246620341551747, -8.775192852921545 ] } },
{ "type": "Feature", "properties": { "id": 1892, "alert_type": "Deforestation/Fire" }, "geometry": { "type": "Point", "coordinates": [ 125.246800004608573, -8.775192852921545 ] } },
{ "type": "Feature", "properties": { "id": 1893, "alert_type": "Deforestation/Fire" }, "geometry": { "type": "Point", "coordinates": [ 125.2469796676654, -8.775192852921545 ] } },
{ "type": "Feature", "properties": { "id": 1894, "alert_type": "Deforestation/Fire" }, "geometry": { "type": "Point", "coordinates": [ 125.247159330722226, -8.775192852921545 ] } },
{ "type": "Feature", "properties": { "id": 1895, "alert_type": "Deforestation/Fire" }, "geometry": { "type": "Point", "coordinates": [ 125.247338993779053, -8.775192852921545 ] } },
{ "type": "Feature", "properties": { "id": 1896, "alert_type": "Deforestation/Fire" }, "geometry": { "type": "Point", "coordinates": [ 125.247877982949518, -8.775192852921545 ] } },
{ "type": "Feature", "properties": { "id": 1897, "alert_type": "Deforestation/Fire" }, "geometry": { "type": "Point", "coordinates": [ 125.392866069806416, -8.775192852921545 ] } },
{ "type": "Feature", "properties": { "id": 1898, "alert_type": "Deforestation/Fire" }, "geometry": { "type": "Point", "coordinates": [ 125.405981472954551, -8.775192852921545 ] } },
{ "type": "Feature", "properties": { "id": 1899, "alert_type": "Deforestation/Fire" }, "geometry": { "type": "Point", "coordinates": [ 125.406700125181857, -8.775192852921545 ] } },
{ "type": "Feature", "properties": { "id": 1900, "alert_type": "Deforestation/Fire" }, "geometry": { "type": "Point", "coordinates": [ 125.443351388773934, -8.775192852921545 ] } },
{ "type": "Feature", "properties": { "id": 1901, "alert_type": "Deforestation/Fire" }, "geometry": { "type": "Point", "coordinates": [ 125.241230449847038, -8.77537251597837 ] } },
{ "type": "Feature", "properties": { "id": 1902, "alert_type": "Deforestation/Fire" }, "geometry": { "type": "Point", "coordinates": [ 125.243027080415274, -8.77537251597837 ] } },
{ "type": "Feature", "properties": { "id": 1903, "alert_type": "Deforestation/Fire" }, "geometry": { "type": "Point", "coordinates": [ 125.243386406528927, -8.77537251597837 ] } },
{ "type": "Feature", "properties": { "id": 1904, "alert_type": "Deforestation/Fire" }, "geometry": { "type": "Point", "coordinates": [ 125.243566069585754, -8.77537251597837 ] } },
{ "type": "Feature", "properties": { "id": 1905, "alert_type": "Deforestation/Fire" }, "geometry": { "type": "Point", "coordinates": [ 125.244105058756219, -8.77537251597837 ] } },
{ "type": "Feature", "properties": { "id": 1906, "alert_type": "Deforestation/Fire" }, "geometry": { "type": "Point", "coordinates": [ 125.245722026267629, -8.77537251597837 ] } },
{ "type": "Feature", "properties": { "id": 1907, "alert_type": "Deforestation/Fire" }, "geometry": { "type": "Point", "coordinates": [ 125.245901689324455, -8.77537251597837 ] } },
{ "type": "Feature", "properties": { "id": 1908, "alert_type": "Deforestation/Fire" }, "geometry": { "type": "Point", "coordinates": [ 125.246081352381282, -8.77537251597837 ] } },
{ "type": "Feature", "properties": { "id": 1909, "alert_type": "Deforestation/Fire" }, "geometry": { "type": "Point", "coordinates": [ 125.246261015438108, -8.77537251597837 ] } },
{ "type": "Feature", "properties": { "id": 1910, "alert_type": "Deforestation/Fire" }, "geometry": { "type": "Point", "coordinates": [ 125.246440678494935, -8.77537251597837 ] } },
{ "type": "Feature", "properties": { "id": 1911, "alert_type": "Deforestation/Fire" }, "geometry": { "type": "Point", "coordinates": [ 125.246800004608573, -8.77537251597837 ] } },
{ "type": "Feature", "properties": { "id": 1912, "alert_type": "Deforestation/Fire" }, "geometry": { "type": "Point", "coordinates": [ 125.247338993779053, -8.77537251597837 ] } },
{ "type": "Feature", "properties": { "id": 1913, "alert_type": "Deforestation/Fire" }, "geometry": { "type": "Point", "coordinates": [ 125.247518656835879, -8.77537251597837 ] } },
{ "type": "Feature", "properties": { "id": 1914, "alert_type": "Deforestation/Fire" }, "geometry": { "type": "Point", "coordinates": [ 125.247698319892692, -8.77537251597837 ] } },
{ "type": "Feature", "properties": { "id": 1915, "alert_type": "Deforestation/Fire" }, "geometry": { "type": "Point", "coordinates": [ 125.247877982949518, -8.77537251597837 ] } },
{ "type": "Feature", "properties": { "id": 1916, "alert_type": "Deforestation/Fire" }, "geometry": { "type": "Point", "coordinates": [ 125.259556081643069, -8.77537251597837 ] } },
{ "type": "Feature", "properties": { "id": 1917, "alert_type": "Deforestation/Fire" }, "geometry": { "type": "Point", "coordinates": [ 125.39268640674959, -8.77537251597837 ] } },
{ "type": "Feature", "properties": { "id": 1918, "alert_type": "Deforestation/Fire" }, "geometry": { "type": "Point", "coordinates": [ 125.401130570420307, -8.77537251597837 ] } },
{ "type": "Feature", "properties": { "id": 1919, "alert_type": "Deforestation/Fire" }, "geometry": { "type": "Point", "coordinates": [ 125.406879788238669, -8.77537251597837 ] } },
{ "type": "Feature", "properties": { "id": 1920, "alert_type": "Deforestation/Fire" }, "geometry": { "type": "Point", "coordinates": [ 125.407059451295495, -8.77537251597837 ] } },
{ "type": "Feature", "properties": { "id": 1921, "alert_type": "Deforestation/Fire" }, "geometry": { "type": "Point", "coordinates": [ 125.443171725717107, -8.77537251597837 ] } },
{ "type": "Feature", "properties": { "id": 1922, "alert_type": "Deforestation/Fire" }, "geometry": { "type": "Point", "coordinates": [ 125.243206743472101, -8.775552179035195 ] } },
{ "type": "Feature", "properties": { "id": 1923, "alert_type": "Deforestation/Fire" }, "geometry": { "type": "Point", "coordinates": [ 125.243386406528927, -8.775552179035195 ] } },
{ "type": "Feature", "properties": { "id": 1924, "alert_type": "Deforestation/Fire" }, "geometry": { "type": "Point", "coordinates": [ 125.244105058756219, -8.775552179035195 ] } },
{ "type": "Feature", "properties": { "id": 1925, "alert_type": "Deforestation/Fire" }, "geometry": { "type": "Point", "coordinates": [ 125.244284721813045, -8.775552179035195 ] } },
{ "type": "Feature", "properties": { "id": 1926, "alert_type": "Deforestation/Fire" }, "geometry": { "type": "Point", "coordinates": [ 125.244464384869872, -8.775552179035195 ] } },
{ "type": "Feature", "properties": { "id": 1927, "alert_type": "Deforestation/Fire" }, "geometry": { "type": "Point", "coordinates": [ 125.245901689324455, -8.775552179035195 ] } },
{ "type": "Feature", "properties": { "id": 1928, "alert_type": "Deforestation/Fire" }, "geometry": { "type": "Point", "coordinates": [ 125.246081352381282, -8.775552179035195 ] } },
{ "type": "Feature", "properties": { "id": 1929, "alert_type": "Deforestation/Fire" }, "geometry": { "type": "Point", "coordinates": [ 125.246261015438108, -8.775552179035195 ] } },
{ "type": "Feature", "properties": { "id": 1930, "alert_type": "Deforestation/Fire" }, "geometry": { "type": "Point", "coordinates": [ 125.246440678494935, -8.775552179035195 ] } },
{ "type": "Feature", "properties": { "id": 1931, "alert_type": "Deforestation/Fire" }, "geometry": { "type": "Point", "coordinates": [ 125.246800004608573, -8.775552179035195 ] } },
{ "type": "Feature", "properties": { "id": 1932, "alert_type": "Deforestation/Fire" }, "geometry": { "type": "Point", "coordinates": [ 125.247338993779053, -8.775552179035195 ] } },
{ "type": "Feature", "properties": { "id": 1933, "alert_type": "Deforestation/Fire" }, "geometry": { "type": "Point", "coordinates": [ 125.247518656835879, -8.775552179035195 ] } },
{ "type": "Feature", "properties": { "id": 1934, "alert_type": "Deforestation/Fire" }, "geometry": { "type": "Point", "coordinates": [ 125.247698319892692, -8.775552179035195 ] } },
{ "type": "Feature", "properties": { "id": 1935, "alert_type": "Deforestation/Fire" }, "geometry": { "type": "Point", "coordinates": [ 125.247877982949518, -8.775552179035195 ] } },
{ "type": "Feature", "properties": { "id": 1936, "alert_type": "Deforestation/Fire" }, "geometry": { "type": "Point", "coordinates": [ 125.3905304500677, -8.775552179035195 ] } },
{ "type": "Feature", "properties": { "id": 1937, "alert_type": "Deforestation/Fire" }, "geometry": { "type": "Point", "coordinates": [ 125.407059451295495, -8.775552179035195 ] } },
{ "type": "Feature", "properties": { "id": 1938, "alert_type": "Deforestation/Fire" }, "geometry": { "type": "Point", "coordinates": [ 125.455029487467485, -8.775552179035195 ] } },
{ "type": "Feature", "properties": { "id": 1939, "alert_type": "Deforestation/Fire" }, "geometry": { "type": "Point", "coordinates": [ 125.244105058756219, -8.775731842092018 ] } },
{ "type": "Feature", "properties": { "id": 1940, "alert_type": "Deforestation/Fire" }, "geometry": { "type": "Point", "coordinates": [ 125.244284721813045, -8.775731842092018 ] } },
{ "type": "Feature", "properties": { "id": 1941, "alert_type": "Deforestation/Fire" }, "geometry": { "type": "Point", "coordinates": [ 125.244464384869872, -8.775731842092018 ] } },
{ "type": "Feature", "properties": { "id": 1942, "alert_type": "Deforestation/Fire" }, "geometry": { "type": "Point", "coordinates": [ 125.244644047926684, -8.775731842092018 ] } },
{ "type": "Feature", "properties": { "id": 1943, "alert_type": "Deforestation/Fire" }, "geometry": { "type": "Point", "coordinates": [ 125.246261015438108, -8.775731842092018 ] } },
{ "type": "Feature", "properties": { "id": 1944, "alert_type": "Deforestation/Fire" }, "geometry": { "type": "Point", "coordinates": [ 125.246440678494935, -8.775731842092018 ] } },
{ "type": "Feature", "properties": { "id": 1945, "alert_type": "Deforestation/Fire" }, "geometry": { "type": "Point", "coordinates": [ 125.247698319892692, -8.775731842092018 ] } },
{ "type": "Feature", "properties": { "id": 1946, "alert_type": "Deforestation/Fire" }, "geometry": { "type": "Point", "coordinates": [ 125.38549988447663, -8.775731842092018 ] } },
{ "type": "Feature", "properties": { "id": 1947, "alert_type": "Deforestation/Fire" }, "geometry": { "type": "Point", "coordinates": [ 125.390171123954048, -8.775731842092018 ] } },
{ "type": "Feature", "properties": { "id": 1948, "alert_type": "Deforestation/Fire" }, "geometry": { "type": "Point", "coordinates": [ 125.390350787010874, -8.775731842092018 ] } },
{ "type": "Feature", "properties": { "id": 1949, "alert_type": "Deforestation/Fire" }, "geometry": { "type": "Point", "coordinates": [ 125.390710113124527, -8.775731842092018 ] } },
{ "type": "Feature", "properties": { "id": 1950, "alert_type": "Deforestation/Fire" }, "geometry": { "type": "Point", "coordinates": [ 125.391428765351819, -8.775731842092018 ] } },
{ "type": "Feature", "properties": { "id": 1951, "alert_type": "Deforestation/Fire" }, "geometry": { "type": "Point", "coordinates": [ 125.401310233477133, -8.775731842092018 ] } },
{ "type": "Feature", "properties": { "id": 1952, "alert_type": "Deforestation/Fire" }, "geometry": { "type": "Point", "coordinates": [ 125.407059451295495, -8.775731842092018 ] } },
{ "type": "Feature", "properties": { "id": 1953, "alert_type": "Deforestation/Fire" }, "geometry": { "type": "Point", "coordinates": [ 125.443351388773934, -8.775731842092018 ] } },
{ "type": "Feature", "properties": { "id": 1954, "alert_type": "Deforestation/Fire" }, "geometry": { "type": "Point", "coordinates": [ 125.443531051830746, -8.775731842092018 ] } },
{ "type": "Feature", "properties": { "id": 1955, "alert_type": "Deforestation/Fire" }, "geometry": { "type": "Point", "coordinates": [ 125.455209150524311, -8.775731842092018 ] } },
{ "type": "Feature", "properties": { "id": 1956, "alert_type": "Deforestation/Fire" }, "geometry": { "type": "Point", "coordinates": [ 125.455388813581123, -8.775731842092018 ] } },
{ "type": "Feature", "properties": { "id": 1957, "alert_type": "Deforestation/Fire" }, "geometry": { "type": "Point", "coordinates": [ 125.243566069585754, -8.775911505148843 ] } },
{ "type": "Feature", "properties": { "id": 1958, "alert_type": "Deforestation/Fire" }, "geometry": { "type": "Point", "coordinates": [ 125.243925395699392, -8.775911505148843 ] } },
{ "type": "Feature", "properties": { "id": 1959, "alert_type": "Deforestation/Fire" }, "geometry": { "type": "Point", "coordinates": [ 125.244464384869872, -8.775911505148843 ] } },
{ "type": "Feature", "properties": { "id": 1960, "alert_type": "Deforestation/Fire" }, "geometry": { "type": "Point", "coordinates": [ 125.244644047926684, -8.775911505148843 ] } },
{ "type": "Feature", "properties": { "id": 1961, "alert_type": "Deforestation/Fire" }, "geometry": { "type": "Point", "coordinates": [ 125.244823710983511, -8.775911505148843 ] } },
{ "type": "Feature", "properties": { "id": 1962, "alert_type": "Deforestation/Fire" }, "geometry": { "type": "Point", "coordinates": [ 125.246440678494935, -8.775911505148843 ] } },
{ "type": "Feature", "properties": { "id": 1963, "alert_type": "Deforestation/Fire" }, "geometry": { "type": "Point", "coordinates": [ 125.246620341551747, -8.775911505148843 ] } },
{ "type": "Feature", "properties": { "id": 1964, "alert_type": "Deforestation/Fire" }, "geometry": { "type": "Point", "coordinates": [ 125.246800004608573, -8.775911505148843 ] } },
{ "type": "Feature", "properties": { "id": 1965, "alert_type": "Deforestation/Fire" }, "geometry": { "type": "Point", "coordinates": [ 125.247518656835879, -8.775911505148843 ] } },
{ "type": "Feature", "properties": { "id": 1966, "alert_type": "Deforestation/Fire" }, "geometry": { "type": "Point", "coordinates": [ 125.247698319892692, -8.775911505148843 ] } },
{ "type": "Feature", "properties": { "id": 1967, "alert_type": "Deforestation/Fire" }, "geometry": { "type": "Point", "coordinates": [ 125.247877982949518, -8.775911505148843 ] } },
{ "type": "Feature", "properties": { "id": 1968, "alert_type": "Deforestation/Fire" }, "geometry": { "type": "Point", "coordinates": [ 125.248057646006345, -8.775911505148843 ] } },
{ "type": "Feature", "properties": { "id": 1969, "alert_type": "Deforestation/Fire" }, "geometry": { "type": "Point", "coordinates": [ 125.389991460897235, -8.775911505148843 ] } },
{ "type": "Feature", "properties": { "id": 1970, "alert_type": "Deforestation/Fire" }, "geometry": { "type": "Point", "coordinates": [ 125.390171123954048, -8.775911505148843 ] } },
{ "type": "Feature", "properties": { "id": 1971, "alert_type": "Deforestation/Fire" }, "geometry": { "type": "Point", "coordinates": [ 125.243566069585754, -8.776091168205665 ] } },
{ "type": "Feature", "properties": { "id": 1972, "alert_type": "Deforestation/Fire" }, "geometry": { "type": "Point", "coordinates": [ 125.244823710983511, -8.776091168205665 ] } },
{ "type": "Feature", "properties": { "id": 1973, "alert_type": "Deforestation/Fire" }, "geometry": { "type": "Point", "coordinates": [ 125.246620341551747, -8.776091168205665 ] } },
{ "type": "Feature", "properties": { "id": 1974, "alert_type": "Deforestation/Fire" }, "geometry": { "type": "Point", "coordinates": [ 125.246800004608573, -8.776091168205665 ] } },
{ "type": "Feature", "properties": { "id": 1975, "alert_type": "Deforestation/Fire" }, "geometry": { "type": "Point", "coordinates": [ 125.2469796676654, -8.776091168205665 ] } },
{ "type": "Feature", "properties": { "id": 1976, "alert_type": "Deforestation/Fire" }, "geometry": { "type": "Point", "coordinates": [ 125.247518656835879, -8.776091168205665 ] } },
{ "type": "Feature", "properties": { "id": 1977, "alert_type": "Deforestation/Fire" }, "geometry": { "type": "Point", "coordinates": [ 125.247877982949518, -8.776091168205665 ] } },
{ "type": "Feature", "properties": { "id": 1978, "alert_type": "Deforestation/Fire" }, "geometry": { "type": "Point", "coordinates": [ 125.45556847663795, -8.776091168205665 ] } },
{ "type": "Feature", "properties": { "id": 1979, "alert_type": "Deforestation/Fire" }, "geometry": { "type": "Point", "coordinates": [ 125.241769439017503, -8.77627083126249 ] } },
{ "type": "Feature", "properties": { "id": 1980, "alert_type": "Deforestation/Fire" }, "geometry": { "type": "Point", "coordinates": [ 125.242847417358448, -8.77627083126249 ] } },
{ "type": "Feature", "properties": { "id": 1981, "alert_type": "Deforestation/Fire" }, "geometry": { "type": "Point", "coordinates": [ 125.243745732642566, -8.77627083126249 ] } },
{ "type": "Feature", "properties": { "id": 1982, "alert_type": "Deforestation/Fire" }, "geometry": { "type": "Point", "coordinates": [ 125.244464384869872, -8.77627083126249 ] } },
{ "type": "Feature", "properties": { "id": 1983, "alert_type": "Deforestation/Fire" }, "geometry": { "type": "Point", "coordinates": [ 125.246440678494935, -8.77627083126249 ] } },
{ "type": "Feature", "properties": { "id": 1984, "alert_type": "Deforestation/Fire" }, "geometry": { "type": "Point", "coordinates": [ 125.2469796676654, -8.77627083126249 ] } },
{ "type": "Feature", "properties": { "id": 1985, "alert_type": "Deforestation/Fire" }, "geometry": { "type": "Point", "coordinates": [ 125.247159330722226, -8.77627083126249 ] } },
{ "type": "Feature", "properties": { "id": 1986, "alert_type": "Deforestation/Fire" }, "geometry": { "type": "Point", "coordinates": [ 125.247518656835879, -8.77627083126249 ] } },
{ "type": "Feature", "properties": { "id": 1987, "alert_type": "Deforestation/Fire" }, "geometry": { "type": "Point", "coordinates": [ 125.386937188931228, -8.77627083126249 ] } },
{ "type": "Feature", "properties": { "id": 1988, "alert_type": "Deforestation/Fire" }, "geometry": { "type": "Point", "coordinates": [ 125.401130570420307, -8.77627083126249 ] } },
{ "type": "Feature", "properties": { "id": 1989, "alert_type": "Deforestation/Fire" }, "geometry": { "type": "Point", "coordinates": [ 125.407059451295495, -8.77627083126249 ] } },
{ "type": "Feature", "properties": { "id": 1990, "alert_type": "Deforestation/Fire" }, "geometry": { "type": "Point", "coordinates": [ 125.443531051830746, -8.77627083126249 ] } },
{ "type": "Feature", "properties": { "id": 1991, "alert_type": "Deforestation/Fire" }, "geometry": { "type": "Point", "coordinates": [ 125.246440678494935, -8.776450494319313 ] } },
{ "type": "Feature", "properties": { "id": 1992, "alert_type": "Deforestation/Fire" }, "geometry": { "type": "Point", "coordinates": [ 125.246620341551747, -8.776450494319313 ] } },
{ "type": "Feature", "properties": { "id": 1993, "alert_type": "Deforestation/Fire" }, "geometry": { "type": "Point", "coordinates": [ 125.247159330722226, -8.776450494319313 ] } },
{ "type": "Feature", "properties": { "id": 1994, "alert_type": "Deforestation/Fire" }, "geometry": { "type": "Point", "coordinates": [ 125.247338993779053, -8.776450494319313 ] } },
{ "type": "Feature", "properties": { "id": 1995, "alert_type": "Deforestation/Fire" }, "geometry": { "type": "Point", "coordinates": [ 125.247518656835879, -8.776450494319313 ] } },
{ "type": "Feature", "properties": { "id": 1996, "alert_type": "Deforestation/Fire" }, "geometry": { "type": "Point", "coordinates": [ 125.385140558362977, -8.776450494319313 ] } },
{ "type": "Feature", "properties": { "id": 1997, "alert_type": "Deforestation/Fire" }, "geometry": { "type": "Point", "coordinates": [ 125.406340799068204, -8.776450494319313 ] } },
{ "type": "Feature", "properties": { "id": 1998, "alert_type": "Deforestation/Fire" }, "geometry": { "type": "Point", "coordinates": [ 125.443171725717107, -8.776450494319313 ] } },
{ "type": "Feature", "properties": { "id": 1999, "alert_type": "Deforestation/Fire" }, "geometry": { "type": "Point", "coordinates": [ 125.243206743472101, -8.776630157376138 ] } },
{ "type": "Feature", "properties": { "id": 2000, "alert_type": "Deforestation/Fire" }, "geometry": { "type": "Point", "coordinates": [ 125.243925395699392, -8.776630157376138 ] } },
{ "type": "Feature", "properties": { "id": 2001, "alert_type": "Deforestation/Fire" }, "geometry": { "type": "Point", "coordinates": [ 125.244105058756219, -8.776630157376138 ] } },
{ "type": "Feature", "properties": { "id": 2002, "alert_type": "Deforestation/Fire" }, "geometry": { "type": "Point", "coordinates": [ 125.245183037097163, -8.776630157376138 ] } },
{ "type": "Feature", "properties": { "id": 2003, "alert_type": "Deforestation/Fire" }, "geometry": { "type": "Point", "coordinates": [ 125.246440678494935, -8.776630157376138 ] } },
{ "type": "Feature", "properties": { "id": 2004, "alert_type": "Deforestation/Fire" }, "geometry": { "type": "Point", "coordinates": [ 125.246800004608573, -8.776630157376138 ] } },
{ "type": "Feature", "properties": { "id": 2005, "alert_type": "Deforestation/Fire" }, "geometry": { "type": "Point", "coordinates": [ 125.2469796676654, -8.776630157376138 ] } },
{ "type": "Feature", "properties": { "id": 2006, "alert_type": "Deforestation/Fire" }, "geometry": { "type": "Point", "coordinates": [ 125.247698319892692, -8.776630157376138 ] } },
{ "type": "Feature", "properties": { "id": 2007, "alert_type": "Deforestation/Fire" }, "geometry": { "type": "Point", "coordinates": [ 125.406340799068204, -8.776630157376138 ] } },
{ "type": "Feature", "properties": { "id": 2008, "alert_type": "Deforestation/Fire" }, "geometry": { "type": "Point", "coordinates": [ 125.442632736546628, -8.776630157376138 ] } },
{ "type": "Feature", "properties": { "id": 2009, "alert_type": "Deforestation/Fire" }, "geometry": { "type": "Point", "coordinates": [ 125.443531051830746, -8.776630157376138 ] } },
{ "type": "Feature", "properties": { "id": 2010, "alert_type": "Deforestation/Fire" }, "geometry": { "type": "Point", "coordinates": [ 125.243206743472101, -8.776809820432961 ] } },
{ "type": "Feature", "properties": { "id": 2011, "alert_type": "Deforestation/Fire" }, "geometry": { "type": "Point", "coordinates": [ 125.243386406528927, -8.776809820432961 ] } },
{ "type": "Feature", "properties": { "id": 2012, "alert_type": "Deforestation/Fire" }, "geometry": { "type": "Point", "coordinates": [ 125.243925395699392, -8.776809820432961 ] } },
{ "type": "Feature", "properties": { "id": 2013, "alert_type": "Deforestation/Fire" }, "geometry": { "type": "Point", "coordinates": [ 125.244105058756219, -8.776809820432961 ] } },
{ "type": "Feature", "properties": { "id": 2014, "alert_type": "Deforestation/Fire" }, "geometry": { "type": "Point", "coordinates": [ 125.244464384869872, -8.776809820432961 ] } },
{ "type": "Feature", "properties": { "id": 2015, "alert_type": "Deforestation/Fire" }, "geometry": { "type": "Point", "coordinates": [ 125.244823710983511, -8.776809820432961 ] } },
{ "type": "Feature", "properties": { "id": 2016, "alert_type": "Deforestation/Fire" }, "geometry": { "type": "Point", "coordinates": [ 125.245003374040337, -8.776809820432961 ] } },
{ "type": "Feature", "properties": { "id": 2017, "alert_type": "Deforestation/Fire" }, "geometry": { "type": "Point", "coordinates": [ 125.245183037097163, -8.776809820432961 ] } },
{ "type": "Feature", "properties": { "id": 2018, "alert_type": "Deforestation/Fire" }, "geometry": { "type": "Point", "coordinates": [ 125.246081352381282, -8.776809820432961 ] } },
{ "type": "Feature", "properties": { "id": 2019, "alert_type": "Deforestation/Fire" }, "geometry": { "type": "Point", "coordinates": [ 125.246440678494935, -8.776809820432961 ] } },
{ "type": "Feature", "properties": { "id": 2020, "alert_type": "Deforestation/Fire" }, "geometry": { "type": "Point", "coordinates": [ 125.246800004608573, -8.776809820432961 ] } },
{ "type": "Feature", "properties": { "id": 2021, "alert_type": "Deforestation/Fire" }, "geometry": { "type": "Point", "coordinates": [ 125.443531051830746, -8.776809820432961 ] } },
{ "type": "Feature", "properties": { "id": 2022, "alert_type": "Deforestation/Fire" }, "geometry": { "type": "Point", "coordinates": [ 125.446585323796754, -8.776809820432961 ] } },
{ "type": "Feature", "properties": { "id": 2023, "alert_type": "Deforestation/Fire" }, "geometry": { "type": "Point", "coordinates": [ 125.44676498685358, -8.776809820432961 ] } },
{ "type": "Feature", "properties": { "id": 2024, "alert_type": "Deforestation/Fire" }, "geometry": { "type": "Point", "coordinates": [ 125.446944649910407, -8.776809820432961 ] } },
{ "type": "Feature", "properties": { "id": 2025, "alert_type": "Deforestation/Fire" }, "geometry": { "type": "Point", "coordinates": [ 125.243925395699392, -8.776989483489785 ] } },
{ "type": "Feature", "properties": { "id": 2026, "alert_type": "Deforestation/Fire" }, "geometry": { "type": "Point", "coordinates": [ 125.244105058756219, -8.776989483489785 ] } },
{ "type": "Feature", "properties": { "id": 2027, "alert_type": "Deforestation/Fire" }, "geometry": { "type": "Point", "coordinates": [ 125.244464384869872, -8.776989483489785 ] } },
{ "type": "Feature", "properties": { "id": 2028, "alert_type": "Deforestation/Fire" }, "geometry": { "type": "Point", "coordinates": [ 125.245003374040337, -8.776989483489785 ] } },
{ "type": "Feature", "properties": { "id": 2029, "alert_type": "Deforestation/Fire" }, "geometry": { "type": "Point", "coordinates": [ 125.245183037097163, -8.776989483489785 ] } },
{ "type": "Feature", "properties": { "id": 2030, "alert_type": "Deforestation/Fire" }, "geometry": { "type": "Point", "coordinates": [ 125.246261015438108, -8.776989483489785 ] } },
{ "type": "Feature", "properties": { "id": 2031, "alert_type": "Deforestation/Fire" }, "geometry": { "type": "Point", "coordinates": [ 125.246440678494935, -8.776989483489785 ] } },
{ "type": "Feature", "properties": { "id": 2032, "alert_type": "Deforestation/Fire" }, "geometry": { "type": "Point", "coordinates": [ 125.2469796676654, -8.776989483489785 ] } },
{ "type": "Feature", "properties": { "id": 2033, "alert_type": "Deforestation/Fire" }, "geometry": { "type": "Point", "coordinates": [ 125.247159330722226, -8.776989483489785 ] } },
{ "type": "Feature", "properties": { "id": 2034, "alert_type": "Deforestation/Fire" }, "geometry": { "type": "Point", "coordinates": [ 125.25919675552943, -8.776989483489785 ] } },
{ "type": "Feature", "properties": { "id": 2035, "alert_type": "Deforestation/Fire" }, "geometry": { "type": "Point", "coordinates": [ 125.261712038324958, -8.776989483489785 ] } },
{ "type": "Feature", "properties": { "id": 2036, "alert_type": "Deforestation/Fire" }, "geometry": { "type": "Point", "coordinates": [ 125.390350787010874, -8.776989483489785 ] } },
{ "type": "Feature", "properties": { "id": 2037, "alert_type": "Deforestation/Fire" }, "geometry": { "type": "Point", "coordinates": [ 125.3905304500677, -8.776989483489785 ] } },
{ "type": "Feature", "properties": { "id": 2038, "alert_type": "Deforestation/Fire" }, "geometry": { "type": "Point", "coordinates": [ 125.395381352601945, -8.776989483489785 ] } },
{ "type": "Feature", "properties": { "id": 2039, "alert_type": "Deforestation/Fire" }, "geometry": { "type": "Point", "coordinates": [ 125.400591581249842, -8.776989483489785 ] } },
{ "type": "Feature", "properties": { "id": 2040, "alert_type": "Deforestation/Fire" }, "geometry": { "type": "Point", "coordinates": [ 125.406340799068204, -8.776989483489785 ] } },
{ "type": "Feature", "properties": { "id": 2041, "alert_type": "Deforestation/Fire" }, "geometry": { "type": "Point", "coordinates": [ 125.40652046212503, -8.776989483489785 ] } },
{ "type": "Feature", "properties": { "id": 2042, "alert_type": "Deforestation/Fire" }, "geometry": { "type": "Point", "coordinates": [ 125.442093747376163, -8.776989483489785 ] } },
{ "type": "Feature", "properties": { "id": 2043, "alert_type": "Deforestation/Fire" }, "geometry": { "type": "Point", "coordinates": [ 125.443531051830746, -8.776989483489785 ] } },
{ "type": "Feature", "properties": { "id": 2044, "alert_type": "Deforestation/Fire" }, "geometry": { "type": "Point", "coordinates": [ 125.444968356285344, -8.776989483489785 ] } },
{ "type": "Feature", "properties": { "id": 2045, "alert_type": "Deforestation/Fire" }, "geometry": { "type": "Point", "coordinates": [ 125.446225997683115, -8.776989483489785 ] } },
{ "type": "Feature", "properties": { "id": 2046, "alert_type": "Deforestation/Fire" }, "geometry": { "type": "Point", "coordinates": [ 125.446405660739941, -8.776989483489785 ] } },
{ "type": "Feature", "properties": { "id": 2047, "alert_type": "Deforestation/Fire" }, "geometry": { "type": "Point", "coordinates": [ 125.447842965194525, -8.776989483489785 ] } },
{ "type": "Feature", "properties": { "id": 2048, "alert_type": "Deforestation/Fire" }, "geometry": { "type": "Point", "coordinates": [ 125.243925395699392, -8.777169146546608 ] } },
{ "type": "Feature", "properties": { "id": 2049, "alert_type": "Deforestation/Fire" }, "geometry": { "type": "Point", "coordinates": [ 125.244105058756219, -8.777169146546608 ] } },
{ "type": "Feature", "properties": { "id": 2050, "alert_type": "Deforestation/Fire" }, "geometry": { "type": "Point", "coordinates": [ 125.245003374040337, -8.777169146546608 ] } },
{ "type": "Feature", "properties": { "id": 2051, "alert_type": "Deforestation/Fire" }, "geometry": { "type": "Point", "coordinates": [ 125.246081352381282, -8.777169146546608 ] } },
{ "type": "Feature", "properties": { "id": 2052, "alert_type": "Deforestation/Fire" }, "geometry": { "type": "Point", "coordinates": [ 125.246440678494935, -8.777169146546608 ] } },
{ "type": "Feature", "properties": { "id": 2053, "alert_type": "Deforestation/Fire" }, "geometry": { "type": "Point", "coordinates": [ 125.246620341551747, -8.777169146546608 ] } },
{ "type": "Feature", "properties": { "id": 2054, "alert_type": "Deforestation/Fire" }, "geometry": { "type": "Point", "coordinates": [ 125.246800004608573, -8.777169146546608 ] } },
{ "type": "Feature", "properties": { "id": 2055, "alert_type": "Deforestation/Fire" }, "geometry": { "type": "Point", "coordinates": [ 125.263149342779556, -8.777169146546608 ] } },
{ "type": "Feature", "properties": { "id": 2056, "alert_type": "Deforestation/Fire" }, "geometry": { "type": "Point", "coordinates": [ 125.40652046212503, -8.777169146546608 ] } },
{ "type": "Feature", "properties": { "id": 2057, "alert_type": "Deforestation/Fire" }, "geometry": { "type": "Point", "coordinates": [ 125.448202291308178, -8.777169146546608 ] } },
{ "type": "Feature", "properties": { "id": 2058, "alert_type": "Deforestation/Fire" }, "geometry": { "type": "Point", "coordinates": [ 125.448381954365004, -8.777169146546608 ] } },
{ "type": "Feature", "properties": { "id": 2059, "alert_type": "Deforestation/Fire" }, "geometry": { "type": "Point", "coordinates": [ 125.246440678494935, -8.777348809603433 ] } },
{ "type": "Feature", "properties": { "id": 2060, "alert_type": "Deforestation/Fire" }, "geometry": { "type": "Point", "coordinates": [ 125.246620341551747, -8.777348809603433 ] } },
{ "type": "Feature", "properties": { "id": 2061, "alert_type": "Deforestation/Fire" }, "geometry": { "type": "Point", "coordinates": [ 125.246800004608573, -8.777348809603433 ] } },
{ "type": "Feature", "properties": { "id": 2062, "alert_type": "Deforestation/Fire" }, "geometry": { "type": "Point", "coordinates": [ 125.249135624347289, -8.777348809603433 ] } },
{ "type": "Feature", "properties": { "id": 2063, "alert_type": "Deforestation/Fire" }, "geometry": { "type": "Point", "coordinates": [ 125.259376418586257, -8.777348809603433 ] } },
{ "type": "Feature", "properties": { "id": 2064, "alert_type": "Deforestation/Fire" }, "geometry": { "type": "Point", "coordinates": [ 125.333936587168168, -8.777348809603433 ] } },
{ "type": "Feature", "properties": { "id": 2065, "alert_type": "Deforestation/Fire" }, "geometry": { "type": "Point", "coordinates": [ 125.407598440465975, -8.777348809603433 ] } },
{ "type": "Feature", "properties": { "id": 2066, "alert_type": "Deforestation/Fire" }, "geometry": { "type": "Point", "coordinates": [ 125.445866671569462, -8.777348809603433 ] } },
{ "type": "Feature", "properties": { "id": 2067, "alert_type": "Deforestation/Fire" }, "geometry": { "type": "Point", "coordinates": [ 125.448381954365004, -8.777348809603433 ] } },
{ "type": "Feature", "properties": { "id": 2068, "alert_type": "Deforestation/Fire" }, "geometry": { "type": "Point", "coordinates": [ 125.448561617421817, -8.777348809603433 ] } },
{ "type": "Feature", "properties": { "id": 2069, "alert_type": "Deforestation/Fire" }, "geometry": { "type": "Point", "coordinates": [ 125.448741280478643, -8.777348809603433 ] } },
{ "type": "Feature", "properties": { "id": 2070, "alert_type": "Deforestation/Fire" }, "geometry": { "type": "Point", "coordinates": [ 125.246620341551747, -8.777528472660258 ] } },
{ "type": "Feature", "properties": { "id": 2071, "alert_type": "Deforestation/Fire" }, "geometry": { "type": "Point", "coordinates": [ 125.246800004608573, -8.777528472660258 ] } },
{ "type": "Feature", "properties": { "id": 2072, "alert_type": "Deforestation/Fire" }, "geometry": { "type": "Point", "coordinates": [ 125.247159330722226, -8.777528472660258 ] } },
{ "type": "Feature", "properties": { "id": 2073, "alert_type": "Deforestation/Fire" }, "geometry": { "type": "Point", "coordinates": [ 125.24859663517681, -8.777528472660258 ] } },
{ "type": "Feature", "properties": { "id": 2074, "alert_type": "Deforestation/Fire" }, "geometry": { "type": "Point", "coordinates": [ 125.249135624347289, -8.777528472660258 ] } },
{ "type": "Feature", "properties": { "id": 2075, "alert_type": "Deforestation/Fire" }, "geometry": { "type": "Point", "coordinates": [ 125.249315287404116, -8.777528472660258 ] } },
{ "type": "Feature", "properties": { "id": 2076, "alert_type": "Deforestation/Fire" }, "geometry": { "type": "Point", "coordinates": [ 125.249494950460942, -8.777528472660258 ] } },
{ "type": "Feature", "properties": { "id": 2077, "alert_type": "Deforestation/Fire" }, "geometry": { "type": "Point", "coordinates": [ 125.262790016665903, -8.777528472660258 ] } },
{ "type": "Feature", "properties": { "id": 2078, "alert_type": "Deforestation/Fire" }, "geometry": { "type": "Point", "coordinates": [ 125.287403855450776, -8.777528472660258 ] } },
{ "type": "Feature", "properties": { "id": 2079, "alert_type": "Deforestation/Fire" }, "geometry": { "type": "Point", "coordinates": [ 125.40652046212503, -8.777528472660258 ] } },
{ "type": "Feature", "properties": { "id": 2080, "alert_type": "Deforestation/Fire" }, "geometry": { "type": "Point", "coordinates": [ 125.406879788238669, -8.777528472660258 ] } },
{ "type": "Feature", "properties": { "id": 2081, "alert_type": "Deforestation/Fire" }, "geometry": { "type": "Point", "coordinates": [ 125.411191701602448, -8.777528472660258 ] } },
{ "type": "Feature", "properties": { "id": 2082, "alert_type": "Deforestation/Fire" }, "geometry": { "type": "Point", "coordinates": [ 125.417300245534463, -8.777528472660258 ] } },
{ "type": "Feature", "properties": { "id": 2083, "alert_type": "Deforestation/Fire" }, "geometry": { "type": "Point", "coordinates": [ 125.441914084319336, -8.777528472660258 ] } },
{ "type": "Feature", "properties": { "id": 2084, "alert_type": "Deforestation/Fire" }, "geometry": { "type": "Point", "coordinates": [ 125.444429367114878, -8.777528472660258 ] } },
{ "type": "Feature", "properties": { "id": 2085, "alert_type": "Deforestation/Fire" }, "geometry": { "type": "Point", "coordinates": [ 125.444788693228517, -8.777528472660258 ] } },
{ "type": "Feature", "properties": { "id": 2086, "alert_type": "Deforestation/Fire" }, "geometry": { "type": "Point", "coordinates": [ 125.448381954365004, -8.777528472660258 ] } },
{ "type": "Feature", "properties": { "id": 2087, "alert_type": "Deforestation/Fire" }, "geometry": { "type": "Point", "coordinates": [ 125.44892094353547, -8.777528472660258 ] } },
{ "type": "Feature", "properties": { "id": 2088, "alert_type": "Deforestation/Fire" }, "geometry": { "type": "Point", "coordinates": [ 125.449459932705935, -8.777528472660258 ] } },
{ "type": "Feature", "properties": { "id": 2089, "alert_type": "Deforestation/Fire" }, "geometry": { "type": "Point", "coordinates": [ 125.246800004608573, -8.777708135717081 ] } },
{ "type": "Feature", "properties": { "id": 2090, "alert_type": "Deforestation/Fire" }, "geometry": { "type": "Point", "coordinates": [ 125.2469796676654, -8.777708135717081 ] } },
{ "type": "Feature", "properties": { "id": 2091, "alert_type": "Deforestation/Fire" }, "geometry": { "type": "Point", "coordinates": [ 125.24859663517681, -8.777708135717081 ] } },
{ "type": "Feature", "properties": { "id": 2092, "alert_type": "Deforestation/Fire" }, "geometry": { "type": "Point", "coordinates": [ 125.248955961290463, -8.777708135717081 ] } },
{ "type": "Feature", "properties": { "id": 2093, "alert_type": "Deforestation/Fire" }, "geometry": { "type": "Point", "coordinates": [ 125.249135624347289, -8.777708135717081 ] } },
{ "type": "Feature", "properties": { "id": 2094, "alert_type": "Deforestation/Fire" }, "geometry": { "type": "Point", "coordinates": [ 125.249315287404116, -8.777708135717081 ] } },
{ "type": "Feature", "properties": { "id": 2095, "alert_type": "Deforestation/Fire" }, "geometry": { "type": "Point", "coordinates": [ 125.249494950460942, -8.777708135717081 ] } },
{ "type": "Feature", "properties": { "id": 2096, "alert_type": "Deforestation/Fire" }, "geometry": { "type": "Point", "coordinates": [ 125.406340799068204, -8.777708135717081 ] } },
{ "type": "Feature", "properties": { "id": 2097, "alert_type": "Deforestation/Fire" }, "geometry": { "type": "Point", "coordinates": [ 125.407239114352322, -8.777708135717081 ] } },
{ "type": "Feature", "properties": { "id": 2098, "alert_type": "Deforestation/Fire" }, "geometry": { "type": "Point", "coordinates": [ 125.410832375488795, -8.777708135717081 ] } },
{ "type": "Feature", "properties": { "id": 2099, "alert_type": "Deforestation/Fire" }, "geometry": { "type": "Point", "coordinates": [ 125.444788693228517, -8.777708135717081 ] } },
{ "type": "Feature", "properties": { "id": 2100, "alert_type": "Deforestation/Fire" }, "geometry": { "type": "Point", "coordinates": [ 125.448741280478643, -8.777708135717081 ] } },
{ "type": "Feature", "properties": { "id": 2101, "alert_type": "Deforestation/Fire" }, "geometry": { "type": "Point", "coordinates": [ 125.449100606592296, -8.777708135717081 ] } },
{ "type": "Feature", "properties": { "id": 2102, "alert_type": "Deforestation/Fire" }, "geometry": { "type": "Point", "coordinates": [ 125.245183037097163, -8.777887798773905 ] } },
{ "type": "Feature", "properties": { "id": 2103, "alert_type": "Deforestation/Fire" }, "geometry": { "type": "Point", "coordinates": [ 125.246800004608573, -8.777887798773905 ] } },
{ "type": "Feature", "properties": { "id": 2104, "alert_type": "Deforestation/Fire" }, "geometry": { "type": "Point", "coordinates": [ 125.2469796676654, -8.777887798773905 ] } },
{ "type": "Feature", "properties": { "id": 2105, "alert_type": "Deforestation/Fire" }, "geometry": { "type": "Point", "coordinates": [ 125.248416972119998, -8.777887798773905 ] } },
{ "type": "Feature", "properties": { "id": 2106, "alert_type": "Deforestation/Fire" }, "geometry": { "type": "Point", "coordinates": [ 125.24859663517681, -8.777887798773905 ] } },
{ "type": "Feature", "properties": { "id": 2107, "alert_type": "Deforestation/Fire" }, "geometry": { "type": "Point", "coordinates": [ 125.248776298233636, -8.777887798773905 ] } },
{ "type": "Feature", "properties": { "id": 2108, "alert_type": "Deforestation/Fire" }, "geometry": { "type": "Point", "coordinates": [ 125.248955961290463, -8.777887798773905 ] } },
{ "type": "Feature", "properties": { "id": 2109, "alert_type": "Deforestation/Fire" }, "geometry": { "type": "Point", "coordinates": [ 125.249135624347289, -8.777887798773905 ] } },
{ "type": "Feature", "properties": { "id": 2110, "alert_type": "Deforestation/Fire" }, "geometry": { "type": "Point", "coordinates": [ 125.249315287404116, -8.777887798773905 ] } },
{ "type": "Feature", "properties": { "id": 2111, "alert_type": "Deforestation/Fire" }, "geometry": { "type": "Point", "coordinates": [ 125.444968356285344, -8.777887798773905 ] } },
{ "type": "Feature", "properties": { "id": 2112, "alert_type": "Deforestation/Fire" }, "geometry": { "type": "Point", "coordinates": [ 125.448741280478643, -8.777887798773905 ] } },
{ "type": "Feature", "properties": { "id": 2113, "alert_type": "Deforestation/Fire" }, "geometry": { "type": "Point", "coordinates": [ 125.44892094353547, -8.777887798773905 ] } },
{ "type": "Feature", "properties": { "id": 2114, "alert_type": "Deforestation/Fire" }, "geometry": { "type": "Point", "coordinates": [ 125.245183037097163, -8.778067461830728 ] } },
{ "type": "Feature", "properties": { "id": 2115, "alert_type": "Deforestation/Fire" }, "geometry": { "type": "Point", "coordinates": [ 125.24536270015399, -8.778067461830728 ] } },
{ "type": "Feature", "properties": { "id": 2116, "alert_type": "Deforestation/Fire" }, "geometry": { "type": "Point", "coordinates": [ 125.245542363210816, -8.778067461830728 ] } },
{ "type": "Feature", "properties": { "id": 2117, "alert_type": "Deforestation/Fire" }, "geometry": { "type": "Point", "coordinates": [ 125.246620341551747, -8.778067461830728 ] } },
{ "type": "Feature", "properties": { "id": 2118, "alert_type": "Deforestation/Fire" }, "geometry": { "type": "Point", "coordinates": [ 125.246800004608573, -8.778067461830728 ] } },
{ "type": "Feature", "properties": { "id": 2119, "alert_type": "Deforestation/Fire" }, "geometry": { "type": "Point", "coordinates": [ 125.2469796676654, -8.778067461830728 ] } },
{ "type": "Feature", "properties": { "id": 2120, "alert_type": "Deforestation/Fire" }, "geometry": { "type": "Point", "coordinates": [ 125.247159330722226, -8.778067461830728 ] } },
{ "type": "Feature", "properties": { "id": 2121, "alert_type": "Deforestation/Fire" }, "geometry": { "type": "Point", "coordinates": [ 125.247338993779053, -8.778067461830728 ] } },
{ "type": "Feature", "properties": { "id": 2122, "alert_type": "Deforestation/Fire" }, "geometry": { "type": "Point", "coordinates": [ 125.248416972119998, -8.778067461830728 ] } },
{ "type": "Feature", "properties": { "id": 2123, "alert_type": "Deforestation/Fire" }, "geometry": { "type": "Point", "coordinates": [ 125.24859663517681, -8.778067461830728 ] } },
{ "type": "Feature", "properties": { "id": 2124, "alert_type": "Deforestation/Fire" }, "geometry": { "type": "Point", "coordinates": [ 125.248776298233636, -8.778067461830728 ] } },
{ "type": "Feature", "properties": { "id": 2125, "alert_type": "Deforestation/Fire" }, "geometry": { "type": "Point", "coordinates": [ 125.248955961290463, -8.778067461830728 ] } },
{ "type": "Feature", "properties": { "id": 2126, "alert_type": "Deforestation/Fire" }, "geometry": { "type": "Point", "coordinates": [ 125.249315287404116, -8.778067461830728 ] } },
{ "type": "Feature", "properties": { "id": 2127, "alert_type": "Deforestation/Fire" }, "geometry": { "type": "Point", "coordinates": [ 125.249494950460942, -8.778067461830728 ] } },
{ "type": "Feature", "properties": { "id": 2128, "alert_type": "Deforestation/Fire" }, "geometry": { "type": "Point", "coordinates": [ 125.449100606592296, -8.778067461830728 ] } },
{ "type": "Feature", "properties": { "id": 2129, "alert_type": "Deforestation/Fire" }, "geometry": { "type": "Point", "coordinates": [ 125.24536270015399, -8.778247124887553 ] } },
{ "type": "Feature", "properties": { "id": 2130, "alert_type": "Deforestation/Fire" }, "geometry": { "type": "Point", "coordinates": [ 125.245542363210816, -8.778247124887553 ] } },
{ "type": "Feature", "properties": { "id": 2131, "alert_type": "Deforestation/Fire" }, "geometry": { "type": "Point", "coordinates": [ 125.245722026267629, -8.778247124887553 ] } },
{ "type": "Feature", "properties": { "id": 2132, "alert_type": "Deforestation/Fire" }, "geometry": { "type": "Point", "coordinates": [ 125.246620341551747, -8.778247124887553 ] } },
{ "type": "Feature", "properties": { "id": 2133, "alert_type": "Deforestation/Fire" }, "geometry": { "type": "Point", "coordinates": [ 125.246800004608573, -8.778247124887553 ] } },
{ "type": "Feature", "properties": { "id": 2134, "alert_type": "Deforestation/Fire" }, "geometry": { "type": "Point", "coordinates": [ 125.2469796676654, -8.778247124887553 ] } },
{ "type": "Feature", "properties": { "id": 2135, "alert_type": "Deforestation/Fire" }, "geometry": { "type": "Point", "coordinates": [ 125.247159330722226, -8.778247124887553 ] } },
{ "type": "Feature", "properties": { "id": 2136, "alert_type": "Deforestation/Fire" }, "geometry": { "type": "Point", "coordinates": [ 125.24859663517681, -8.778247124887553 ] } },
{ "type": "Feature", "properties": { "id": 2137, "alert_type": "Deforestation/Fire" }, "geometry": { "type": "Point", "coordinates": [ 125.248776298233636, -8.778247124887553 ] } },
{ "type": "Feature", "properties": { "id": 2138, "alert_type": "Deforestation/Fire" }, "geometry": { "type": "Point", "coordinates": [ 125.248955961290463, -8.778247124887553 ] } },
{ "type": "Feature", "properties": { "id": 2139, "alert_type": "Deforestation/Fire" }, "geometry": { "type": "Point", "coordinates": [ 125.264047658063674, -8.778247124887553 ] } },
{ "type": "Feature", "properties": { "id": 2140, "alert_type": "Deforestation/Fire" }, "geometry": { "type": "Point", "coordinates": [ 125.383343927794741, -8.778247124887553 ] } },
{ "type": "Feature", "properties": { "id": 2141, "alert_type": "Deforestation/Fire" }, "geometry": { "type": "Point", "coordinates": [ 125.400411918193015, -8.778247124887553 ] } },
{ "type": "Feature", "properties": { "id": 2142, "alert_type": "Deforestation/Fire" }, "geometry": { "type": "Point", "coordinates": [ 125.407778103522801, -8.778247124887553 ] } },
{ "type": "Feature", "properties": { "id": 2143, "alert_type": "Deforestation/Fire" }, "geometry": { "type": "Point", "coordinates": [ 125.442992062660281, -8.778247124887553 ] } },
{ "type": "Feature", "properties": { "id": 2144, "alert_type": "Deforestation/Fire" }, "geometry": { "type": "Point", "coordinates": [ 125.444968356285344, -8.778247124887553 ] } },
{ "type": "Feature", "properties": { "id": 2145, "alert_type": "Deforestation/Fire" }, "geometry": { "type": "Point", "coordinates": [ 125.449100606592296, -8.778247124887553 ] } },
{ "type": "Feature", "properties": { "id": 2146, "alert_type": "Deforestation/Fire" }, "geometry": { "type": "Point", "coordinates": [ 125.449280269649122, -8.778247124887553 ] } },
{ "type": "Feature", "properties": { "id": 2147, "alert_type": "Deforestation/Fire" }, "geometry": { "type": "Point", "coordinates": [ 125.262610353609077, -8.778426787944376 ] } },
{ "type": "Feature", "properties": { "id": 2148, "alert_type": "Deforestation/Fire" }, "geometry": { "type": "Point", "coordinates": [ 125.350285925339151, -8.778426787944376 ] } },
{ "type": "Feature", "properties": { "id": 2149, "alert_type": "Deforestation/Fire" }, "geometry": { "type": "Point", "coordinates": [ 125.246800004608573, -8.778606451001201 ] } },
{ "type": "Feature", "properties": { "id": 2150, "alert_type": "Deforestation/Fire" }, "geometry": { "type": "Point", "coordinates": [ 125.2469796676654, -8.778606451001201 ] } },
{ "type": "Feature", "properties": { "id": 2151, "alert_type": "Deforestation/Fire" }, "geometry": { "type": "Point", "coordinates": [ 125.259556081643069, -8.778606451001201 ] } },
{ "type": "Feature", "properties": { "id": 2152, "alert_type": "Deforestation/Fire" }, "geometry": { "type": "Point", "coordinates": [ 125.263688331950021, -8.778606451001201 ] } },
{ "type": "Feature", "properties": { "id": 2153, "alert_type": "Deforestation/Fire" }, "geometry": { "type": "Point", "coordinates": [ 125.280756322348296, -8.778606451001201 ] } },
{ "type": "Feature", "properties": { "id": 2154, "alert_type": "Deforestation/Fire" }, "geometry": { "type": "Point", "coordinates": [ 125.410473049375156, -8.778606451001201 ] } },
{ "type": "Feature", "properties": { "id": 2155, "alert_type": "Deforestation/Fire" }, "geometry": { "type": "Point", "coordinates": [ 125.442812399603454, -8.778606451001201 ] } },
{ "type": "Feature", "properties": { "id": 2156, "alert_type": "Deforestation/Fire" }, "geometry": { "type": "Point", "coordinates": [ 125.246800004608573, -8.778786114058024 ] } },
{ "type": "Feature", "properties": { "id": 2157, "alert_type": "Deforestation/Fire" }, "geometry": { "type": "Point", "coordinates": [ 125.2469796676654, -8.778786114058024 ] } },
{ "type": "Feature", "properties": { "id": 2158, "alert_type": "Deforestation/Fire" }, "geometry": { "type": "Point", "coordinates": [ 125.247338993779053, -8.778786114058024 ] } },
{ "type": "Feature", "properties": { "id": 2159, "alert_type": "Deforestation/Fire" }, "geometry": { "type": "Point", "coordinates": [ 125.248057646006345, -8.778786114058024 ] } },
{ "type": "Feature", "properties": { "id": 2160, "alert_type": "Deforestation/Fire" }, "geometry": { "type": "Point", "coordinates": [ 125.249135624347289, -8.778786114058024 ] } },
{ "type": "Feature", "properties": { "id": 2161, "alert_type": "Deforestation/Fire" }, "geometry": { "type": "Point", "coordinates": [ 125.249315287404116, -8.778786114058024 ] } },
{ "type": "Feature", "properties": { "id": 2162, "alert_type": "Deforestation/Fire" }, "geometry": { "type": "Point", "coordinates": [ 125.250572928801873, -8.778786114058024 ] } },
{ "type": "Feature", "properties": { "id": 2163, "alert_type": "Deforestation/Fire" }, "geometry": { "type": "Point", "coordinates": [ 125.250752591858699, -8.778786114058024 ] } },
{ "type": "Feature", "properties": { "id": 2164, "alert_type": "Deforestation/Fire" }, "geometry": { "type": "Point", "coordinates": [ 125.255244168279305, -8.778786114058024 ] } },
{ "type": "Feature", "properties": { "id": 2165, "alert_type": "Deforestation/Fire" }, "geometry": { "type": "Point", "coordinates": [ 125.255603494392943, -8.778786114058024 ] } },
{ "type": "Feature", "properties": { "id": 2166, "alert_type": "Deforestation/Fire" }, "geometry": { "type": "Point", "coordinates": [ 125.260274733870375, -8.778786114058024 ] } },
{ "type": "Feature", "properties": { "id": 2167, "alert_type": "Deforestation/Fire" }, "geometry": { "type": "Point", "coordinates": [ 125.26296967972273, -8.778786114058024 ] } },
{ "type": "Feature", "properties": { "id": 2168, "alert_type": "Deforestation/Fire" }, "geometry": { "type": "Point", "coordinates": [ 125.336272206906884, -8.778786114058024 ] } },
{ "type": "Feature", "properties": { "id": 2169, "alert_type": "Deforestation/Fire" }, "geometry": { "type": "Point", "coordinates": [ 125.350285925339151, -8.778786114058024 ] } },
{ "type": "Feature", "properties": { "id": 2170, "alert_type": "Deforestation/Fire" }, "geometry": { "type": "Point", "coordinates": [ 125.350465588395963, -8.778786114058024 ] } },
{ "type": "Feature", "properties": { "id": 2171, "alert_type": "Deforestation/Fire" }, "geometry": { "type": "Point", "coordinates": [ 125.350645251452789, -8.778786114058024 ] } },
{ "type": "Feature", "properties": { "id": 2172, "alert_type": "Deforestation/Fire" }, "geometry": { "type": "Point", "coordinates": [ 125.368072567964717, -8.778786114058024 ] } },
{ "type": "Feature", "properties": { "id": 2173, "alert_type": "Deforestation/Fire" }, "geometry": { "type": "Point", "coordinates": [ 125.382804938624275, -8.778786114058024 ] } },
{ "type": "Feature", "properties": { "id": 2174, "alert_type": "Deforestation/Fire" }, "geometry": { "type": "Point", "coordinates": [ 125.442992062660281, -8.778786114058024 ] } },
{ "type": "Feature", "properties": { "id": 2175, "alert_type": "Deforestation/Fire" }, "geometry": { "type": "Point", "coordinates": [ 125.246800004608573, -8.778965777114848 ] } },
{ "type": "Feature", "properties": { "id": 2176, "alert_type": "Deforestation/Fire" }, "geometry": { "type": "Point", "coordinates": [ 125.2469796676654, -8.778965777114848 ] } },
{ "type": "Feature", "properties": { "id": 2177, "alert_type": "Deforestation/Fire" }, "geometry": { "type": "Point", "coordinates": [ 125.247159330722226, -8.778965777114848 ] } },
{ "type": "Feature", "properties": { "id": 2178, "alert_type": "Deforestation/Fire" }, "geometry": { "type": "Point", "coordinates": [ 125.247338993779053, -8.778965777114848 ] } },
{ "type": "Feature", "properties": { "id": 2179, "alert_type": "Deforestation/Fire" }, "geometry": { "type": "Point", "coordinates": [ 125.247518656835879, -8.778965777114848 ] } },
{ "type": "Feature", "properties": { "id": 2180, "alert_type": "Deforestation/Fire" }, "geometry": { "type": "Point", "coordinates": [ 125.247698319892692, -8.778965777114848 ] } },
{ "type": "Feature", "properties": { "id": 2181, "alert_type": "Deforestation/Fire" }, "geometry": { "type": "Point", "coordinates": [ 125.247877982949518, -8.778965777114848 ] } },
{ "type": "Feature", "properties": { "id": 2182, "alert_type": "Deforestation/Fire" }, "geometry": { "type": "Point", "coordinates": [ 125.248057646006345, -8.778965777114848 ] } },
{ "type": "Feature", "properties": { "id": 2183, "alert_type": "Deforestation/Fire" }, "geometry": { "type": "Point", "coordinates": [ 125.248955961290463, -8.778965777114848 ] } },
{ "type": "Feature", "properties": { "id": 2184, "alert_type": "Deforestation/Fire" }, "geometry": { "type": "Point", "coordinates": [ 125.249315287404116, -8.778965777114848 ] } },
{ "type": "Feature", "properties": { "id": 2185, "alert_type": "Deforestation/Fire" }, "geometry": { "type": "Point", "coordinates": [ 125.250033939631408, -8.778965777114848 ] } },
{ "type": "Feature", "properties": { "id": 2186, "alert_type": "Deforestation/Fire" }, "geometry": { "type": "Point", "coordinates": [ 125.256142483563423, -8.778965777114848 ] } },
{ "type": "Feature", "properties": { "id": 2187, "alert_type": "Deforestation/Fire" }, "geometry": { "type": "Point", "coordinates": [ 125.256322146620249, -8.778965777114848 ] } },
{ "type": "Feature", "properties": { "id": 2188, "alert_type": "Deforestation/Fire" }, "geometry": { "type": "Point", "coordinates": [ 125.260274733870375, -8.778965777114848 ] } },
{ "type": "Feature", "properties": { "id": 2189, "alert_type": "Deforestation/Fire" }, "geometry": { "type": "Point", "coordinates": [ 125.26296967972273, -8.778965777114848 ] } },
{ "type": "Feature", "properties": { "id": 2190, "alert_type": "Deforestation/Fire" }, "geometry": { "type": "Point", "coordinates": [ 125.381906623340157, -8.778965777114848 ] } },
{ "type": "Feature", "properties": { "id": 2191, "alert_type": "Deforestation/Fire" }, "geometry": { "type": "Point", "coordinates": [ 125.44892094353547, -8.778965777114848 ] } },
{ "type": "Feature", "properties": { "id": 2192, "alert_type": "Deforestation/Fire" }, "geometry": { "type": "Point", "coordinates": [ 125.248057646006345, -8.779145440171671 ] } },
{ "type": "Feature", "properties": { "id": 2193, "alert_type": "Deforestation/Fire" }, "geometry": { "type": "Point", "coordinates": [ 125.24859663517681, -8.779145440171671 ] } },
{ "type": "Feature", "properties": { "id": 2194, "alert_type": "Deforestation/Fire" }, "geometry": { "type": "Point", "coordinates": [ 125.249315287404116, -8.779145440171671 ] } },
{ "type": "Feature", "properties": { "id": 2195, "alert_type": "Deforestation/Fire" }, "geometry": { "type": "Point", "coordinates": [ 125.255423831336131, -8.779145440171671 ] } },
{ "type": "Feature", "properties": { "id": 2196, "alert_type": "Deforestation/Fire" }, "geometry": { "type": "Point", "coordinates": [ 125.255962820506596, -8.779145440171671 ] } },
{ "type": "Feature", "properties": { "id": 2197, "alert_type": "Deforestation/Fire" }, "geometry": { "type": "Point", "coordinates": [ 125.258298440245312, -8.779145440171671 ] } },
{ "type": "Feature", "properties": { "id": 2198, "alert_type": "Deforestation/Fire" }, "geometry": { "type": "Point", "coordinates": [ 125.348668957827726, -8.779145440171671 ] } },
{ "type": "Feature", "properties": { "id": 2199, "alert_type": "Deforestation/Fire" }, "geometry": { "type": "Point", "coordinates": [ 125.39214741757911, -8.779145440171671 ] } },
{ "type": "Feature", "properties": { "id": 2200, "alert_type": "Deforestation/Fire" }, "geometry": { "type": "Point", "coordinates": [ 125.442632736546628, -8.779145440171671 ] } },
{ "type": "Feature", "properties": { "id": 2201, "alert_type": "Deforestation/Fire" }, "geometry": { "type": "Point", "coordinates": [ 125.448561617421817, -8.779145440171671 ] } },
{ "type": "Feature", "properties": { "id": 2202, "alert_type": "Deforestation/Fire" }, "geometry": { "type": "Point", "coordinates": [ 125.254884842165652, -8.779325103228496 ] } },
{ "type": "Feature", "properties": { "id": 2203, "alert_type": "Deforestation/Fire" }, "geometry": { "type": "Point", "coordinates": [ 125.256142483563423, -8.779325103228496 ] } },
{ "type": "Feature", "properties": { "id": 2204, "alert_type": "Deforestation/Fire" }, "geometry": { "type": "Point", "coordinates": [ 125.260993386097667, -8.779325103228496 ] } },
{ "type": "Feature", "properties": { "id": 2205, "alert_type": "Deforestation/Fire" }, "geometry": { "type": "Point", "coordinates": [ 125.264945973347793, -8.779325103228496 ] } },
{ "type": "Feature", "properties": { "id": 2206, "alert_type": "Deforestation/Fire" }, "geometry": { "type": "Point", "coordinates": [ 125.381726960283331, -8.779325103228496 ] } },
{ "type": "Feature", "properties": { "id": 2207, "alert_type": "Deforestation/Fire" }, "geometry": { "type": "Point", "coordinates": [ 125.451795552444651, -8.779325103228496 ] } },
{ "type": "Feature", "properties": { "id": 2208, "alert_type": "Deforestation/Fire" }, "geometry": { "type": "Point", "coordinates": [ 125.252369559370123, -8.779504766285321 ] } },
{ "type": "Feature", "properties": { "id": 2209, "alert_type": "Deforestation/Fire" }, "geometry": { "type": "Point", "coordinates": [ 125.255962820506596, -8.779504766285321 ] } },
{ "type": "Feature", "properties": { "id": 2210, "alert_type": "Deforestation/Fire" }, "geometry": { "type": "Point", "coordinates": [ 125.260634059984014, -8.779504766285321 ] } },
{ "type": "Feature", "properties": { "id": 2211, "alert_type": "Deforestation/Fire" }, "geometry": { "type": "Point", "coordinates": [ 125.26081372304084, -8.779504766285321 ] } },
{ "type": "Feature", "properties": { "id": 2212, "alert_type": "Deforestation/Fire" }, "geometry": { "type": "Point", "coordinates": [ 125.264945973347793, -8.779504766285321 ] } },
{ "type": "Feature", "properties": { "id": 2213, "alert_type": "Deforestation/Fire" }, "geometry": { "type": "Point", "coordinates": [ 125.265125636404619, -8.779504766285321 ] } },
{ "type": "Feature", "properties": { "id": 2214, "alert_type": "Deforestation/Fire" }, "geometry": { "type": "Point", "coordinates": [ 125.265305299461446, -8.779504766285321 ] } },
{ "type": "Feature", "properties": { "id": 2215, "alert_type": "Deforestation/Fire" }, "geometry": { "type": "Point", "coordinates": [ 125.265484962518258, -8.779504766285321 ] } },
{ "type": "Feature", "properties": { "id": 2216, "alert_type": "Deforestation/Fire" }, "geometry": { "type": "Point", "coordinates": [ 125.390350787010874, -8.779504766285321 ] } },
{ "type": "Feature", "properties": { "id": 2217, "alert_type": "Deforestation/Fire" }, "geometry": { "type": "Point", "coordinates": [ 125.395561015658771, -8.779504766285321 ] } },
{ "type": "Feature", "properties": { "id": 2218, "alert_type": "Deforestation/Fire" }, "geometry": { "type": "Point", "coordinates": [ 125.442093747376163, -8.779504766285321 ] } },
{ "type": "Feature", "properties": { "id": 2219, "alert_type": "Deforestation/Fire" }, "geometry": { "type": "Point", "coordinates": [ 125.265484962518258, -8.779684429342144 ] } },
{ "type": "Feature", "properties": { "id": 2220, "alert_type": "Deforestation/Fire" }, "geometry": { "type": "Point", "coordinates": [ 125.282013963746067, -8.779684429342144 ] } },
{ "type": "Feature", "properties": { "id": 2221, "alert_type": "Deforestation/Fire" }, "geometry": { "type": "Point", "coordinates": [ 125.350106262282324, -8.779684429342144 ] } },
{ "type": "Feature", "properties": { "id": 2222, "alert_type": "Deforestation/Fire" }, "geometry": { "type": "Point", "coordinates": [ 125.380469318885559, -8.779684429342144 ] } },
{ "type": "Feature", "properties": { "id": 2223, "alert_type": "Deforestation/Fire" }, "geometry": { "type": "Point", "coordinates": [ 125.260095070813549, -8.779864092398968 ] } },
{ "type": "Feature", "properties": { "id": 2224, "alert_type": "Deforestation/Fire" }, "geometry": { "type": "Point", "coordinates": [ 125.264945973347793, -8.779864092398968 ] } },
{ "type": "Feature", "properties": { "id": 2225, "alert_type": "Deforestation/Fire" }, "geometry": { "type": "Point", "coordinates": [ 125.265125636404619, -8.779864092398968 ] } },
{ "type": "Feature", "properties": { "id": 2226, "alert_type": "Deforestation/Fire" }, "geometry": { "type": "Point", "coordinates": [ 125.349926599225498, -8.779864092398968 ] } },
{ "type": "Feature", "properties": { "id": 2227, "alert_type": "Deforestation/Fire" }, "geometry": { "type": "Point", "coordinates": [ 125.255064505222478, -8.780043755455791 ] } },
{ "type": "Feature", "properties": { "id": 2228, "alert_type": "Deforestation/Fire" }, "geometry": { "type": "Point", "coordinates": [ 125.265305299461446, -8.780043755455791 ] } },
{ "type": "Feature", "properties": { "id": 2229, "alert_type": "Deforestation/Fire" }, "geometry": { "type": "Point", "coordinates": [ 125.395381352601945, -8.780043755455791 ] } },
{ "type": "Feature", "properties": { "id": 2230, "alert_type": "Deforestation/Fire" }, "geometry": { "type": "Point", "coordinates": [ 125.395740678715597, -8.780043755455791 ] } },
{ "type": "Feature", "properties": { "id": 2231, "alert_type": "Deforestation/Fire" }, "geometry": { "type": "Point", "coordinates": [ 125.396100004829236, -8.780043755455791 ] } },
{ "type": "Feature", "properties": { "id": 2232, "alert_type": "Deforestation/Fire" }, "geometry": { "type": "Point", "coordinates": [ 125.410832375488795, -8.780043755455791 ] } },
{ "type": "Feature", "properties": { "id": 2233, "alert_type": "Deforestation/Fire" }, "geometry": { "type": "Point", "coordinates": [ 125.444429367114878, -8.780043755455791 ] } },
{ "type": "Feature", "properties": { "id": 2234, "alert_type": "Deforestation/Fire" }, "geometry": { "type": "Point", "coordinates": [ 125.254884842165652, -8.780223418512616 ] } },
{ "type": "Feature", "properties": { "id": 2235, "alert_type": "Deforestation/Fire" }, "geometry": { "type": "Point", "coordinates": [ 125.255064505222478, -8.780223418512616 ] } },
{ "type": "Feature", "properties": { "id": 2236, "alert_type": "Deforestation/Fire" }, "geometry": { "type": "Point", "coordinates": [ 125.260634059984014, -8.780223418512616 ] } },
{ "type": "Feature", "properties": { "id": 2237, "alert_type": "Deforestation/Fire" }, "geometry": { "type": "Point", "coordinates": [ 125.265664625575084, -8.780223418512616 ] } },
{ "type": "Feature", "properties": { "id": 2238, "alert_type": "Deforestation/Fire" }, "geometry": { "type": "Point", "coordinates": [ 125.330522989088522, -8.780223418512616 ] } },
{ "type": "Feature", "properties": { "id": 2239, "alert_type": "Deforestation/Fire" }, "geometry": { "type": "Point", "coordinates": [ 125.380648981942386, -8.780223418512616 ] } },
{ "type": "Feature", "properties": { "id": 2240, "alert_type": "Deforestation/Fire" }, "geometry": { "type": "Point", "coordinates": [ 125.410832375488795, -8.780223418512616 ] } },
{ "type": "Feature", "properties": { "id": 2241, "alert_type": "Deforestation/Fire" }, "geometry": { "type": "Point", "coordinates": [ 125.411012038545621, -8.780223418512616 ] } },
{ "type": "Feature", "properties": { "id": 2242, "alert_type": "Deforestation/Fire" }, "geometry": { "type": "Point", "coordinates": [ 125.453232856899248, -8.780223418512616 ] } },
{ "type": "Feature", "properties": { "id": 2243, "alert_type": "Deforestation/Fire" }, "geometry": { "type": "Point", "coordinates": [ 125.254884842165652, -8.780403081569439 ] } },
{ "type": "Feature", "properties": { "id": 2244, "alert_type": "Deforestation/Fire" }, "geometry": { "type": "Point", "coordinates": [ 125.261891701381785, -8.780582744626264 ] } },
{ "type": "Feature", "properties": { "id": 2245, "alert_type": "Deforestation/Fire" }, "geometry": { "type": "Point", "coordinates": [ 125.349926599225498, -8.780582744626264 ] } },
{ "type": "Feature", "properties": { "id": 2246, "alert_type": "Deforestation/Fire" }, "geometry": { "type": "Point", "coordinates": [ 125.394662700374653, -8.780582744626264 ] } },
{ "type": "Feature", "properties": { "id": 2247, "alert_type": "Deforestation/Fire" }, "geometry": { "type": "Point", "coordinates": [ 125.395740678715597, -8.780582744626264 ] } },
{ "type": "Feature", "properties": { "id": 2248, "alert_type": "Deforestation/Fire" }, "geometry": { "type": "Point", "coordinates": [ 125.264945973347793, -8.780762407683087 ] } },
{ "type": "Feature", "properties": { "id": 2249, "alert_type": "Deforestation/Fire" }, "geometry": { "type": "Point", "coordinates": [ 125.265125636404619, -8.780762407683087 ] } },
{ "type": "Feature", "properties": { "id": 2250, "alert_type": "Deforestation/Fire" }, "geometry": { "type": "Point", "coordinates": [ 125.293153073269139, -8.780762407683087 ] } },
{ "type": "Feature", "properties": { "id": 2251, "alert_type": "Deforestation/Fire" }, "geometry": { "type": "Point", "coordinates": [ 125.443890377944399, -8.780762407683087 ] } },
{ "type": "Feature", "properties": { "id": 2252, "alert_type": "Deforestation/Fire" }, "geometry": { "type": "Point", "coordinates": [ 125.444429367114878, -8.780762407683087 ] } },
{ "type": "Feature", "properties": { "id": 2253, "alert_type": "Deforestation/Fire" }, "geometry": { "type": "Point", "coordinates": [ 125.292075094928208, -8.780942070739911 ] } },
{ "type": "Feature", "properties": { "id": 2254, "alert_type": "Deforestation/Fire" }, "geometry": { "type": "Point", "coordinates": [ 125.293153073269139, -8.780942070739911 ] } },
{ "type": "Feature", "properties": { "id": 2255, "alert_type": "Deforestation/Fire" }, "geometry": { "type": "Point", "coordinates": [ 125.396638993999716, -8.780942070739911 ] } },
{ "type": "Feature", "properties": { "id": 2256, "alert_type": "Deforestation/Fire" }, "geometry": { "type": "Point", "coordinates": [ 125.441195432092044, -8.780942070739911 ] } },
{ "type": "Feature", "properties": { "id": 2257, "alert_type": "Deforestation/Fire" }, "geometry": { "type": "Point", "coordinates": [ 125.45233454161513, -8.780942070739911 ] } },
{ "type": "Feature", "properties": { "id": 2258, "alert_type": "Deforestation/Fire" }, "geometry": { "type": "Point", "coordinates": [ 125.266023951688737, -8.781121733796734 ] } },
{ "type": "Feature", "properties": { "id": 2259, "alert_type": "Deforestation/Fire" }, "geometry": { "type": "Point", "coordinates": [ 125.29063779047361, -8.781121733796734 ] } },
{ "type": "Feature", "properties": { "id": 2260, "alert_type": "Deforestation/Fire" }, "geometry": { "type": "Point", "coordinates": [ 125.440836105978391, -8.781121733796734 ] } },
{ "type": "Feature", "properties": { "id": 2261, "alert_type": "Deforestation/Fire" }, "geometry": { "type": "Point", "coordinates": [ 125.28399025737113, -8.781301396853559 ] } },
{ "type": "Feature", "properties": { "id": 2262, "alert_type": "Deforestation/Fire" }, "geometry": { "type": "Point", "coordinates": [ 125.291356442700902, -8.781301396853559 ] } },
{ "type": "Feature", "properties": { "id": 2263, "alert_type": "Deforestation/Fire" }, "geometry": { "type": "Point", "coordinates": [ 125.365557285169174, -8.781301396853559 ] } },
{ "type": "Feature", "properties": { "id": 2264, "alert_type": "Deforestation/Fire" }, "geometry": { "type": "Point", "coordinates": [ 125.383343927794741, -8.781301396853559 ] } },
{ "type": "Feature", "properties": { "id": 2265, "alert_type": "Deforestation/Fire" }, "geometry": { "type": "Point", "coordinates": [ 125.412629006057045, -8.781301396853559 ] } },
{ "type": "Feature", "properties": { "id": 2266, "alert_type": "Deforestation/Fire" }, "geometry": { "type": "Point", "coordinates": [ 125.440656442921565, -8.781301396853559 ] } },
{ "type": "Feature", "properties": { "id": 2267, "alert_type": "Deforestation/Fire" }, "geometry": { "type": "Point", "coordinates": [ 125.442093747376163, -8.781301396853559 ] } },
{ "type": "Feature", "properties": { "id": 2268, "alert_type": "Deforestation/Fire" }, "geometry": { "type": "Point", "coordinates": [ 125.442812399603454, -8.781301396853559 ] } },
{ "type": "Feature", "properties": { "id": 2269, "alert_type": "Deforestation/Fire" }, "geometry": { "type": "Point", "coordinates": [ 125.282193626802879, -8.781481059910384 ] } },
{ "type": "Feature", "properties": { "id": 2270, "alert_type": "Deforestation/Fire" }, "geometry": { "type": "Point", "coordinates": [ 125.359628404293986, -8.781481059910384 ] } },
{ "type": "Feature", "properties": { "id": 2271, "alert_type": "Deforestation/Fire" }, "geometry": { "type": "Point", "coordinates": [ 125.400411918193015, -8.781481059910384 ] } },
{ "type": "Feature", "properties": { "id": 2272, "alert_type": "Deforestation/Fire" }, "geometry": { "type": "Point", "coordinates": [ 125.400771244306668, -8.781481059910384 ] } },
{ "type": "Feature", "properties": { "id": 2273, "alert_type": "Deforestation/Fire" }, "geometry": { "type": "Point", "coordinates": [ 125.407957766579614, -8.781481059910384 ] } },
{ "type": "Feature", "properties": { "id": 2274, "alert_type": "Deforestation/Fire" }, "geometry": { "type": "Point", "coordinates": [ 125.40813742963644, -8.781481059910384 ] } },
{ "type": "Feature", "properties": { "id": 2275, "alert_type": "Deforestation/Fire" }, "geometry": { "type": "Point", "coordinates": [ 125.439937790694273, -8.781481059910384 ] } },
{ "type": "Feature", "properties": { "id": 2276, "alert_type": "Deforestation/Fire" }, "geometry": { "type": "Point", "coordinates": [ 125.4401174537511, -8.781481059910384 ] } },
{ "type": "Feature", "properties": { "id": 2277, "alert_type": "Deforestation/Fire" }, "geometry": { "type": "Point", "coordinates": [ 125.36124537180541, -8.781660722967207 ] } },
{ "type": "Feature", "properties": { "id": 2278, "alert_type": "Deforestation/Fire" }, "geometry": { "type": "Point", "coordinates": [ 125.405083157670433, -8.781660722967207 ] } },
{ "type": "Feature", "properties": { "id": 2279, "alert_type": "Deforestation/Fire" }, "geometry": { "type": "Point", "coordinates": [ 125.408317092693267, -8.781660722967207 ] } },
{ "type": "Feature", "properties": { "id": 2280, "alert_type": "Deforestation/Fire" }, "geometry": { "type": "Point", "coordinates": [ 125.408496755750093, -8.781660722967207 ] } },
{ "type": "Feature", "properties": { "id": 2281, "alert_type": "Deforestation/Fire" }, "geometry": { "type": "Point", "coordinates": [ 125.408317092693267, -8.781840386024031 ] } },
{ "type": "Feature", "properties": { "id": 2282, "alert_type": "Deforestation/Fire" }, "geometry": { "type": "Point", "coordinates": [ 125.265484962518258, -8.782020049080854 ] } },
{ "type": "Feature", "properties": { "id": 2283, "alert_type": "Deforestation/Fire" }, "geometry": { "type": "Point", "coordinates": [ 125.39268640674959, -8.782020049080854 ] } },
{ "type": "Feature", "properties": { "id": 2284, "alert_type": "Deforestation/Fire" }, "geometry": { "type": "Point", "coordinates": [ 125.265484962518258, -8.782199712137679 ] } },
{ "type": "Feature", "properties": { "id": 2285, "alert_type": "Deforestation/Fire" }, "geometry": { "type": "Point", "coordinates": [ 125.351184240623269, -8.782199712137679 ] } },
{ "type": "Feature", "properties": { "id": 2286, "alert_type": "Deforestation/Fire" }, "geometry": { "type": "Point", "coordinates": [ 125.39268640674959, -8.782199712137679 ] } },
{ "type": "Feature", "properties": { "id": 2287, "alert_type": "Deforestation/Fire" }, "geometry": { "type": "Point", "coordinates": [ 125.265664625575084, -8.782379375194502 ] } },
{ "type": "Feature", "properties": { "id": 2288, "alert_type": "Deforestation/Fire" }, "geometry": { "type": "Point", "coordinates": [ 125.296387008291973, -8.782379375194502 ] } },
{ "type": "Feature", "properties": { "id": 2289, "alert_type": "Deforestation/Fire" }, "geometry": { "type": "Point", "coordinates": [ 125.353160534248332, -8.782379375194502 ] } },
{ "type": "Feature", "properties": { "id": 2290, "alert_type": "Deforestation/Fire" }, "geometry": { "type": "Point", "coordinates": [ 125.400232255136189, -8.782379375194502 ] } },
{ "type": "Feature", "properties": { "id": 2291, "alert_type": "Deforestation/Fire" }, "geometry": { "type": "Point", "coordinates": [ 125.408856081863732, -8.782379375194502 ] } },
{ "type": "Feature", "properties": { "id": 2292, "alert_type": "Deforestation/Fire" }, "geometry": { "type": "Point", "coordinates": [ 125.412629006057045, -8.782379375194502 ] } },
{ "type": "Feature", "properties": { "id": 2293, "alert_type": "Deforestation/Fire" }, "geometry": { "type": "Point", "coordinates": [ 125.253267874654242, -8.782559038251327 ] } },
{ "type": "Feature", "properties": { "id": 2294, "alert_type": "Deforestation/Fire" }, "geometry": { "type": "Point", "coordinates": [ 125.279858007064178, -8.782559038251327 ] } },
{ "type": "Feature", "properties": { "id": 2295, "alert_type": "Deforestation/Fire" }, "geometry": { "type": "Point", "coordinates": [ 125.324773771270145, -8.782559038251327 ] } },
{ "type": "Feature", "properties": { "id": 2296, "alert_type": "Deforestation/Fire" }, "geometry": { "type": "Point", "coordinates": [ 125.376157405521795, -8.782559038251327 ] } },
{ "type": "Feature", "properties": { "id": 2297, "alert_type": "Deforestation/Fire" }, "geometry": { "type": "Point", "coordinates": [ 125.402028885704425, -8.782559038251327 ] } },
{ "type": "Feature", "properties": { "id": 2298, "alert_type": "Deforestation/Fire" }, "geometry": { "type": "Point", "coordinates": [ 125.402388211818078, -8.782559038251327 ] } },
{ "type": "Feature", "properties": { "id": 2299, "alert_type": "Deforestation/Fire" }, "geometry": { "type": "Point", "coordinates": [ 125.404184842386314, -8.782559038251327 ] } },
{ "type": "Feature", "properties": { "id": 2300, "alert_type": "Deforestation/Fire" }, "geometry": { "type": "Point", "coordinates": [ 125.253088211597415, -8.782738701308149 ] } },
{ "type": "Feature", "properties": { "id": 2301, "alert_type": "Deforestation/Fire" }, "geometry": { "type": "Point", "coordinates": [ 125.267281593086508, -8.782738701308149 ] } },
{ "type": "Feature", "properties": { "id": 2302, "alert_type": "Deforestation/Fire" }, "geometry": { "type": "Point", "coordinates": [ 125.267461256143321, -8.782738701308149 ] } },
{ "type": "Feature", "properties": { "id": 2303, "alert_type": "Deforestation/Fire" }, "geometry": { "type": "Point", "coordinates": [ 125.352262218964214, -8.782738701308149 ] } },
{ "type": "Feature", "properties": { "id": 2304, "alert_type": "Deforestation/Fire" }, "geometry": { "type": "Point", "coordinates": [ 125.438320823182863, -8.782738701308149 ] } },
{ "type": "Feature", "properties": { "id": 2305, "alert_type": "Deforestation/Fire" }, "geometry": { "type": "Point", "coordinates": [ 125.266742603916029, -8.782918364364974 ] } },
{ "type": "Feature", "properties": { "id": 2306, "alert_type": "Deforestation/Fire" }, "geometry": { "type": "Point", "coordinates": [ 125.278061376495941, -8.782918364364974 ] } },
{ "type": "Feature", "properties": { "id": 2307, "alert_type": "Deforestation/Fire" }, "geometry": { "type": "Point", "coordinates": [ 125.352441882021026, -8.782918364364974 ] } },
{ "type": "Feature", "properties": { "id": 2308, "alert_type": "Deforestation/Fire" }, "geometry": { "type": "Point", "coordinates": [ 125.422330811125534, -8.782918364364974 ] } },
{ "type": "Feature", "properties": { "id": 2309, "alert_type": "Deforestation/Fire" }, "geometry": { "type": "Point", "coordinates": [ 125.276624072041344, -8.783098027421799 ] } },
{ "type": "Feature", "properties": { "id": 2310, "alert_type": "Deforestation/Fire" }, "geometry": { "type": "Point", "coordinates": [ 125.352441882021026, -8.783098027421799 ] } },
{ "type": "Feature", "properties": { "id": 2311, "alert_type": "Deforestation/Fire" }, "geometry": { "type": "Point", "coordinates": [ 125.377954036090031, -8.783098027421799 ] } },
{ "type": "Feature", "properties": { "id": 2312, "alert_type": "Deforestation/Fire" }, "geometry": { "type": "Point", "coordinates": [ 125.379750666658268, -8.783098027421799 ] } },
{ "type": "Feature", "properties": { "id": 2313, "alert_type": "Deforestation/Fire" }, "geometry": { "type": "Point", "coordinates": [ 125.328906021577097, -8.783277690478622 ] } },
{ "type": "Feature", "properties": { "id": 2314, "alert_type": "Deforestation/Fire" }, "geometry": { "type": "Point", "coordinates": [ 125.352441882021026, -8.783277690478622 ] } },
{ "type": "Feature", "properties": { "id": 2315, "alert_type": "Deforestation/Fire" }, "geometry": { "type": "Point", "coordinates": [ 125.352441882021026, -8.783457353535447 ] } },
{ "type": "Feature", "properties": { "id": 2316, "alert_type": "Deforestation/Fire" }, "geometry": { "type": "Point", "coordinates": [ 125.352621545077852, -8.783457353535447 ] } },
{ "type": "Feature", "properties": { "id": 2317, "alert_type": "Deforestation/Fire" }, "geometry": { "type": "Point", "coordinates": [ 125.413886647454802, -8.783457353535447 ] } },
{ "type": "Feature", "properties": { "id": 2318, "alert_type": "Deforestation/Fire" }, "geometry": { "type": "Point", "coordinates": [ 125.28345126820065, -8.783637016592269 ] } },
{ "type": "Feature", "properties": { "id": 2319, "alert_type": "Deforestation/Fire" }, "geometry": { "type": "Point", "coordinates": [ 125.352621545077852, -8.783637016592269 ] } },
{ "type": "Feature", "properties": { "id": 2320, "alert_type": "Deforestation/Fire" }, "geometry": { "type": "Point", "coordinates": [ 125.376876057749087, -8.783637016592269 ] } },
{ "type": "Feature", "properties": { "id": 2321, "alert_type": "Deforestation/Fire" }, "geometry": { "type": "Point", "coordinates": [ 125.37885235137415, -8.783637016592269 ] } },
{ "type": "Feature", "properties": { "id": 2322, "alert_type": "Deforestation/Fire" }, "geometry": { "type": "Point", "coordinates": [ 125.380828644999212, -8.783637016592269 ] } },
{ "type": "Feature", "properties": { "id": 2323, "alert_type": "Deforestation/Fire" }, "geometry": { "type": "Point", "coordinates": [ 125.292434421041847, -8.783816679649094 ] } },
{ "type": "Feature", "properties": { "id": 2324, "alert_type": "Deforestation/Fire" }, "geometry": { "type": "Point", "coordinates": [ 125.37885235137415, -8.783816679649094 ] } },
{ "type": "Feature", "properties": { "id": 2325, "alert_type": "Deforestation/Fire" }, "geometry": { "type": "Point", "coordinates": [ 125.382086286396984, -8.783816679649094 ] } },
{ "type": "Feature", "properties": { "id": 2326, "alert_type": "Deforestation/Fire" }, "geometry": { "type": "Point", "coordinates": [ 125.40867641880692, -8.783816679649094 ] } },
{ "type": "Feature", "properties": { "id": 2327, "alert_type": "Deforestation/Fire" }, "geometry": { "type": "Point", "coordinates": [ 125.268359571427439, -8.783996342705917 ] } },
{ "type": "Feature", "properties": { "id": 2328, "alert_type": "Deforestation/Fire" }, "geometry": { "type": "Point", "coordinates": [ 125.375798079408142, -8.783996342705917 ] } },
{ "type": "Feature", "properties": { "id": 2329, "alert_type": "Deforestation/Fire" }, "geometry": { "type": "Point", "coordinates": [ 125.40148989653396, -8.783996342705917 ] } },
{ "type": "Feature", "properties": { "id": 2330, "alert_type": "Deforestation/Fire" }, "geometry": { "type": "Point", "coordinates": [ 125.37507942718085, -8.784176005762742 ] } },
{ "type": "Feature", "properties": { "id": 2331, "alert_type": "Deforestation/Fire" }, "geometry": { "type": "Point", "coordinates": [ 125.375259090237662, -8.784176005762742 ] } },
{ "type": "Feature", "properties": { "id": 2332, "alert_type": "Deforestation/Fire" }, "geometry": { "type": "Point", "coordinates": [ 125.375438753294489, -8.784176005762742 ] } },
{ "type": "Feature", "properties": { "id": 2333, "alert_type": "Deforestation/Fire" }, "geometry": { "type": "Point", "coordinates": [ 125.375618416351315, -8.784176005762742 ] } },
{ "type": "Feature", "properties": { "id": 2334, "alert_type": "Deforestation/Fire" }, "geometry": { "type": "Point", "coordinates": [ 125.377235383862725, -8.784176005762742 ] } },
{ "type": "Feature", "properties": { "id": 2335, "alert_type": "Deforestation/Fire" }, "geometry": { "type": "Point", "coordinates": [ 125.380109992771921, -8.784176005762742 ] } },
{ "type": "Feature", "properties": { "id": 2336, "alert_type": "Deforestation/Fire" }, "geometry": { "type": "Point", "coordinates": [ 125.439219138466981, -8.784176005762742 ] } },
{ "type": "Feature", "properties": { "id": 2337, "alert_type": "Deforestation/Fire" }, "geometry": { "type": "Point", "coordinates": [ 125.324953434326972, -8.784355668819565 ] } },
{ "type": "Feature", "properties": { "id": 2338, "alert_type": "Deforestation/Fire" }, "geometry": { "type": "Point", "coordinates": [ 125.375618416351315, -8.784355668819565 ] } },
{ "type": "Feature", "properties": { "id": 2339, "alert_type": "Deforestation/Fire" }, "geometry": { "type": "Point", "coordinates": [ 125.382445612510622, -8.784355668819565 ] } },
{ "type": "Feature", "properties": { "id": 2340, "alert_type": "Deforestation/Fire" }, "geometry": { "type": "Point", "coordinates": [ 125.315071966201657, -8.784535331876389 ] } },
{ "type": "Feature", "properties": { "id": 2341, "alert_type": "Deforestation/Fire" }, "geometry": { "type": "Point", "coordinates": [ 125.322438151531443, -8.784535331876389 ] } },
{ "type": "Feature", "properties": { "id": 2342, "alert_type": "Deforestation/Fire" }, "geometry": { "type": "Point", "coordinates": [ 125.34022479415701, -8.784535331876389 ] } },
{ "type": "Feature", "properties": { "id": 2343, "alert_type": "Deforestation/Fire" }, "geometry": { "type": "Point", "coordinates": [ 125.375438753294489, -8.784535331876389 ] } },
{ "type": "Feature", "properties": { "id": 2344, "alert_type": "Deforestation/Fire" }, "geometry": { "type": "Point", "coordinates": [ 125.375618416351315, -8.784535331876389 ] } },
{ "type": "Feature", "properties": { "id": 2345, "alert_type": "Deforestation/Fire" }, "geometry": { "type": "Point", "coordinates": [ 125.419456202216352, -8.784535331876389 ] } },
{ "type": "Feature", "properties": { "id": 2346, "alert_type": "Deforestation/Fire" }, "geometry": { "type": "Point", "coordinates": [ 125.439398801523808, -8.784535331876389 ] } },
{ "type": "Feature", "properties": { "id": 2347, "alert_type": "Deforestation/Fire" }, "geometry": { "type": "Point", "coordinates": [ 125.439398801523808, -8.784894657990037 ] } },
{ "type": "Feature", "properties": { "id": 2348, "alert_type": "Deforestation/Fire" }, "geometry": { "type": "Point", "coordinates": [ 125.32261781458827, -8.785074321046862 ] } },
{ "type": "Feature", "properties": { "id": 2349, "alert_type": "Deforestation/Fire" }, "geometry": { "type": "Point", "coordinates": [ 125.439398801523808, -8.785074321046862 ] } },
{ "type": "Feature", "properties": { "id": 2350, "alert_type": "Deforestation/Fire" }, "geometry": { "type": "Point", "coordinates": [ 125.374360774953544, -8.785253984103685 ] } },
{ "type": "Feature", "properties": { "id": 2351, "alert_type": "Deforestation/Fire" }, "geometry": { "type": "Point", "coordinates": [ 125.439398801523808, -8.785253984103685 ] } },
{ "type": "Feature", "properties": { "id": 2352, "alert_type": "Deforestation/Fire" }, "geometry": { "type": "Point", "coordinates": [ 125.273569800075336, -8.785433647160509 ] } },
{ "type": "Feature", "properties": { "id": 2353, "alert_type": "Deforestation/Fire" }, "geometry": { "type": "Point", "coordinates": [ 125.282193626802879, -8.785433647160509 ] } },
{ "type": "Feature", "properties": { "id": 2354, "alert_type": "Deforestation/Fire" }, "geometry": { "type": "Point", "coordinates": [ 125.38388291696522, -8.785433647160509 ] } },
{ "type": "Feature", "properties": { "id": 2355, "alert_type": "Deforestation/Fire" }, "geometry": { "type": "Point", "coordinates": [ 125.419096876102699, -8.785433647160509 ] } },
{ "type": "Feature", "properties": { "id": 2356, "alert_type": "Deforestation/Fire" }, "geometry": { "type": "Point", "coordinates": [ 125.419276539159526, -8.785433647160509 ] } },
{ "type": "Feature", "properties": { "id": 2357, "alert_type": "Deforestation/Fire" }, "geometry": { "type": "Point", "coordinates": [ 125.404005179329488, -8.785613310217332 ] } },
{ "type": "Feature", "properties": { "id": 2358, "alert_type": "Deforestation/Fire" }, "geometry": { "type": "Point", "coordinates": [ 125.412090016886566, -8.785613310217332 ] } },
{ "type": "Feature", "properties": { "id": 2359, "alert_type": "Deforestation/Fire" }, "geometry": { "type": "Point", "coordinates": [ 125.375798079408142, -8.785792973274157 ] } },
{ "type": "Feature", "properties": { "id": 2360, "alert_type": "Deforestation/Fire" }, "geometry": { "type": "Point", "coordinates": [ 125.432751268421313, -8.785792973274157 ] } },
{ "type": "Feature", "properties": { "id": 2361, "alert_type": "Deforestation/Fire" }, "geometry": { "type": "Point", "coordinates": [ 125.411551027716101, -8.78597263633098 ] } },
{ "type": "Feature", "properties": { "id": 2362, "alert_type": "Deforestation/Fire" }, "geometry": { "type": "Point", "coordinates": [ 125.438859812353328, -8.78597263633098 ] } },
{ "type": "Feature", "properties": { "id": 2363, "alert_type": "Deforestation/Fire" }, "geometry": { "type": "Point", "coordinates": [ 125.363042002373646, -8.786331962444628 ] } },
{ "type": "Feature", "properties": { "id": 2364, "alert_type": "Deforestation/Fire" }, "geometry": { "type": "Point", "coordinates": [ 125.386218536703922, -8.786331962444628 ] } },
{ "type": "Feature", "properties": { "id": 2365, "alert_type": "Deforestation/Fire" }, "geometry": { "type": "Point", "coordinates": [ 125.419276539159526, -8.786331962444628 ] } },
{ "type": "Feature", "properties": { "id": 2366, "alert_type": "Deforestation/Fire" }, "geometry": { "type": "Point", "coordinates": [ 125.419815528329991, -8.786331962444628 ] } },
{ "type": "Feature", "properties": { "id": 2367, "alert_type": "Deforestation/Fire" }, "geometry": { "type": "Point", "coordinates": [ 125.420174854443644, -8.786331962444628 ] } },
{ "type": "Feature", "properties": { "id": 2368, "alert_type": "Deforestation/Fire" }, "geometry": { "type": "Point", "coordinates": [ 125.433110594534966, -8.786331962444628 ] } },
{ "type": "Feature", "properties": { "id": 2369, "alert_type": "Deforestation/Fire" }, "geometry": { "type": "Point", "coordinates": [ 125.414964625795747, -8.786511625501452 ] } },
{ "type": "Feature", "properties": { "id": 2370, "alert_type": "Deforestation/Fire" }, "geometry": { "type": "Point", "coordinates": [ 125.433290257591793, -8.786511625501452 ] } },
{ "type": "Feature", "properties": { "id": 2371, "alert_type": "Deforestation/Fire" }, "geometry": { "type": "Point", "coordinates": [ 125.339865468043357, -8.786691288558275 ] } },
{ "type": "Feature", "properties": { "id": 2372, "alert_type": "Deforestation/Fire" }, "geometry": { "type": "Point", "coordinates": [ 125.386937188931228, -8.786691288558275 ] } },
{ "type": "Feature", "properties": { "id": 2373, "alert_type": "Deforestation/Fire" }, "geometry": { "type": "Point", "coordinates": [ 125.351184240623269, -8.7868709516151 ] } },
{ "type": "Feature", "properties": { "id": 2374, "alert_type": "Deforestation/Fire" }, "geometry": { "type": "Point", "coordinates": [ 125.395920341772424, -8.7868709516151 ] } },
{ "type": "Feature", "properties": { "id": 2375, "alert_type": "Deforestation/Fire" }, "geometry": { "type": "Point", "coordinates": [ 125.419456202216352, -8.7868709516151 ] } },
{ "type": "Feature", "properties": { "id": 2376, "alert_type": "Deforestation/Fire" }, "geometry": { "type": "Point", "coordinates": [ 125.360347056521292, -8.787050614671925 ] } },
{ "type": "Feature", "properties": { "id": 2377, "alert_type": "Deforestation/Fire" }, "geometry": { "type": "Point", "coordinates": [ 125.386757525874401, -8.787050614671925 ] } },
{ "type": "Feature", "properties": { "id": 2378, "alert_type": "Deforestation/Fire" }, "geometry": { "type": "Point", "coordinates": [ 125.387655841158519, -8.787050614671925 ] } },
{ "type": "Feature", "properties": { "id": 2379, "alert_type": "Deforestation/Fire" }, "geometry": { "type": "Point", "coordinates": [ 125.402028885704425, -8.787050614671925 ] } },
{ "type": "Feature", "properties": { "id": 2380, "alert_type": "Deforestation/Fire" }, "geometry": { "type": "Point", "coordinates": [ 125.271593506450273, -8.787230277728748 ] } },
{ "type": "Feature", "properties": { "id": 2381, "alert_type": "Deforestation/Fire" }, "geometry": { "type": "Point", "coordinates": [ 125.414425636625282, -8.787230277728748 ] } },
{ "type": "Feature", "properties": { "id": 2382, "alert_type": "Deforestation/Fire" }, "geometry": { "type": "Point", "coordinates": [ 125.418917213045873, -8.787230277728748 ] } },
{ "type": "Feature", "properties": { "id": 2383, "alert_type": "Deforestation/Fire" }, "geometry": { "type": "Point", "coordinates": [ 125.271593506450273, -8.787409940785572 ] } },
{ "type": "Feature", "properties": { "id": 2384, "alert_type": "Deforestation/Fire" }, "geometry": { "type": "Point", "coordinates": [ 125.271952832563926, -8.787409940785572 ] } },
{ "type": "Feature", "properties": { "id": 2385, "alert_type": "Deforestation/Fire" }, "geometry": { "type": "Point", "coordinates": [ 125.307526117815058, -8.787409940785572 ] } },
{ "type": "Feature", "properties": { "id": 2386, "alert_type": "Deforestation/Fire" }, "geometry": { "type": "Point", "coordinates": [ 125.380289655828733, -8.787409940785572 ] } },
{ "type": "Feature", "properties": { "id": 2387, "alert_type": "Deforestation/Fire" }, "geometry": { "type": "Point", "coordinates": [ 125.4363445295578, -8.787409940785572 ] } },
{ "type": "Feature", "properties": { "id": 2388, "alert_type": "Deforestation/Fire" }, "geometry": { "type": "Point", "coordinates": [ 125.368431894078356, -8.787589603842395 ] } },
{ "type": "Feature", "properties": { "id": 2389, "alert_type": "Deforestation/Fire" }, "geometry": { "type": "Point", "coordinates": [ 125.401130570420307, -8.787589603842395 ] } },
{ "type": "Feature", "properties": { "id": 2390, "alert_type": "Deforestation/Fire" }, "geometry": { "type": "Point", "coordinates": [ 125.271413843393447, -8.78776926689922 ] } },
{ "type": "Feature", "properties": { "id": 2391, "alert_type": "Deforestation/Fire" }, "geometry": { "type": "Point", "coordinates": [ 125.396998320113354, -8.78776926689922 ] } },
{ "type": "Feature", "properties": { "id": 2392, "alert_type": "Deforestation/Fire" }, "geometry": { "type": "Point", "coordinates": [ 125.414245973568455, -8.78776926689922 ] } },
{ "type": "Feature", "properties": { "id": 2393, "alert_type": "Deforestation/Fire" }, "geometry": { "type": "Point", "coordinates": [ 125.345614685861719, -8.787948929956043 ] } },
{ "type": "Feature", "properties": { "id": 2394, "alert_type": "Deforestation/Fire" }, "geometry": { "type": "Point", "coordinates": [ 125.382265949453796, -8.787948929956043 ] } },
{ "type": "Feature", "properties": { "id": 2395, "alert_type": "Deforestation/Fire" }, "geometry": { "type": "Point", "coordinates": [ 125.388733819499464, -8.787948929956043 ] } },
{ "type": "Feature", "properties": { "id": 2396, "alert_type": "Deforestation/Fire" }, "geometry": { "type": "Point", "coordinates": [ 125.396998320113354, -8.787948929956043 ] } },
{ "type": "Feature", "properties": { "id": 2397, "alert_type": "Deforestation/Fire" }, "geometry": { "type": "Point", "coordinates": [ 125.414425636625282, -8.787948929956043 ] } },
{ "type": "Feature", "properties": { "id": 2398, "alert_type": "Deforestation/Fire" }, "geometry": { "type": "Point", "coordinates": [ 125.382445612510622, -8.788128593012868 ] } },
{ "type": "Feature", "properties": { "id": 2399, "alert_type": "Deforestation/Fire" }, "geometry": { "type": "Point", "coordinates": [ 125.355855480100686, -8.788308256069691 ] } },
{ "type": "Feature", "properties": { "id": 2400, "alert_type": "Deforestation/Fire" }, "geometry": { "type": "Point", "coordinates": [ 125.388913482556291, -8.788308256069691 ] } },
{ "type": "Feature", "properties": { "id": 2401, "alert_type": "Deforestation/Fire" }, "geometry": { "type": "Point", "coordinates": [ 125.454670161353832, -8.788308256069691 ] } },
{ "type": "Feature", "properties": { "id": 2402, "alert_type": "Deforestation/Fire" }, "geometry": { "type": "Point", "coordinates": [ 125.365736948226001, -8.788487919126515 ] } },
{ "type": "Feature", "properties": { "id": 2403, "alert_type": "Deforestation/Fire" }, "geometry": { "type": "Point", "coordinates": [ 125.389093145613103, -8.788487919126515 ] } },
{ "type": "Feature", "properties": { "id": 2404, "alert_type": "Deforestation/Fire" }, "geometry": { "type": "Point", "coordinates": [ 125.389811797840409, -8.788487919126515 ] } },
{ "type": "Feature", "properties": { "id": 2405, "alert_type": "Deforestation/Fire" }, "geometry": { "type": "Point", "coordinates": [ 125.271593506450273, -8.78866758218334 ] } },
{ "type": "Feature", "properties": { "id": 2406, "alert_type": "Deforestation/Fire" }, "geometry": { "type": "Point", "coordinates": [ 125.381187971112851, -8.78866758218334 ] } },
{ "type": "Feature", "properties": { "id": 2407, "alert_type": "Deforestation/Fire" }, "geometry": { "type": "Point", "coordinates": [ 125.454490498297005, -8.78866758218334 ] } },
{ "type": "Feature", "properties": { "id": 2408, "alert_type": "Deforestation/Fire" }, "geometry": { "type": "Point", "coordinates": [ 125.381187971112851, -8.788847245240163 ] } },
{ "type": "Feature", "properties": { "id": 2409, "alert_type": "Deforestation/Fire" }, "geometry": { "type": "Point", "coordinates": [ 125.41370698439799, -8.788847245240163 ] } },
{ "type": "Feature", "properties": { "id": 2410, "alert_type": "Deforestation/Fire" }, "geometry": { "type": "Point", "coordinates": [ 125.390350787010874, -8.789026908296988 ] } },
{ "type": "Feature", "properties": { "id": 2411, "alert_type": "Deforestation/Fire" }, "geometry": { "type": "Point", "coordinates": [ 125.428259692000722, -8.789026908296988 ] } },
{ "type": "Feature", "properties": { "id": 2412, "alert_type": "Deforestation/Fire" }, "geometry": { "type": "Point", "coordinates": [ 125.452514204671942, -8.789026908296988 ] } },
{ "type": "Feature", "properties": { "id": 2413, "alert_type": "Deforestation/Fire" }, "geometry": { "type": "Point", "coordinates": [ 125.34184176166842, -8.789206571353811 ] } },
{ "type": "Feature", "properties": { "id": 2414, "alert_type": "Deforestation/Fire" }, "geometry": { "type": "Point", "coordinates": [ 125.377774373033205, -8.789386234410635 ] } },
{ "type": "Feature", "properties": { "id": 2415, "alert_type": "Deforestation/Fire" }, "geometry": { "type": "Point", "coordinates": [ 125.388194830328985, -8.789386234410635 ] } },
{ "type": "Feature", "properties": { "id": 2416, "alert_type": "Deforestation/Fire" }, "geometry": { "type": "Point", "coordinates": [ 125.390171123954048, -8.789386234410635 ] } },
{ "type": "Feature", "properties": { "id": 2417, "alert_type": "Deforestation/Fire" }, "geometry": { "type": "Point", "coordinates": [ 125.413347658284337, -8.789386234410635 ] } },
{ "type": "Feature", "properties": { "id": 2418, "alert_type": "Deforestation/Fire" }, "geometry": { "type": "Point", "coordinates": [ 125.452873530785595, -8.789386234410635 ] } },
{ "type": "Feature", "properties": { "id": 2419, "alert_type": "Deforestation/Fire" }, "geometry": { "type": "Point", "coordinates": [ 125.378493025260497, -8.789565897467458 ] } },
{ "type": "Feature", "properties": { "id": 2420, "alert_type": "Deforestation/Fire" }, "geometry": { "type": "Point", "coordinates": [ 125.413527321341164, -8.789565897467458 ] } },
{ "type": "Feature", "properties": { "id": 2421, "alert_type": "Deforestation/Fire" }, "geometry": { "type": "Point", "coordinates": [ 125.452873530785595, -8.789565897467458 ] } },
{ "type": "Feature", "properties": { "id": 2422, "alert_type": "Deforestation/Fire" }, "geometry": { "type": "Point", "coordinates": [ 125.456107465808429, -8.789565897467458 ] } },
{ "type": "Feature", "properties": { "id": 2423, "alert_type": "Deforestation/Fire" }, "geometry": { "type": "Point", "coordinates": [ 125.456287128865256, -8.789565897467458 ] } },
{ "type": "Feature", "properties": { "id": 2424, "alert_type": "Deforestation/Fire" }, "geometry": { "type": "Point", "coordinates": [ 125.377415046919552, -8.789745560524283 ] } },
{ "type": "Feature", "properties": { "id": 2425, "alert_type": "Deforestation/Fire" }, "geometry": { "type": "Point", "coordinates": [ 125.412988332170684, -8.789745560524283 ] } },
{ "type": "Feature", "properties": { "id": 2426, "alert_type": "Deforestation/Fire" }, "geometry": { "type": "Point", "coordinates": [ 125.456287128865256, -8.789745560524283 ] } },
{ "type": "Feature", "properties": { "id": 2427, "alert_type": "Deforestation/Fire" }, "geometry": { "type": "Point", "coordinates": [ 125.37885235137415, -8.789925223581106 ] } },
{ "type": "Feature", "properties": { "id": 2428, "alert_type": "Deforestation/Fire" }, "geometry": { "type": "Point", "coordinates": [ 125.400232255136189, -8.789925223581106 ] } },
{ "type": "Feature", "properties": { "id": 2429, "alert_type": "Deforestation/Fire" }, "geometry": { "type": "Point", "coordinates": [ 125.413167995227511, -8.789925223581106 ] } },
{ "type": "Feature", "properties": { "id": 2430, "alert_type": "Deforestation/Fire" }, "geometry": { "type": "Point", "coordinates": [ 125.413527321341164, -8.789925223581106 ] } },
{ "type": "Feature", "properties": { "id": 2431, "alert_type": "Deforestation/Fire" }, "geometry": { "type": "Point", "coordinates": [ 125.453053193842422, -8.789925223581106 ] } },
{ "type": "Feature", "properties": { "id": 2432, "alert_type": "Deforestation/Fire" }, "geometry": { "type": "Point", "coordinates": [ 125.453053193842422, -8.790104886637931 ] } },
{ "type": "Feature", "properties": { "id": 2433, "alert_type": "Deforestation/Fire" }, "geometry": { "type": "Point", "coordinates": [ 125.293512399382792, -8.790284549694753 ] } },
{ "type": "Feature", "properties": { "id": 2434, "alert_type": "Deforestation/Fire" }, "geometry": { "type": "Point", "coordinates": [ 125.390171123954048, -8.790284549694753 ] } },
{ "type": "Feature", "properties": { "id": 2435, "alert_type": "Deforestation/Fire" }, "geometry": { "type": "Point", "coordinates": [ 125.417659571648116, -8.790284549694753 ] } },
{ "type": "Feature", "properties": { "id": 2436, "alert_type": "Deforestation/Fire" }, "geometry": { "type": "Point", "coordinates": [ 125.374181111896732, -8.790464212751578 ] } },
{ "type": "Feature", "properties": { "id": 2437, "alert_type": "Deforestation/Fire" }, "geometry": { "type": "Point", "coordinates": [ 125.3905304500677, -8.790464212751578 ] } },
{ "type": "Feature", "properties": { "id": 2438, "alert_type": "Deforestation/Fire" }, "geometry": { "type": "Point", "coordinates": [ 125.394842363431479, -8.790464212751578 ] } },
{ "type": "Feature", "properties": { "id": 2439, "alert_type": "Deforestation/Fire" }, "geometry": { "type": "Point", "coordinates": [ 125.436883518728266, -8.790464212751578 ] } },
{ "type": "Feature", "properties": { "id": 2440, "alert_type": "Deforestation/Fire" }, "geometry": { "type": "Point", "coordinates": [ 125.452873530785595, -8.790464212751578 ] } },
{ "type": "Feature", "properties": { "id": 2441, "alert_type": "Deforestation/Fire" }, "geometry": { "type": "Point", "coordinates": [ 125.453053193842422, -8.790464212751578 ] } },
{ "type": "Feature", "properties": { "id": 2442, "alert_type": "Deforestation/Fire" }, "geometry": { "type": "Point", "coordinates": [ 125.260634059984014, -8.790643875808403 ] } },
{ "type": "Feature", "properties": { "id": 2443, "alert_type": "Deforestation/Fire" }, "geometry": { "type": "Point", "coordinates": [ 125.452873530785595, -8.790643875808403 ] } },
{ "type": "Feature", "properties": { "id": 2444, "alert_type": "Deforestation/Fire" }, "geometry": { "type": "Point", "coordinates": [ 125.453053193842422, -8.790643875808403 ] } },
{ "type": "Feature", "properties": { "id": 2445, "alert_type": "Deforestation/Fire" }, "geometry": { "type": "Point", "coordinates": [ 125.259915407756722, -8.790823538865226 ] } },
{ "type": "Feature", "properties": { "id": 2446, "alert_type": "Deforestation/Fire" }, "geometry": { "type": "Point", "coordinates": [ 125.390889776181353, -8.790823538865226 ] } },
{ "type": "Feature", "properties": { "id": 2447, "alert_type": "Deforestation/Fire" }, "geometry": { "type": "Point", "coordinates": [ 125.437422507898745, -8.790823538865226 ] } },
{ "type": "Feature", "properties": { "id": 2448, "alert_type": "Deforestation/Fire" }, "geometry": { "type": "Point", "coordinates": [ 125.359987730407639, -8.791003201922051 ] } },
{ "type": "Feature", "properties": { "id": 2449, "alert_type": "Deforestation/Fire" }, "geometry": { "type": "Point", "coordinates": [ 125.360167393464465, -8.791003201922051 ] } },
{ "type": "Feature", "properties": { "id": 2450, "alert_type": "Deforestation/Fire" }, "geometry": { "type": "Point", "coordinates": [ 125.412988332170684, -8.791003201922051 ] } },
{ "type": "Feature", "properties": { "id": 2451, "alert_type": "Deforestation/Fire" }, "geometry": { "type": "Point", "coordinates": [ 125.436703855671439, -8.791003201922051 ] } },
{ "type": "Feature", "properties": { "id": 2452, "alert_type": "Deforestation/Fire" }, "geometry": { "type": "Point", "coordinates": [ 125.359987730407639, -8.791182864978873 ] } },
{ "type": "Feature", "properties": { "id": 2453, "alert_type": "Deforestation/Fire" }, "geometry": { "type": "Point", "coordinates": [ 125.397896635397487, -8.791182864978873 ] } },
{ "type": "Feature", "properties": { "id": 2454, "alert_type": "Deforestation/Fire" }, "geometry": { "type": "Point", "coordinates": [ 125.435446214273682, -8.791182864978873 ] } },
{ "type": "Feature", "properties": { "id": 2455, "alert_type": "Deforestation/Fire" }, "geometry": { "type": "Point", "coordinates": [ 125.438680149296502, -8.791182864978873 ] } },
{ "type": "Feature", "properties": { "id": 2456, "alert_type": "Deforestation/Fire" }, "geometry": { "type": "Point", "coordinates": [ 125.395920341772424, -8.791362528035698 ] } },
{ "type": "Feature", "properties": { "id": 2457, "alert_type": "Deforestation/Fire" }, "geometry": { "type": "Point", "coordinates": [ 125.402208548761251, -8.791362528035698 ] } },
{ "type": "Feature", "properties": { "id": 2458, "alert_type": "Deforestation/Fire" }, "geometry": { "type": "Point", "coordinates": [ 125.402388211818078, -8.791362528035698 ] } },
{ "type": "Feature", "properties": { "id": 2459, "alert_type": "Deforestation/Fire" }, "geometry": { "type": "Point", "coordinates": [ 125.411012038545621, -8.791362528035698 ] } },
{ "type": "Feature", "properties": { "id": 2460, "alert_type": "Deforestation/Fire" }, "geometry": { "type": "Point", "coordinates": [ 125.43850048623969, -8.791362528035698 ] } },
{ "type": "Feature", "properties": { "id": 2461, "alert_type": "Deforestation/Fire" }, "geometry": { "type": "Point", "coordinates": [ 125.398615287624779, -8.791542191092521 ] } },
{ "type": "Feature", "properties": { "id": 2462, "alert_type": "Deforestation/Fire" }, "geometry": { "type": "Point", "coordinates": [ 125.412449343000219, -8.791542191092521 ] } },
{ "type": "Feature", "properties": { "id": 2463, "alert_type": "Deforestation/Fire" }, "geometry": { "type": "Point", "coordinates": [ 125.437602170955557, -8.791542191092521 ] } },
{ "type": "Feature", "properties": { "id": 2464, "alert_type": "Deforestation/Fire" }, "geometry": { "type": "Point", "coordinates": [ 125.292075094928208, -8.791721854149346 ] } },
{ "type": "Feature", "properties": { "id": 2465, "alert_type": "Deforestation/Fire" }, "geometry": { "type": "Point", "coordinates": [ 125.412449343000219, -8.791721854149346 ] } },
{ "type": "Feature", "properties": { "id": 2466, "alert_type": "Deforestation/Fire" }, "geometry": { "type": "Point", "coordinates": [ 125.437781834012384, -8.791901517206169 ] } },
{ "type": "Feature", "properties": { "id": 2467, "alert_type": "Deforestation/Fire" }, "geometry": { "type": "Point", "coordinates": [ 125.412090016886566, -8.792081180262993 ] } },
{ "type": "Feature", "properties": { "id": 2468, "alert_type": "Deforestation/Fire" }, "geometry": { "type": "Point", "coordinates": [ 125.412629006057045, -8.792081180262993 ] } },
{ "type": "Feature", "properties": { "id": 2469, "alert_type": "Deforestation/Fire" }, "geometry": { "type": "Point", "coordinates": [ 125.437422507898745, -8.792260843319816 ] } },
{ "type": "Feature", "properties": { "id": 2470, "alert_type": "Deforestation/Fire" }, "geometry": { "type": "Point", "coordinates": [ 125.266562940859203, -8.792440506376641 ] } },
{ "type": "Feature", "properties": { "id": 2471, "alert_type": "Deforestation/Fire" }, "geometry": { "type": "Point", "coordinates": [ 125.270335865052502, -8.792440506376641 ] } },
{ "type": "Feature", "properties": { "id": 2472, "alert_type": "Deforestation/Fire" }, "geometry": { "type": "Point", "coordinates": [ 125.437063181785092, -8.792440506376641 ] } },
{ "type": "Feature", "properties": { "id": 2473, "alert_type": "Deforestation/Fire" }, "geometry": { "type": "Point", "coordinates": [ 125.372743807442134, -8.792620169433466 ] } },
{ "type": "Feature", "properties": { "id": 2474, "alert_type": "Deforestation/Fire" }, "geometry": { "type": "Point", "coordinates": [ 125.398076298454299, -8.792620169433466 ] } },
{ "type": "Feature", "properties": { "id": 2475, "alert_type": "Deforestation/Fire" }, "geometry": { "type": "Point", "coordinates": [ 125.372384481328481, -8.792799832490289 ] } },
{ "type": "Feature", "properties": { "id": 2476, "alert_type": "Deforestation/Fire" }, "geometry": { "type": "Point", "coordinates": [ 125.372564144385308, -8.792799832490289 ] } },
{ "type": "Feature", "properties": { "id": 2477, "alert_type": "Deforestation/Fire" }, "geometry": { "type": "Point", "coordinates": [ 125.440476779864753, -8.792799832490289 ] } },
{ "type": "Feature", "properties": { "id": 2478, "alert_type": "Deforestation/Fire" }, "geometry": { "type": "Point", "coordinates": [ 125.29998026942846, -8.792979495547113 ] } },
{ "type": "Feature", "properties": { "id": 2479, "alert_type": "Deforestation/Fire" }, "geometry": { "type": "Point", "coordinates": [ 125.372204818271669, -8.792979495547113 ] } },
{ "type": "Feature", "properties": { "id": 2480, "alert_type": "Deforestation/Fire" }, "geometry": { "type": "Point", "coordinates": [ 125.351184240623269, -8.793159158603936 ] } },
{ "type": "Feature", "properties": { "id": 2481, "alert_type": "Deforestation/Fire" }, "geometry": { "type": "Point", "coordinates": [ 125.351543566736908, -8.793159158603936 ] } },
{ "type": "Feature", "properties": { "id": 2482, "alert_type": "Deforestation/Fire" }, "geometry": { "type": "Point", "coordinates": [ 125.372204818271669, -8.793159158603936 ] } },
{ "type": "Feature", "properties": { "id": 2483, "alert_type": "Deforestation/Fire" }, "geometry": { "type": "Point", "coordinates": [ 125.393405058976882, -8.793159158603936 ] } },
{ "type": "Feature", "properties": { "id": 2484, "alert_type": "Deforestation/Fire" }, "geometry": { "type": "Point", "coordinates": [ 125.433649583705431, -8.793159158603936 ] } },
{ "type": "Feature", "properties": { "id": 2485, "alert_type": "Deforestation/Fire" }, "geometry": { "type": "Point", "coordinates": [ 125.441195432092044, -8.793159158603936 ] } },
{ "type": "Feature", "properties": { "id": 2486, "alert_type": "Deforestation/Fire" }, "geometry": { "type": "Point", "coordinates": [ 125.446944649910407, -8.793159158603936 ] } },
{ "type": "Feature", "properties": { "id": 2487, "alert_type": "Deforestation/Fire" }, "geometry": { "type": "Point", "coordinates": [ 125.391249102294992, -8.793338821660761 ] } },
{ "type": "Feature", "properties": { "id": 2488, "alert_type": "Deforestation/Fire" }, "geometry": { "type": "Point", "coordinates": [ 125.433469920648619, -8.793338821660761 ] } },
{ "type": "Feature", "properties": { "id": 2489, "alert_type": "Deforestation/Fire" }, "geometry": { "type": "Point", "coordinates": [ 125.265305299461446, -8.793518484717584 ] } },
{ "type": "Feature", "properties": { "id": 2490, "alert_type": "Deforestation/Fire" }, "geometry": { "type": "Point", "coordinates": [ 125.391428765351819, -8.793518484717584 ] } },
{ "type": "Feature", "properties": { "id": 2491, "alert_type": "Deforestation/Fire" }, "geometry": { "type": "Point", "coordinates": [ 125.265125636404619, -8.793698147774409 ] } },
{ "type": "Feature", "properties": { "id": 2492, "alert_type": "Deforestation/Fire" }, "geometry": { "type": "Point", "coordinates": [ 125.265664625575084, -8.793698147774409 ] } },
{ "type": "Feature", "properties": { "id": 2493, "alert_type": "Deforestation/Fire" }, "geometry": { "type": "Point", "coordinates": [ 125.265125636404619, -8.793877810831232 ] } },
{ "type": "Feature", "properties": { "id": 2494, "alert_type": "Deforestation/Fire" }, "geometry": { "type": "Point", "coordinates": [ 125.265484962518258, -8.793877810831232 ] } },
{ "type": "Feature", "properties": { "id": 2495, "alert_type": "Deforestation/Fire" }, "geometry": { "type": "Point", "coordinates": [ 125.265664625575084, -8.793877810831232 ] } },
{ "type": "Feature", "properties": { "id": 2496, "alert_type": "Deforestation/Fire" }, "geometry": { "type": "Point", "coordinates": [ 125.434727562046376, -8.793877810831232 ] } },
{ "type": "Feature", "properties": { "id": 2497, "alert_type": "Deforestation/Fire" }, "geometry": { "type": "Point", "coordinates": [ 125.264945973347793, -8.794057473888056 ] } },
{ "type": "Feature", "properties": { "id": 2498, "alert_type": "Deforestation/Fire" }, "geometry": { "type": "Point", "coordinates": [ 125.265125636404619, -8.794057473888056 ] } },
{ "type": "Feature", "properties": { "id": 2499, "alert_type": "Deforestation/Fire" }, "geometry": { "type": "Point", "coordinates": [ 125.265484962518258, -8.794057473888056 ] } },
{ "type": "Feature", "properties": { "id": 2500, "alert_type": "Deforestation/Fire" }, "geometry": { "type": "Point", "coordinates": [ 125.265664625575084, -8.794057473888056 ] } },
{ "type": "Feature", "properties": { "id": 2501, "alert_type": "Deforestation/Fire" }, "geometry": { "type": "Point", "coordinates": [ 125.431673290080369, -8.794057473888056 ] } },
{ "type": "Feature", "properties": { "id": 2502, "alert_type": "Deforestation/Fire" }, "geometry": { "type": "Point", "coordinates": [ 125.265125636404619, -8.794237136944879 ] } },
{ "type": "Feature", "properties": { "id": 2503, "alert_type": "Deforestation/Fire" }, "geometry": { "type": "Point", "coordinates": [ 125.265125636404619, -8.794416800001704 ] } },
{ "type": "Feature", "properties": { "id": 2504, "alert_type": "Deforestation/Fire" }, "geometry": { "type": "Point", "coordinates": [ 125.301776899996696, -8.794416800001704 ] } },
{ "type": "Feature", "properties": { "id": 2505, "alert_type": "Deforestation/Fire" }, "geometry": { "type": "Point", "coordinates": [ 125.432391942307675, -8.794416800001704 ] } },
{ "type": "Feature", "properties": { "id": 2506, "alert_type": "Deforestation/Fire" }, "geometry": { "type": "Point", "coordinates": [ 125.265125636404619, -8.794596463058529 ] } },
{ "type": "Feature", "properties": { "id": 2507, "alert_type": "Deforestation/Fire" }, "geometry": { "type": "Point", "coordinates": [ 125.397537309283834, -8.794596463058529 ] } },
{ "type": "Feature", "properties": { "id": 2508, "alert_type": "Deforestation/Fire" }, "geometry": { "type": "Point", "coordinates": [ 125.265125636404619, -8.794776126115352 ] } },
{ "type": "Feature", "properties": { "id": 2509, "alert_type": "Deforestation/Fire" }, "geometry": { "type": "Point", "coordinates": [ 125.267281593086508, -8.794776126115352 ] } },
{ "type": "Feature", "properties": { "id": 2510, "alert_type": "Deforestation/Fire" }, "geometry": { "type": "Point", "coordinates": [ 125.30159723693987, -8.794776126115352 ] } },
{ "type": "Feature", "properties": { "id": 2511, "alert_type": "Deforestation/Fire" }, "geometry": { "type": "Point", "coordinates": [ 125.325312760440625, -8.794776126115352 ] } },
{ "type": "Feature", "properties": { "id": 2512, "alert_type": "Deforestation/Fire" }, "geometry": { "type": "Point", "coordinates": [ 125.325672086554277, -8.794776126115352 ] } },
{ "type": "Feature", "properties": { "id": 2513, "alert_type": "Deforestation/Fire" }, "geometry": { "type": "Point", "coordinates": [ 125.382265949453796, -8.794776126115352 ] } },
{ "type": "Feature", "properties": { "id": 2514, "alert_type": "Deforestation/Fire" }, "geometry": { "type": "Point", "coordinates": [ 125.436524192614627, -8.794776126115352 ] } },
{ "type": "Feature", "properties": { "id": 2515, "alert_type": "Deforestation/Fire" }, "geometry": { "type": "Point", "coordinates": [ 125.266742603916029, -8.794955789172176 ] } },
{ "type": "Feature", "properties": { "id": 2516, "alert_type": "Deforestation/Fire" }, "geometry": { "type": "Point", "coordinates": [ 125.266922266972855, -8.794955789172176 ] } },
{ "type": "Feature", "properties": { "id": 2517, "alert_type": "Deforestation/Fire" }, "geometry": { "type": "Point", "coordinates": [ 125.365557285169174, -8.794955789172176 ] } },
{ "type": "Feature", "properties": { "id": 2518, "alert_type": "Deforestation/Fire" }, "geometry": { "type": "Point", "coordinates": [ 125.267101930029682, -8.795135452228999 ] } },
{ "type": "Feature", "properties": { "id": 2519, "alert_type": "Deforestation/Fire" }, "geometry": { "type": "Point", "coordinates": [ 125.2680002453138, -8.795135452228999 ] } },
{ "type": "Feature", "properties": { "id": 2520, "alert_type": "Deforestation/Fire" }, "geometry": { "type": "Point", "coordinates": [ 125.39214741757911, -8.795135452228999 ] } },
{ "type": "Feature", "properties": { "id": 2521, "alert_type": "Deforestation/Fire" }, "geometry": { "type": "Point", "coordinates": [ 125.405801809897739, -8.795135452228999 ] } },
{ "type": "Feature", "properties": { "id": 2522, "alert_type": "Deforestation/Fire" }, "geometry": { "type": "Point", "coordinates": [ 125.435086888160029, -8.795135452228999 ] } },
{ "type": "Feature", "properties": { "id": 2523, "alert_type": "Deforestation/Fire" }, "geometry": { "type": "Point", "coordinates": [ 125.288302170734895, -8.795315115285824 ] } },
{ "type": "Feature", "properties": { "id": 2524, "alert_type": "Deforestation/Fire" }, "geometry": { "type": "Point", "coordinates": [ 125.288302170734895, -8.795494778342647 ] } },
{ "type": "Feature", "properties": { "id": 2525, "alert_type": "Deforestation/Fire" }, "geometry": { "type": "Point", "coordinates": [ 125.2890208229622, -8.795494778342647 ] } },
{ "type": "Feature", "properties": { "id": 2526, "alert_type": "Deforestation/Fire" }, "geometry": { "type": "Point", "coordinates": [ 125.290278464359957, -8.795494778342647 ] } },
{ "type": "Feature", "properties": { "id": 2527, "alert_type": "Deforestation/Fire" }, "geometry": { "type": "Point", "coordinates": [ 125.325133097383798, -8.795494778342647 ] } },
{ "type": "Feature", "properties": { "id": 2528, "alert_type": "Deforestation/Fire" }, "geometry": { "type": "Point", "coordinates": [ 125.325312760440625, -8.795494778342647 ] } },
{ "type": "Feature", "properties": { "id": 2529, "alert_type": "Deforestation/Fire" }, "geometry": { "type": "Point", "coordinates": [ 125.369330209362474, -8.795494778342647 ] } },
{ "type": "Feature", "properties": { "id": 2530, "alert_type": "Deforestation/Fire" }, "geometry": { "type": "Point", "coordinates": [ 125.397357646227007, -8.795494778342647 ] } },
{ "type": "Feature", "properties": { "id": 2531, "alert_type": "Deforestation/Fire" }, "geometry": { "type": "Point", "coordinates": [ 125.32423478209968, -8.795674441399472 ] } },
{ "type": "Feature", "properties": { "id": 2532, "alert_type": "Deforestation/Fire" }, "geometry": { "type": "Point", "coordinates": [ 125.450537911046879, -8.795674441399472 ] } },
{ "type": "Feature", "properties": { "id": 2533, "alert_type": "Deforestation/Fire" }, "geometry": { "type": "Point", "coordinates": [ 125.2890208229622, -8.795854104456295 ] } },
{ "type": "Feature", "properties": { "id": 2534, "alert_type": "Deforestation/Fire" }, "geometry": { "type": "Point", "coordinates": [ 125.289200486019013, -8.795854104456295 ] } },
{ "type": "Feature", "properties": { "id": 2535, "alert_type": "Deforestation/Fire" }, "geometry": { "type": "Point", "coordinates": [ 125.267820582256974, -8.796033767513119 ] } },
{ "type": "Feature", "properties": { "id": 2536, "alert_type": "Deforestation/Fire" }, "geometry": { "type": "Point", "coordinates": [ 125.2680002453138, -8.796033767513119 ] } },
{ "type": "Feature", "properties": { "id": 2537, "alert_type": "Deforestation/Fire" }, "geometry": { "type": "Point", "coordinates": [ 125.288481833791721, -8.796033767513119 ] } },
{ "type": "Feature", "properties": { "id": 2538, "alert_type": "Deforestation/Fire" }, "geometry": { "type": "Point", "coordinates": [ 125.288661496848547, -8.796033767513119 ] } },
{ "type": "Feature", "properties": { "id": 2539, "alert_type": "Deforestation/Fire" }, "geometry": { "type": "Point", "coordinates": [ 125.373462459669426, -8.796033767513119 ] } },
{ "type": "Feature", "properties": { "id": 2540, "alert_type": "Deforestation/Fire" }, "geometry": { "type": "Point", "coordinates": [ 125.381726960283331, -8.796033767513119 ] } },
{ "type": "Feature", "properties": { "id": 2541, "alert_type": "Deforestation/Fire" }, "geometry": { "type": "Point", "coordinates": [ 125.446405660739941, -8.796033767513119 ] } },
{ "type": "Feature", "properties": { "id": 2542, "alert_type": "Deforestation/Fire" }, "geometry": { "type": "Point", "coordinates": [ 125.449998921876414, -8.796033767513119 ] } },
{ "type": "Feature", "properties": { "id": 2543, "alert_type": "Deforestation/Fire" }, "geometry": { "type": "Point", "coordinates": [ 125.450178584933241, -8.796033767513119 ] } },
{ "type": "Feature", "properties": { "id": 2544, "alert_type": "Deforestation/Fire" }, "geometry": { "type": "Point", "coordinates": [ 125.267820582256974, -8.796213430569942 ] } },
{ "type": "Feature", "properties": { "id": 2545, "alert_type": "Deforestation/Fire" }, "geometry": { "type": "Point", "coordinates": [ 125.2680002453138, -8.796213430569942 ] } },
{ "type": "Feature", "properties": { "id": 2546, "alert_type": "Deforestation/Fire" }, "geometry": { "type": "Point", "coordinates": [ 125.288481833791721, -8.796213430569942 ] } },
{ "type": "Feature", "properties": { "id": 2547, "alert_type": "Deforestation/Fire" }, "geometry": { "type": "Point", "coordinates": [ 125.288661496848547, -8.796213430569942 ] } },
{ "type": "Feature", "properties": { "id": 2548, "alert_type": "Deforestation/Fire" }, "geometry": { "type": "Point", "coordinates": [ 125.2890208229622, -8.796213430569942 ] } },
{ "type": "Feature", "properties": { "id": 2549, "alert_type": "Deforestation/Fire" }, "geometry": { "type": "Point", "coordinates": [ 125.292973410212326, -8.796213430569942 ] } },
{ "type": "Feature", "properties": { "id": 2550, "alert_type": "Deforestation/Fire" }, "geometry": { "type": "Point", "coordinates": [ 125.293153073269139, -8.796213430569942 ] } },
{ "type": "Feature", "properties": { "id": 2551, "alert_type": "Deforestation/Fire" }, "geometry": { "type": "Point", "coordinates": [ 125.293332736325965, -8.796213430569942 ] } },
{ "type": "Feature", "properties": { "id": 2552, "alert_type": "Deforestation/Fire" }, "geometry": { "type": "Point", "coordinates": [ 125.307526117815058, -8.796213430569942 ] } },
{ "type": "Feature", "properties": { "id": 2553, "alert_type": "Deforestation/Fire" }, "geometry": { "type": "Point", "coordinates": [ 125.325133097383798, -8.796213430569942 ] } },
{ "type": "Feature", "properties": { "id": 2554, "alert_type": "Deforestation/Fire" }, "geometry": { "type": "Point", "coordinates": [ 125.3732827966126, -8.796213430569942 ] } },
{ "type": "Feature", "properties": { "id": 2555, "alert_type": "Deforestation/Fire" }, "geometry": { "type": "Point", "coordinates": [ 125.288661496848547, -8.796393093626767 ] } },
{ "type": "Feature", "properties": { "id": 2556, "alert_type": "Deforestation/Fire" }, "geometry": { "type": "Point", "coordinates": [ 125.288841159905374, -8.796393093626767 ] } },
{ "type": "Feature", "properties": { "id": 2557, "alert_type": "Deforestation/Fire" }, "geometry": { "type": "Point", "coordinates": [ 125.289200486019013, -8.796393093626767 ] } },
{ "type": "Feature", "properties": { "id": 2558, "alert_type": "Deforestation/Fire" }, "geometry": { "type": "Point", "coordinates": [ 125.292973410212326, -8.796393093626767 ] } },
{ "type": "Feature", "properties": { "id": 2559, "alert_type": "Deforestation/Fire" }, "geometry": { "type": "Point", "coordinates": [ 125.361604697919049, -8.796393093626767 ] } },
{ "type": "Feature", "properties": { "id": 2560, "alert_type": "Deforestation/Fire" }, "geometry": { "type": "Point", "coordinates": [ 125.396998320113354, -8.796393093626767 ] } },
{ "type": "Feature", "properties": { "id": 2561, "alert_type": "Deforestation/Fire" }, "geometry": { "type": "Point", "coordinates": [ 125.398076298454299, -8.796393093626767 ] } },
{ "type": "Feature", "properties": { "id": 2562, "alert_type": "Deforestation/Fire" }, "geometry": { "type": "Point", "coordinates": [ 125.267640919200147, -8.796572756683592 ] } },
{ "type": "Feature", "properties": { "id": 2563, "alert_type": "Deforestation/Fire" }, "geometry": { "type": "Point", "coordinates": [ 125.267820582256974, -8.796572756683592 ] } },
{ "type": "Feature", "properties": { "id": 2564, "alert_type": "Deforestation/Fire" }, "geometry": { "type": "Point", "coordinates": [ 125.288661496848547, -8.796572756683592 ] } },
{ "type": "Feature", "properties": { "id": 2565, "alert_type": "Deforestation/Fire" }, "geometry": { "type": "Point", "coordinates": [ 125.288841159905374, -8.796572756683592 ] } },
{ "type": "Feature", "properties": { "id": 2566, "alert_type": "Deforestation/Fire" }, "geometry": { "type": "Point", "coordinates": [ 125.2890208229622, -8.796572756683592 ] } },
{ "type": "Feature", "properties": { "id": 2567, "alert_type": "Deforestation/Fire" }, "geometry": { "type": "Point", "coordinates": [ 125.289200486019013, -8.796572756683592 ] } },
{ "type": "Feature", "properties": { "id": 2568, "alert_type": "Deforestation/Fire" }, "geometry": { "type": "Point", "coordinates": [ 125.289380149075839, -8.796572756683592 ] } },
{ "type": "Feature", "properties": { "id": 2569, "alert_type": "Deforestation/Fire" }, "geometry": { "type": "Point", "coordinates": [ 125.289559812132666, -8.796572756683592 ] } },
{ "type": "Feature", "properties": { "id": 2570, "alert_type": "Deforestation/Fire" }, "geometry": { "type": "Point", "coordinates": [ 125.361604697919049, -8.796572756683592 ] } },
{ "type": "Feature", "properties": { "id": 2571, "alert_type": "Deforestation/Fire" }, "geometry": { "type": "Point", "coordinates": [ 125.396279667886063, -8.796572756683592 ] } },
{ "type": "Feature", "properties": { "id": 2572, "alert_type": "Deforestation/Fire" }, "geometry": { "type": "Point", "coordinates": [ 125.396998320113354, -8.796572756683592 ] } },
{ "type": "Feature", "properties": { "id": 2573, "alert_type": "Deforestation/Fire" }, "geometry": { "type": "Point", "coordinates": [ 125.288661496848547, -8.796752419740415 ] } },
{ "type": "Feature", "properties": { "id": 2574, "alert_type": "Deforestation/Fire" }, "geometry": { "type": "Point", "coordinates": [ 125.288841159905374, -8.796752419740415 ] } },
{ "type": "Feature", "properties": { "id": 2575, "alert_type": "Deforestation/Fire" }, "geometry": { "type": "Point", "coordinates": [ 125.2890208229622, -8.796752419740415 ] } },
{ "type": "Feature", "properties": { "id": 2576, "alert_type": "Deforestation/Fire" }, "geometry": { "type": "Point", "coordinates": [ 125.289200486019013, -8.796752419740415 ] } },
{ "type": "Feature", "properties": { "id": 2577, "alert_type": "Deforestation/Fire" }, "geometry": { "type": "Point", "coordinates": [ 125.289380149075839, -8.796752419740415 ] } },
{ "type": "Feature", "properties": { "id": 2578, "alert_type": "Deforestation/Fire" }, "geometry": { "type": "Point", "coordinates": [ 125.399693265965723, -8.796752419740415 ] } },
{ "type": "Feature", "properties": { "id": 2579, "alert_type": "Deforestation/Fire" }, "geometry": { "type": "Point", "coordinates": [ 125.434907225103203, -8.796752419740415 ] } },
{ "type": "Feature", "properties": { "id": 2580, "alert_type": "Deforestation/Fire" }, "geometry": { "type": "Point", "coordinates": [ 125.448381954365004, -8.796752419740415 ] } },
{ "type": "Feature", "properties": { "id": 2581, "alert_type": "Deforestation/Fire" }, "geometry": { "type": "Point", "coordinates": [ 125.449280269649122, -8.796752419740415 ] } },
{ "type": "Feature", "properties": { "id": 2582, "alert_type": "Deforestation/Fire" }, "geometry": { "type": "Point", "coordinates": [ 125.288661496848547, -8.796932082797239 ] } },
{ "type": "Feature", "properties": { "id": 2583, "alert_type": "Deforestation/Fire" }, "geometry": { "type": "Point", "coordinates": [ 125.288841159905374, -8.796932082797239 ] } },
{ "type": "Feature", "properties": { "id": 2584, "alert_type": "Deforestation/Fire" }, "geometry": { "type": "Point", "coordinates": [ 125.2890208229622, -8.796932082797239 ] } },
{ "type": "Feature", "properties": { "id": 2585, "alert_type": "Deforestation/Fire" }, "geometry": { "type": "Point", "coordinates": [ 125.289200486019013, -8.796932082797239 ] } },
{ "type": "Feature", "properties": { "id": 2586, "alert_type": "Deforestation/Fire" }, "geometry": { "type": "Point", "coordinates": [ 125.307166791701405, -8.796932082797239 ] } },
{ "type": "Feature", "properties": { "id": 2587, "alert_type": "Deforestation/Fire" }, "geometry": { "type": "Point", "coordinates": [ 125.336092543850057, -8.796932082797239 ] } },
{ "type": "Feature", "properties": { "id": 2588, "alert_type": "Deforestation/Fire" }, "geometry": { "type": "Point", "coordinates": [ 125.363042002373646, -8.796932082797239 ] } },
{ "type": "Feature", "properties": { "id": 2589, "alert_type": "Deforestation/Fire" }, "geometry": { "type": "Point", "coordinates": [ 125.365557285169174, -8.796932082797239 ] } },
{ "type": "Feature", "properties": { "id": 2590, "alert_type": "Deforestation/Fire" }, "geometry": { "type": "Point", "coordinates": [ 125.365736948226001, -8.796932082797239 ] } },
{ "type": "Feature", "properties": { "id": 2591, "alert_type": "Deforestation/Fire" }, "geometry": { "type": "Point", "coordinates": [ 125.396818657056542, -8.796932082797239 ] } },
{ "type": "Feature", "properties": { "id": 2592, "alert_type": "Deforestation/Fire" }, "geometry": { "type": "Point", "coordinates": [ 125.399513602908897, -8.796932082797239 ] } },
{ "type": "Feature", "properties": { "id": 2593, "alert_type": "Deforestation/Fire" }, "geometry": { "type": "Point", "coordinates": [ 125.399693265965723, -8.796932082797239 ] } },
{ "type": "Feature", "properties": { "id": 2594, "alert_type": "Deforestation/Fire" }, "geometry": { "type": "Point", "coordinates": [ 125.39987292902255, -8.796932082797239 ] } },
{ "type": "Feature", "properties": { "id": 2595, "alert_type": "Deforestation/Fire" }, "geometry": { "type": "Point", "coordinates": [ 125.451795552444651, -8.796932082797239 ] } },
{ "type": "Feature", "properties": { "id": 2596, "alert_type": "Deforestation/Fire" }, "geometry": { "type": "Point", "coordinates": [ 125.268179908370627, -8.797111745854062 ] } },
{ "type": "Feature", "properties": { "id": 2597, "alert_type": "Deforestation/Fire" }, "geometry": { "type": "Point", "coordinates": [ 125.32585174961109, -8.797111745854062 ] } },
{ "type": "Feature", "properties": { "id": 2598, "alert_type": "Deforestation/Fire" }, "geometry": { "type": "Point", "coordinates": [ 125.333936587168168, -8.797111745854062 ] } },
{ "type": "Feature", "properties": { "id": 2599, "alert_type": "Deforestation/Fire" }, "geometry": { "type": "Point", "coordinates": [ 125.334295913281821, -8.797111745854062 ] } },
{ "type": "Feature", "properties": { "id": 2600, "alert_type": "Deforestation/Fire" }, "geometry": { "type": "Point", "coordinates": [ 125.363760654600938, -8.797111745854062 ] } },
{ "type": "Feature", "properties": { "id": 2601, "alert_type": "Deforestation/Fire" }, "geometry": { "type": "Point", "coordinates": [ 125.365377622112348, -8.797111745854062 ] } },
{ "type": "Feature", "properties": { "id": 2602, "alert_type": "Deforestation/Fire" }, "geometry": { "type": "Point", "coordinates": [ 125.45233454161513, -8.797111745854062 ] } },
{ "type": "Feature", "properties": { "id": 2603, "alert_type": "Deforestation/Fire" }, "geometry": { "type": "Point", "coordinates": [ 125.269257886711571, -8.797291408910887 ] } },
{ "type": "Feature", "properties": { "id": 2604, "alert_type": "Deforestation/Fire" }, "geometry": { "type": "Point", "coordinates": [ 125.362323350146355, -8.797291408910887 ] } },
{ "type": "Feature", "properties": { "id": 2605, "alert_type": "Deforestation/Fire" }, "geometry": { "type": "Point", "coordinates": [ 125.363760654600938, -8.797291408910887 ] } },
{ "type": "Feature", "properties": { "id": 2606, "alert_type": "Deforestation/Fire" }, "geometry": { "type": "Point", "coordinates": [ 125.399693265965723, -8.797291408910887 ] } },
{ "type": "Feature", "properties": { "id": 2607, "alert_type": "Deforestation/Fire" }, "geometry": { "type": "Point", "coordinates": [ 125.39987292902255, -8.797291408910887 ] } },
{ "type": "Feature", "properties": { "id": 2608, "alert_type": "Deforestation/Fire" }, "geometry": { "type": "Point", "coordinates": [ 125.434907225103203, -8.797291408910887 ] } },
{ "type": "Feature", "properties": { "id": 2609, "alert_type": "Deforestation/Fire" }, "geometry": { "type": "Point", "coordinates": [ 125.456826118035721, -8.797291408910887 ] } },
{ "type": "Feature", "properties": { "id": 2610, "alert_type": "Deforestation/Fire" }, "geometry": { "type": "Point", "coordinates": [ 125.267640919200147, -8.79747107196771 ] } },
{ "type": "Feature", "properties": { "id": 2611, "alert_type": "Deforestation/Fire" }, "geometry": { "type": "Point", "coordinates": [ 125.271413843393447, -8.79747107196771 ] } },
{ "type": "Feature", "properties": { "id": 2612, "alert_type": "Deforestation/Fire" }, "geometry": { "type": "Point", "coordinates": [ 125.271593506450273, -8.79747107196771 ] } },
{ "type": "Feature", "properties": { "id": 2613, "alert_type": "Deforestation/Fire" }, "geometry": { "type": "Point", "coordinates": [ 125.2717731695071, -8.79747107196771 ] } },
{ "type": "Feature", "properties": { "id": 2614, "alert_type": "Deforestation/Fire" }, "geometry": { "type": "Point", "coordinates": [ 125.363221665430473, -8.79747107196771 ] } },
{ "type": "Feature", "properties": { "id": 2615, "alert_type": "Deforestation/Fire" }, "geometry": { "type": "Point", "coordinates": [ 125.388194830328985, -8.79747107196771 ] } },
{ "type": "Feature", "properties": { "id": 2616, "alert_type": "Deforestation/Fire" }, "geometry": { "type": "Point", "coordinates": [ 125.397357646227007, -8.79747107196771 ] } },
{ "type": "Feature", "properties": { "id": 2617, "alert_type": "Deforestation/Fire" }, "geometry": { "type": "Point", "coordinates": [ 125.267640919200147, -8.797650735024535 ] } },
{ "type": "Feature", "properties": { "id": 2618, "alert_type": "Deforestation/Fire" }, "geometry": { "type": "Point", "coordinates": [ 125.336092543850057, -8.797650735024535 ] } },
{ "type": "Feature", "properties": { "id": 2619, "alert_type": "Deforestation/Fire" }, "geometry": { "type": "Point", "coordinates": [ 125.364299643771417, -8.797650735024535 ] } },
{ "type": "Feature", "properties": { "id": 2620, "alert_type": "Deforestation/Fire" }, "geometry": { "type": "Point", "coordinates": [ 125.433110594534966, -8.797650735024535 ] } },
{ "type": "Feature", "properties": { "id": 2621, "alert_type": "Deforestation/Fire" }, "geometry": { "type": "Point", "coordinates": [ 125.269976538938863, -8.797830398081357 ] } },
{ "type": "Feature", "properties": { "id": 2622, "alert_type": "Deforestation/Fire" }, "geometry": { "type": "Point", "coordinates": [ 125.363760654600938, -8.797830398081357 ] } },
{ "type": "Feature", "properties": { "id": 2623, "alert_type": "Deforestation/Fire" }, "geometry": { "type": "Point", "coordinates": [ 125.364119980714591, -8.797830398081357 ] } },
{ "type": "Feature", "properties": { "id": 2624, "alert_type": "Deforestation/Fire" }, "geometry": { "type": "Point", "coordinates": [ 125.391608428408645, -8.797830398081357 ] } },
{ "type": "Feature", "properties": { "id": 2625, "alert_type": "Deforestation/Fire" }, "geometry": { "type": "Point", "coordinates": [ 125.398435624567952, -8.797830398081357 ] } },
{ "type": "Feature", "properties": { "id": 2626, "alert_type": "Deforestation/Fire" }, "geometry": { "type": "Point", "coordinates": [ 125.269976538938863, -8.798010061138182 ] } },
{ "type": "Feature", "properties": { "id": 2627, "alert_type": "Deforestation/Fire" }, "geometry": { "type": "Point", "coordinates": [ 125.296207345235146, -8.798010061138182 ] } },
{ "type": "Feature", "properties": { "id": 2628, "alert_type": "Deforestation/Fire" }, "geometry": { "type": "Point", "coordinates": [ 125.296387008291973, -8.798010061138182 ] } },
{ "type": "Feature", "properties": { "id": 2629, "alert_type": "Deforestation/Fire" }, "geometry": { "type": "Point", "coordinates": [ 125.407059451295495, -8.798010061138182 ] } },
{ "type": "Feature", "properties": { "id": 2630, "alert_type": "Deforestation/Fire" }, "geometry": { "type": "Point", "coordinates": [ 125.428798681171187, -8.798010061138182 ] } },
{ "type": "Feature", "properties": { "id": 2631, "alert_type": "Deforestation/Fire" }, "geometry": { "type": "Point", "coordinates": [ 125.430235985625785, -8.798010061138182 ] } },
{ "type": "Feature", "properties": { "id": 2632, "alert_type": "Deforestation/Fire" }, "geometry": { "type": "Point", "coordinates": [ 125.430415648682612, -8.798010061138182 ] } },
{ "type": "Feature", "properties": { "id": 2633, "alert_type": "Deforestation/Fire" }, "geometry": { "type": "Point", "coordinates": [ 125.430595311739438, -8.798010061138182 ] } },
{ "type": "Feature", "properties": { "id": 2634, "alert_type": "Deforestation/Fire" }, "geometry": { "type": "Point", "coordinates": [ 125.296387008291973, -8.798189724195007 ] } },
{ "type": "Feature", "properties": { "id": 2635, "alert_type": "Deforestation/Fire" }, "geometry": { "type": "Point", "coordinates": [ 125.296925997462452, -8.798189724195007 ] } },
{ "type": "Feature", "properties": { "id": 2636, "alert_type": "Deforestation/Fire" }, "geometry": { "type": "Point", "coordinates": [ 125.297105660519264, -8.798189724195007 ] } },
{ "type": "Feature", "properties": { "id": 2637, "alert_type": "Deforestation/Fire" }, "geometry": { "type": "Point", "coordinates": [ 125.297285323576091, -8.798189724195007 ] } },
{ "type": "Feature", "properties": { "id": 2638, "alert_type": "Deforestation/Fire" }, "geometry": { "type": "Point", "coordinates": [ 125.303573530564933, -8.798189724195007 ] } },
{ "type": "Feature", "properties": { "id": 2639, "alert_type": "Deforestation/Fire" }, "geometry": { "type": "Point", "coordinates": [ 125.324773771270145, -8.798189724195007 ] } },
{ "type": "Feature", "properties": { "id": 2640, "alert_type": "Deforestation/Fire" }, "geometry": { "type": "Point", "coordinates": [ 125.333936587168168, -8.798189724195007 ] } },
{ "type": "Feature", "properties": { "id": 2641, "alert_type": "Deforestation/Fire" }, "geometry": { "type": "Point", "coordinates": [ 125.397357646227007, -8.798189724195007 ] } },
{ "type": "Feature", "properties": { "id": 2642, "alert_type": "Deforestation/Fire" }, "geometry": { "type": "Point", "coordinates": [ 125.400052592079362, -8.798189724195007 ] } },
{ "type": "Feature", "properties": { "id": 2643, "alert_type": "Deforestation/Fire" }, "geometry": { "type": "Point", "coordinates": [ 125.429696996455306, -8.798189724195007 ] } },
{ "type": "Feature", "properties": { "id": 2644, "alert_type": "Deforestation/Fire" }, "geometry": { "type": "Point", "coordinates": [ 125.430056322568959, -8.798189724195007 ] } },
{ "type": "Feature", "properties": { "id": 2645, "alert_type": "Deforestation/Fire" }, "geometry": { "type": "Point", "coordinates": [ 125.433290257591793, -8.79836938725183 ] } },
{ "type": "Feature", "properties": { "id": 2646, "alert_type": "Deforestation/Fire" }, "geometry": { "type": "Point", "coordinates": [ 125.299800606371633, -8.798549050308655 ] } },
{ "type": "Feature", "properties": { "id": 2647, "alert_type": "Deforestation/Fire" }, "geometry": { "type": "Point", "coordinates": [ 125.363401328487285, -8.798549050308655 ] } },
{ "type": "Feature", "properties": { "id": 2648, "alert_type": "Deforestation/Fire" }, "geometry": { "type": "Point", "coordinates": [ 125.389452471726756, -8.798549050308655 ] } },
{ "type": "Feature", "properties": { "id": 2649, "alert_type": "Deforestation/Fire" }, "geometry": { "type": "Point", "coordinates": [ 125.399513602908897, -8.798549050308655 ] } },
{ "type": "Feature", "properties": { "id": 2650, "alert_type": "Deforestation/Fire" }, "geometry": { "type": "Point", "coordinates": [ 125.433110594534966, -8.798549050308655 ] } },
{ "type": "Feature", "properties": { "id": 2651, "alert_type": "Deforestation/Fire" }, "geometry": { "type": "Point", "coordinates": [ 125.456826118035721, -8.798549050308655 ] } },
{ "type": "Feature", "properties": { "id": 2652, "alert_type": "Deforestation/Fire" }, "geometry": { "type": "Point", "coordinates": [ 125.457005781092548, -8.798549050308655 ] } },
{ "type": "Feature", "properties": { "id": 2653, "alert_type": "Deforestation/Fire" }, "geometry": { "type": "Point", "coordinates": [ 125.298902291087515, -8.798728713365477 ] } },
{ "type": "Feature", "properties": { "id": 2654, "alert_type": "Deforestation/Fire" }, "geometry": { "type": "Point", "coordinates": [ 125.299620943314807, -8.798728713365477 ] } },
{ "type": "Feature", "properties": { "id": 2655, "alert_type": "Deforestation/Fire" }, "geometry": { "type": "Point", "coordinates": [ 125.299800606371633, -8.798728713365477 ] } },
{ "type": "Feature", "properties": { "id": 2656, "alert_type": "Deforestation/Fire" }, "geometry": { "type": "Point", "coordinates": [ 125.363580991544111, -8.798728713365477 ] } },
{ "type": "Feature", "properties": { "id": 2657, "alert_type": "Deforestation/Fire" }, "geometry": { "type": "Point", "coordinates": [ 125.390889776181353, -8.798728713365477 ] } },
{ "type": "Feature", "properties": { "id": 2658, "alert_type": "Deforestation/Fire" }, "geometry": { "type": "Point", "coordinates": [ 125.405622146840912, -8.798728713365477 ] } },
{ "type": "Feature", "properties": { "id": 2659, "alert_type": "Deforestation/Fire" }, "geometry": { "type": "Point", "coordinates": [ 125.406700125181857, -8.798728713365477 ] } },
{ "type": "Feature", "properties": { "id": 2660, "alert_type": "Deforestation/Fire" }, "geometry": { "type": "Point", "coordinates": [ 125.407598440465975, -8.798728713365477 ] } },
{ "type": "Feature", "properties": { "id": 2661, "alert_type": "Deforestation/Fire" }, "geometry": { "type": "Point", "coordinates": [ 125.407957766579614, -8.798728713365477 ] } },
{ "type": "Feature", "properties": { "id": 2662, "alert_type": "Deforestation/Fire" }, "geometry": { "type": "Point", "coordinates": [ 125.299081954144327, -8.798908376422302 ] } },
{ "type": "Feature", "properties": { "id": 2663, "alert_type": "Deforestation/Fire" }, "geometry": { "type": "Point", "coordinates": [ 125.29944128025798, -8.798908376422302 ] } },
{ "type": "Feature", "properties": { "id": 2664, "alert_type": "Deforestation/Fire" }, "geometry": { "type": "Point", "coordinates": [ 125.390889776181353, -8.798908376422302 ] } },
{ "type": "Feature", "properties": { "id": 2665, "alert_type": "Deforestation/Fire" }, "geometry": { "type": "Point", "coordinates": [ 125.403286527102196, -8.798908376422302 ] } },
{ "type": "Feature", "properties": { "id": 2666, "alert_type": "Deforestation/Fire" }, "geometry": { "type": "Point", "coordinates": [ 125.405801809897739, -8.798908376422302 ] } },
{ "type": "Feature", "properties": { "id": 2667, "alert_type": "Deforestation/Fire" }, "geometry": { "type": "Point", "coordinates": [ 125.405981472954551, -8.798908376422302 ] } },
{ "type": "Feature", "properties": { "id": 2668, "alert_type": "Deforestation/Fire" }, "geometry": { "type": "Point", "coordinates": [ 125.40652046212503, -8.798908376422302 ] } },
{ "type": "Feature", "properties": { "id": 2669, "alert_type": "Deforestation/Fire" }, "geometry": { "type": "Point", "coordinates": [ 125.406700125181857, -8.798908376422302 ] } },
{ "type": "Feature", "properties": { "id": 2670, "alert_type": "Deforestation/Fire" }, "geometry": { "type": "Point", "coordinates": [ 125.406879788238669, -8.798908376422302 ] } },
{ "type": "Feature", "properties": { "id": 2671, "alert_type": "Deforestation/Fire" }, "geometry": { "type": "Point", "coordinates": [ 125.433290257591793, -8.798908376422302 ] } },
{ "type": "Feature", "properties": { "id": 2672, "alert_type": "Deforestation/Fire" }, "geometry": { "type": "Point", "coordinates": [ 125.277702050382288, -8.799088039479125 ] } },
{ "type": "Feature", "properties": { "id": 2673, "alert_type": "Deforestation/Fire" }, "geometry": { "type": "Point", "coordinates": [ 125.390710113124527, -8.799088039479125 ] } },
{ "type": "Feature", "properties": { "id": 2674, "alert_type": "Deforestation/Fire" }, "geometry": { "type": "Point", "coordinates": [ 125.403825516272676, -8.799088039479125 ] } },
{ "type": "Feature", "properties": { "id": 2675, "alert_type": "Deforestation/Fire" }, "geometry": { "type": "Point", "coordinates": [ 125.405622146840912, -8.799088039479125 ] } },
{ "type": "Feature", "properties": { "id": 2676, "alert_type": "Deforestation/Fire" }, "geometry": { "type": "Point", "coordinates": [ 125.405801809897739, -8.799088039479125 ] } },
{ "type": "Feature", "properties": { "id": 2677, "alert_type": "Deforestation/Fire" }, "geometry": { "type": "Point", "coordinates": [ 125.405981472954551, -8.799088039479125 ] } },
{ "type": "Feature", "properties": { "id": 2678, "alert_type": "Deforestation/Fire" }, "geometry": { "type": "Point", "coordinates": [ 125.432032616194022, -8.799088039479125 ] } },
{ "type": "Feature", "properties": { "id": 2679, "alert_type": "Deforestation/Fire" }, "geometry": { "type": "Point", "coordinates": [ 125.402208548761251, -8.79926770253595 ] } },
{ "type": "Feature", "properties": { "id": 2680, "alert_type": "Deforestation/Fire" }, "geometry": { "type": "Point", "coordinates": [ 125.403825516272676, -8.79926770253595 ] } },
{ "type": "Feature", "properties": { "id": 2681, "alert_type": "Deforestation/Fire" }, "geometry": { "type": "Point", "coordinates": [ 125.404005179329488, -8.79926770253595 ] } },
{ "type": "Feature", "properties": { "id": 2682, "alert_type": "Deforestation/Fire" }, "geometry": { "type": "Point", "coordinates": [ 125.404364505443141, -8.79926770253595 ] } },
{ "type": "Feature", "properties": { "id": 2683, "alert_type": "Deforestation/Fire" }, "geometry": { "type": "Point", "coordinates": [ 125.407778103522801, -8.799447365592773 ] } },
{ "type": "Feature", "properties": { "id": 2684, "alert_type": "Deforestation/Fire" }, "geometry": { "type": "Point", "coordinates": [ 125.43293093147814, -8.799447365592773 ] } },
{ "type": "Feature", "properties": { "id": 2685, "alert_type": "Deforestation/Fire" }, "geometry": { "type": "Point", "coordinates": [ 125.433290257591793, -8.799447365592773 ] } },
{ "type": "Feature", "properties": { "id": 2686, "alert_type": "Deforestation/Fire" }, "geometry": { "type": "Point", "coordinates": [ 125.269078223654745, -8.799627028649597 ] } },
{ "type": "Feature", "properties": { "id": 2687, "alert_type": "Deforestation/Fire" }, "geometry": { "type": "Point", "coordinates": [ 125.269976538938863, -8.799627028649597 ] } },
{ "type": "Feature", "properties": { "id": 2688, "alert_type": "Deforestation/Fire" }, "geometry": { "type": "Point", "coordinates": [ 125.402208548761251, -8.799627028649597 ] } },
{ "type": "Feature", "properties": { "id": 2689, "alert_type": "Deforestation/Fire" }, "geometry": { "type": "Point", "coordinates": [ 125.430954637853077, -8.799627028649597 ] } },
{ "type": "Feature", "properties": { "id": 2690, "alert_type": "Deforestation/Fire" }, "geometry": { "type": "Point", "coordinates": [ 125.271593506450273, -8.79980669170642 ] } },
{ "type": "Feature", "properties": { "id": 2691, "alert_type": "Deforestation/Fire" }, "geometry": { "type": "Point", "coordinates": [ 125.388015167272172, -8.799986354763245 ] } },
{ "type": "Feature", "properties": { "id": 2692, "alert_type": "Deforestation/Fire" }, "geometry": { "type": "Point", "coordinates": [ 125.264227321120501, -8.80016601782007 ] } },
{ "type": "Feature", "properties": { "id": 2693, "alert_type": "Deforestation/Fire" }, "geometry": { "type": "Point", "coordinates": [ 125.387655841158519, -8.80016601782007 ] } },
{ "type": "Feature", "properties": { "id": 2694, "alert_type": "Deforestation/Fire" }, "geometry": { "type": "Point", "coordinates": [ 125.409934060204677, -8.80016601782007 ] } },
{ "type": "Feature", "properties": { "id": 2695, "alert_type": "Deforestation/Fire" }, "geometry": { "type": "Point", "coordinates": [ 125.42915800728484, -8.80016601782007 ] } },
{ "type": "Feature", "properties": { "id": 2696, "alert_type": "Deforestation/Fire" }, "geometry": { "type": "Point", "coordinates": [ 125.429337670341667, -8.80016601782007 ] } },
{ "type": "Feature", "properties": { "id": 2697, "alert_type": "Deforestation/Fire" }, "geometry": { "type": "Point", "coordinates": [ 125.432032616194022, -8.80016601782007 ] } },
{ "type": "Feature", "properties": { "id": 2698, "alert_type": "Deforestation/Fire" }, "geometry": { "type": "Point", "coordinates": [ 125.397537309283834, -8.800345680876893 ] } },
{ "type": "Feature", "properties": { "id": 2699, "alert_type": "Deforestation/Fire" }, "geometry": { "type": "Point", "coordinates": [ 125.39771697234066, -8.800345680876893 ] } },
{ "type": "Feature", "properties": { "id": 2700, "alert_type": "Deforestation/Fire" }, "geometry": { "type": "Point", "coordinates": [ 125.269437549768384, -8.800525343933717 ] } },
{ "type": "Feature", "properties": { "id": 2701, "alert_type": "Deforestation/Fire" }, "geometry": { "type": "Point", "coordinates": [ 125.383164264737914, -8.800525343933717 ] } },
{ "type": "Feature", "properties": { "id": 2702, "alert_type": "Deforestation/Fire" }, "geometry": { "type": "Point", "coordinates": [ 125.387296515044866, -8.800525343933717 ] } },
{ "type": "Feature", "properties": { "id": 2703, "alert_type": "Deforestation/Fire" }, "geometry": { "type": "Point", "coordinates": [ 125.398435624567952, -8.800525343933717 ] } },
{ "type": "Feature", "properties": { "id": 2704, "alert_type": "Deforestation/Fire" }, "geometry": { "type": "Point", "coordinates": [ 125.399154276795244, -8.800525343933717 ] } },
{ "type": "Feature", "properties": { "id": 2705, "alert_type": "Deforestation/Fire" }, "geometry": { "type": "Point", "coordinates": [ 125.428619018114375, -8.800525343933717 ] } },
{ "type": "Feature", "properties": { "id": 2706, "alert_type": "Deforestation/Fire" }, "geometry": { "type": "Point", "coordinates": [ 125.431134300909903, -8.800525343933717 ] } },
{ "type": "Feature", "properties": { "id": 2707, "alert_type": "Deforestation/Fire" }, "geometry": { "type": "Point", "coordinates": [ 125.430235985625785, -8.80070500699054 ] } },
{ "type": "Feature", "properties": { "id": 2708, "alert_type": "Deforestation/Fire" }, "geometry": { "type": "Point", "coordinates": [ 125.43131396396673, -8.80070500699054 ] } },
{ "type": "Feature", "properties": { "id": 2709, "alert_type": "Deforestation/Fire" }, "geometry": { "type": "Point", "coordinates": [ 125.272312158677565, -8.800884670047365 ] } },
{ "type": "Feature", "properties": { "id": 2710, "alert_type": "Deforestation/Fire" }, "geometry": { "type": "Point", "coordinates": [ 125.41191035382974, -8.800884670047365 ] } },
{ "type": "Feature", "properties": { "id": 2711, "alert_type": "Deforestation/Fire" }, "geometry": { "type": "Point", "coordinates": [ 125.415683278023053, -8.800884670047365 ] } },
{ "type": "Feature", "properties": { "id": 2712, "alert_type": "Deforestation/Fire" }, "geometry": { "type": "Point", "coordinates": [ 125.2927937471555, -8.801064333104188 ] } },
{ "type": "Feature", "properties": { "id": 2713, "alert_type": "Deforestation/Fire" }, "geometry": { "type": "Point", "coordinates": [ 125.411551027716101, -8.801064333104188 ] } },
{ "type": "Feature", "properties": { "id": 2714, "alert_type": "Deforestation/Fire" }, "geometry": { "type": "Point", "coordinates": [ 125.292614084098673, -8.801243996161013 ] } },
{ "type": "Feature", "properties": { "id": 2715, "alert_type": "Deforestation/Fire" }, "geometry": { "type": "Point", "coordinates": [ 125.2927937471555, -8.801243996161013 ] } },
{ "type": "Feature", "properties": { "id": 2716, "alert_type": "Deforestation/Fire" }, "geometry": { "type": "Point", "coordinates": [ 125.375438753294489, -8.801243996161013 ] } },
{ "type": "Feature", "properties": { "id": 2717, "alert_type": "Deforestation/Fire" }, "geometry": { "type": "Point", "coordinates": [ 125.377235383862725, -8.801243996161013 ] } },
{ "type": "Feature", "properties": { "id": 2718, "alert_type": "Deforestation/Fire" }, "geometry": { "type": "Point", "coordinates": [ 125.427361376716604, -8.801243996161013 ] } },
{ "type": "Feature", "properties": { "id": 2719, "alert_type": "Deforestation/Fire" }, "geometry": { "type": "Point", "coordinates": [ 125.428619018114375, -8.801243996161013 ] } },
{ "type": "Feature", "properties": { "id": 2720, "alert_type": "Deforestation/Fire" }, "geometry": { "type": "Point", "coordinates": [ 125.428798681171187, -8.801243996161013 ] } },
{ "type": "Feature", "properties": { "id": 2721, "alert_type": "Deforestation/Fire" }, "geometry": { "type": "Point", "coordinates": [ 125.272851147848044, -8.801423659217836 ] } },
{ "type": "Feature", "properties": { "id": 2722, "alert_type": "Deforestation/Fire" }, "geometry": { "type": "Point", "coordinates": [ 125.273210473961697, -8.801423659217836 ] } },
{ "type": "Feature", "properties": { "id": 2723, "alert_type": "Deforestation/Fire" }, "geometry": { "type": "Point", "coordinates": [ 125.290817453530437, -8.801423659217836 ] } },
{ "type": "Feature", "properties": { "id": 2724, "alert_type": "Deforestation/Fire" }, "geometry": { "type": "Point", "coordinates": [ 125.292614084098673, -8.801423659217836 ] } },
{ "type": "Feature", "properties": { "id": 2725, "alert_type": "Deforestation/Fire" }, "geometry": { "type": "Point", "coordinates": [ 125.39771697234066, -8.801423659217836 ] } },
{ "type": "Feature", "properties": { "id": 2726, "alert_type": "Deforestation/Fire" }, "geometry": { "type": "Point", "coordinates": [ 125.428259692000722, -8.801423659217836 ] } },
{ "type": "Feature", "properties": { "id": 2727, "alert_type": "Deforestation/Fire" }, "geometry": { "type": "Point", "coordinates": [ 125.272671484791218, -8.80160332227466 ] } },
{ "type": "Feature", "properties": { "id": 2728, "alert_type": "Deforestation/Fire" }, "geometry": { "type": "Point", "coordinates": [ 125.272851147848044, -8.80160332227466 ] } },
{ "type": "Feature", "properties": { "id": 2729, "alert_type": "Deforestation/Fire" }, "geometry": { "type": "Point", "coordinates": [ 125.39771697234066, -8.80160332227466 ] } },
{ "type": "Feature", "properties": { "id": 2730, "alert_type": "Deforestation/Fire" }, "geometry": { "type": "Point", "coordinates": [ 125.374720101067197, -8.801782985331483 ] } },
{ "type": "Feature", "properties": { "id": 2731, "alert_type": "Deforestation/Fire" }, "geometry": { "type": "Point", "coordinates": [ 125.385140558362977, -8.801782985331483 ] } },
{ "type": "Feature", "properties": { "id": 2732, "alert_type": "Deforestation/Fire" }, "geometry": { "type": "Point", "coordinates": [ 125.273749463132162, -8.801962648388308 ] } },
{ "type": "Feature", "properties": { "id": 2733, "alert_type": "Deforestation/Fire" }, "geometry": { "type": "Point", "coordinates": [ 125.274108789245815, -8.801962648388308 ] } },
{ "type": "Feature", "properties": { "id": 2734, "alert_type": "Deforestation/Fire" }, "geometry": { "type": "Point", "coordinates": [ 125.397177983170181, -8.801962648388308 ] } },
{ "type": "Feature", "properties": { "id": 2735, "alert_type": "Deforestation/Fire" }, "geometry": { "type": "Point", "coordinates": [ 125.429696996455306, -8.801962648388308 ] } },
{ "type": "Feature", "properties": { "id": 2736, "alert_type": "Deforestation/Fire" }, "geometry": { "type": "Point", "coordinates": [ 125.464551629479146, -8.801962648388308 ] } },
{ "type": "Feature", "properties": { "id": 2737, "alert_type": "Deforestation/Fire" }, "geometry": { "type": "Point", "coordinates": [ 125.429696996455306, -8.802142311445133 ] } },
{ "type": "Feature", "properties": { "id": 2738, "alert_type": "Deforestation/Fire" }, "geometry": { "type": "Point", "coordinates": [ 125.430235985625785, -8.802142311445133 ] } },
{ "type": "Feature", "properties": { "id": 2739, "alert_type": "Deforestation/Fire" }, "geometry": { "type": "Point", "coordinates": [ 125.297464986632917, -8.802321974501956 ] } },
{ "type": "Feature", "properties": { "id": 2740, "alert_type": "Deforestation/Fire" }, "geometry": { "type": "Point", "coordinates": [ 125.294770040780563, -8.80250163755878 ] } },
{ "type": "Feature", "properties": { "id": 2741, "alert_type": "Deforestation/Fire" }, "geometry": { "type": "Point", "coordinates": [ 125.30159723693987, -8.80250163755878 ] } },
{ "type": "Feature", "properties": { "id": 2742, "alert_type": "Deforestation/Fire" }, "geometry": { "type": "Point", "coordinates": [ 125.430056322568959, -8.80250163755878 ] } },
{ "type": "Feature", "properties": { "id": 2743, "alert_type": "Deforestation/Fire" }, "geometry": { "type": "Point", "coordinates": [ 125.302136226110335, -8.802681300615603 ] } },
{ "type": "Feature", "properties": { "id": 2744, "alert_type": "Deforestation/Fire" }, "geometry": { "type": "Point", "coordinates": [ 125.392506743692763, -8.802681300615603 ] } },
{ "type": "Feature", "properties": { "id": 2745, "alert_type": "Deforestation/Fire" }, "geometry": { "type": "Point", "coordinates": [ 125.298902291087515, -8.802860963672428 ] } },
{ "type": "Feature", "properties": { "id": 2746, "alert_type": "Deforestation/Fire" }, "geometry": { "type": "Point", "coordinates": [ 125.299081954144327, -8.802860963672428 ] } },
{ "type": "Feature", "properties": { "id": 2747, "alert_type": "Deforestation/Fire" }, "geometry": { "type": "Point", "coordinates": [ 125.300698921655751, -8.802860963672428 ] } },
{ "type": "Feature", "properties": { "id": 2748, "alert_type": "Deforestation/Fire" }, "geometry": { "type": "Point", "coordinates": [ 125.30105824776939, -8.802860963672428 ] } },
{ "type": "Feature", "properties": { "id": 2749, "alert_type": "Deforestation/Fire" }, "geometry": { "type": "Point", "coordinates": [ 125.294051388553271, -8.803040626729251 ] } },
{ "type": "Feature", "properties": { "id": 2750, "alert_type": "Deforestation/Fire" }, "geometry": { "type": "Point", "coordinates": [ 125.296566671348799, -8.803040626729251 ] } },
{ "type": "Feature", "properties": { "id": 2751, "alert_type": "Deforestation/Fire" }, "geometry": { "type": "Point", "coordinates": [ 125.302854878337641, -8.803040626729251 ] } },
{ "type": "Feature", "properties": { "id": 2752, "alert_type": "Deforestation/Fire" }, "geometry": { "type": "Point", "coordinates": [ 125.394303374261, -8.803040626729251 ] } },
{ "type": "Feature", "properties": { "id": 2753, "alert_type": "Deforestation/Fire" }, "geometry": { "type": "Point", "coordinates": [ 125.428259692000722, -8.803040626729251 ] } },
{ "type": "Feature", "properties": { "id": 2754, "alert_type": "Deforestation/Fire" }, "geometry": { "type": "Point", "coordinates": [ 125.429876659512132, -8.803040626729251 ] } },
{ "type": "Feature", "properties": { "id": 2755, "alert_type": "Deforestation/Fire" }, "geometry": { "type": "Point", "coordinates": [ 125.275366430643572, -8.803220289786076 ] } },
{ "type": "Feature", "properties": { "id": 2756, "alert_type": "Deforestation/Fire" }, "geometry": { "type": "Point", "coordinates": [ 125.302854878337641, -8.803220289786076 ] } },
{ "type": "Feature", "properties": { "id": 2757, "alert_type": "Deforestation/Fire" }, "geometry": { "type": "Point", "coordinates": [ 125.393764385090535, -8.803220289786076 ] } },
{ "type": "Feature", "properties": { "id": 2758, "alert_type": "Deforestation/Fire" }, "geometry": { "type": "Point", "coordinates": [ 125.418557886932234, -8.803220289786076 ] } },
{ "type": "Feature", "properties": { "id": 2759, "alert_type": "Deforestation/Fire" }, "geometry": { "type": "Point", "coordinates": [ 125.418917213045873, -8.803220289786076 ] } },
{ "type": "Feature", "properties": { "id": 2760, "alert_type": "Deforestation/Fire" }, "geometry": { "type": "Point", "coordinates": [ 125.426822387546125, -8.803220289786076 ] } },
{ "type": "Feature", "properties": { "id": 2761, "alert_type": "Deforestation/Fire" }, "geometry": { "type": "Point", "coordinates": [ 125.429337670341667, -8.803220289786076 ] } },
{ "type": "Feature", "properties": { "id": 2762, "alert_type": "Deforestation/Fire" }, "geometry": { "type": "Point", "coordinates": [ 125.307166791701405, -8.803399952842899 ] } },
{ "type": "Feature", "properties": { "id": 2763, "alert_type": "Deforestation/Fire" }, "geometry": { "type": "Point", "coordinates": [ 125.393764385090535, -8.803579615899723 ] } },
{ "type": "Feature", "properties": { "id": 2764, "alert_type": "Deforestation/Fire" }, "geometry": { "type": "Point", "coordinates": [ 125.393944048147361, -8.803579615899723 ] } },
{ "type": "Feature", "properties": { "id": 2765, "alert_type": "Deforestation/Fire" }, "geometry": { "type": "Point", "coordinates": [ 125.429696996455306, -8.803579615899723 ] } },
{ "type": "Feature", "properties": { "id": 2766, "alert_type": "Deforestation/Fire" }, "geometry": { "type": "Point", "coordinates": [ 125.430235985625785, -8.803579615899723 ] } },
{ "type": "Feature", "properties": { "id": 2767, "alert_type": "Deforestation/Fire" }, "geometry": { "type": "Point", "coordinates": [ 125.287583518507603, -8.803759278956546 ] } },
{ "type": "Feature", "properties": { "id": 2768, "alert_type": "Deforestation/Fire" }, "geometry": { "type": "Point", "coordinates": [ 125.383343927794741, -8.803759278956546 ] } },
{ "type": "Feature", "properties": { "id": 2769, "alert_type": "Deforestation/Fire" }, "geometry": { "type": "Point", "coordinates": [ 125.385320221419803, -8.803759278956546 ] } },
{ "type": "Feature", "properties": { "id": 2770, "alert_type": "Deforestation/Fire" }, "geometry": { "type": "Point", "coordinates": [ 125.429337670341667, -8.803938942013371 ] } },
{ "type": "Feature", "properties": { "id": 2771, "alert_type": "Deforestation/Fire" }, "geometry": { "type": "Point", "coordinates": [ 125.275546093700399, -8.804477931183843 ] } },
{ "type": "Feature", "properties": { "id": 2772, "alert_type": "Deforestation/Fire" }, "geometry": { "type": "Point", "coordinates": [ 125.275725756757225, -8.804477931183843 ] } },
{ "type": "Feature", "properties": { "id": 2773, "alert_type": "Deforestation/Fire" }, "geometry": { "type": "Point", "coordinates": [ 125.291895431871382, -8.804477931183843 ] } },
{ "type": "Feature", "properties": { "id": 2774, "alert_type": "Deforestation/Fire" }, "geometry": { "type": "Point", "coordinates": [ 125.303034541394453, -8.804657594240666 ] } },
{ "type": "Feature", "properties": { "id": 2775, "alert_type": "Deforestation/Fire" }, "geometry": { "type": "Point", "coordinates": [ 125.42915800728484, -8.804657594240666 ] } },
{ "type": "Feature", "properties": { "id": 2776, "alert_type": "Deforestation/Fire" }, "geometry": { "type": "Point", "coordinates": [ 125.429517333398493, -8.804657594240666 ] } },
{ "type": "Feature", "properties": { "id": 2777, "alert_type": "Deforestation/Fire" }, "geometry": { "type": "Point", "coordinates": [ 125.429696996455306, -8.804657594240666 ] } },
{ "type": "Feature", "properties": { "id": 2778, "alert_type": "Deforestation/Fire" }, "geometry": { "type": "Point", "coordinates": [ 125.270335865052502, -8.804837257297491 ] } },
{ "type": "Feature", "properties": { "id": 2779, "alert_type": "Deforestation/Fire" }, "geometry": { "type": "Point", "coordinates": [ 125.433469920648619, -8.804837257297491 ] } },
{ "type": "Feature", "properties": { "id": 2780, "alert_type": "Deforestation/Fire" }, "geometry": { "type": "Point", "coordinates": [ 125.275905419814052, -8.805016920354314 ] } },
{ "type": "Feature", "properties": { "id": 2781, "alert_type": "Deforestation/Fire" }, "geometry": { "type": "Point", "coordinates": [ 125.42754103977343, -8.805016920354314 ] } },
{ "type": "Feature", "properties": { "id": 2782, "alert_type": "Deforestation/Fire" }, "geometry": { "type": "Point", "coordinates": [ 125.427720702830243, -8.805016920354314 ] } },
{ "type": "Feature", "properties": { "id": 2783, "alert_type": "Deforestation/Fire" }, "geometry": { "type": "Point", "coordinates": [ 125.428080028943896, -8.805016920354314 ] } },
{ "type": "Feature", "properties": { "id": 2784, "alert_type": "Deforestation/Fire" }, "geometry": { "type": "Point", "coordinates": [ 125.428798681171187, -8.805016920354314 ] } },
{ "type": "Feature", "properties": { "id": 2785, "alert_type": "Deforestation/Fire" }, "geometry": { "type": "Point", "coordinates": [ 125.427900365887069, -8.805196583411139 ] } },
{ "type": "Feature", "properties": { "id": 2786, "alert_type": "Deforestation/Fire" }, "geometry": { "type": "Point", "coordinates": [ 125.37669639469226, -8.805555909524786 ] } },
{ "type": "Feature", "properties": { "id": 2787, "alert_type": "Deforestation/Fire" }, "geometry": { "type": "Point", "coordinates": [ 125.376876057749087, -8.805555909524786 ] } },
{ "type": "Feature", "properties": { "id": 2788, "alert_type": "Deforestation/Fire" }, "geometry": { "type": "Point", "coordinates": [ 125.429337670341667, -8.805555909524786 ] } },
{ "type": "Feature", "properties": { "id": 2789, "alert_type": "Deforestation/Fire" }, "geometry": { "type": "Point", "coordinates": [ 125.469043205899752, -8.805555909524786 ] } },
{ "type": "Feature", "properties": { "id": 2790, "alert_type": "Deforestation/Fire" }, "geometry": { "type": "Point", "coordinates": [ 125.383523590851567, -8.805735572581611 ] } },
{ "type": "Feature", "properties": { "id": 2791, "alert_type": "Deforestation/Fire" }, "geometry": { "type": "Point", "coordinates": [ 125.429876659512132, -8.805735572581611 ] } },
{ "type": "Feature", "properties": { "id": 2792, "alert_type": "Deforestation/Fire" }, "geometry": { "type": "Point", "coordinates": [ 125.374720101067197, -8.805915235638434 ] } },
{ "type": "Feature", "properties": { "id": 2793, "alert_type": "Deforestation/Fire" }, "geometry": { "type": "Point", "coordinates": [ 125.428798681171187, -8.805915235638434 ] } },
{ "type": "Feature", "properties": { "id": 2794, "alert_type": "Deforestation/Fire" }, "geometry": { "type": "Point", "coordinates": [ 125.27015620199569, -8.806094898695259 ] } },
{ "type": "Feature", "properties": { "id": 2795, "alert_type": "Deforestation/Fire" }, "geometry": { "type": "Point", "coordinates": [ 125.374360774953544, -8.806094898695259 ] } },
{ "type": "Feature", "properties": { "id": 2796, "alert_type": "Deforestation/Fire" }, "geometry": { "type": "Point", "coordinates": [ 125.430056322568959, -8.806094898695259 ] } },
{ "type": "Feature", "properties": { "id": 2797, "alert_type": "Deforestation/Fire" }, "geometry": { "type": "Point", "coordinates": [ 125.373821785783079, -8.806274561752081 ] } },
{ "type": "Feature", "properties": { "id": 2798, "alert_type": "Deforestation/Fire" }, "geometry": { "type": "Point", "coordinates": [ 125.374181111896732, -8.806274561752081 ] } },
{ "type": "Feature", "properties": { "id": 2799, "alert_type": "Deforestation/Fire" }, "geometry": { "type": "Point", "coordinates": [ 125.374360774953544, -8.806274561752081 ] } },
{ "type": "Feature", "properties": { "id": 2800, "alert_type": "Deforestation/Fire" }, "geometry": { "type": "Point", "coordinates": [ 125.382625275567449, -8.806274561752081 ] } },
{ "type": "Feature", "properties": { "id": 2801, "alert_type": "Deforestation/Fire" }, "geometry": { "type": "Point", "coordinates": [ 125.388913482556291, -8.806274561752081 ] } },
{ "type": "Feature", "properties": { "id": 2802, "alert_type": "Deforestation/Fire" }, "geometry": { "type": "Point", "coordinates": [ 125.395561015658771, -8.806274561752081 ] } },
{ "type": "Feature", "properties": { "id": 2803, "alert_type": "Deforestation/Fire" }, "geometry": { "type": "Point", "coordinates": [ 125.423768115580117, -8.806274561752081 ] } },
{ "type": "Feature", "properties": { "id": 2804, "alert_type": "Deforestation/Fire" }, "geometry": { "type": "Point", "coordinates": [ 125.430056322568959, -8.806274561752081 ] } },
{ "type": "Feature", "properties": { "id": 2805, "alert_type": "Deforestation/Fire" }, "geometry": { "type": "Point", "coordinates": [ 125.470121184240696, -8.806274561752081 ] } },
{ "type": "Feature", "properties": { "id": 2806, "alert_type": "Deforestation/Fire" }, "geometry": { "type": "Point", "coordinates": [ 125.374360774953544, -8.806454224808906 ] } },
{ "type": "Feature", "properties": { "id": 2807, "alert_type": "Deforestation/Fire" }, "geometry": { "type": "Point", "coordinates": [ 125.381547297226504, -8.806454224808906 ] } },
{ "type": "Feature", "properties": { "id": 2808, "alert_type": "Deforestation/Fire" }, "geometry": { "type": "Point", "coordinates": [ 125.382625275567449, -8.806454224808906 ] } },
{ "type": "Feature", "properties": { "id": 2809, "alert_type": "Deforestation/Fire" }, "geometry": { "type": "Point", "coordinates": [ 125.423408789466478, -8.806454224808906 ] } },
{ "type": "Feature", "properties": { "id": 2810, "alert_type": "Deforestation/Fire" }, "geometry": { "type": "Point", "coordinates": [ 125.456287128865256, -8.806633887865729 ] } },
{ "type": "Feature", "properties": { "id": 2811, "alert_type": "Deforestation/Fire" }, "geometry": { "type": "Point", "coordinates": [ 125.430595311739438, -8.806813550922554 ] } },
{ "type": "Feature", "properties": { "id": 2812, "alert_type": "Deforestation/Fire" }, "geometry": { "type": "Point", "coordinates": [ 125.468683879786099, -8.806813550922554 ] } },
{ "type": "Feature", "properties": { "id": 2813, "alert_type": "Deforestation/Fire" }, "geometry": { "type": "Point", "coordinates": [ 125.379930329715094, -8.806993213979377 ] } },
{ "type": "Feature", "properties": { "id": 2814, "alert_type": "Deforestation/Fire" }, "geometry": { "type": "Point", "coordinates": [ 125.430954637853077, -8.806993213979377 ] } },
{ "type": "Feature", "properties": { "id": 2815, "alert_type": "Deforestation/Fire" }, "geometry": { "type": "Point", "coordinates": [ 125.456287128865256, -8.806993213979377 ] } },
{ "type": "Feature", "properties": { "id": 2816, "alert_type": "Deforestation/Fire" }, "geometry": { "type": "Point", "coordinates": [ 125.461677020569965, -8.806993213979377 ] } },
{ "type": "Feature", "properties": { "id": 2817, "alert_type": "Deforestation/Fire" }, "geometry": { "type": "Point", "coordinates": [ 125.389093145613103, -8.807532203149849 ] } },
{ "type": "Feature", "properties": { "id": 2818, "alert_type": "Deforestation/Fire" }, "geometry": { "type": "Point", "coordinates": [ 125.352262218964214, -8.807711866206674 ] } },
{ "type": "Feature", "properties": { "id": 2819, "alert_type": "Deforestation/Fire" }, "geometry": { "type": "Point", "coordinates": [ 125.352621545077852, -8.807711866206674 ] } },
{ "type": "Feature", "properties": { "id": 2820, "alert_type": "Deforestation/Fire" }, "geometry": { "type": "Point", "coordinates": [ 125.352801208134679, -8.807711866206674 ] } },
{ "type": "Feature", "properties": { "id": 2821, "alert_type": "Deforestation/Fire" }, "geometry": { "type": "Point", "coordinates": [ 125.272132495620752, -8.807891529263497 ] } },
{ "type": "Feature", "properties": { "id": 2822, "alert_type": "Deforestation/Fire" }, "geometry": { "type": "Point", "coordinates": [ 125.279139354836886, -8.807891529263497 ] } },
{ "type": "Feature", "properties": { "id": 2823, "alert_type": "Deforestation/Fire" }, "geometry": { "type": "Point", "coordinates": [ 125.352262218964214, -8.807891529263497 ] } },
{ "type": "Feature", "properties": { "id": 2824, "alert_type": "Deforestation/Fire" }, "geometry": { "type": "Point", "coordinates": [ 125.352621545077852, -8.807891529263497 ] } },
{ "type": "Feature", "properties": { "id": 2825, "alert_type": "Deforestation/Fire" }, "geometry": { "type": "Point", "coordinates": [ 125.352801208134679, -8.807891529263497 ] } },
{ "type": "Feature", "properties": { "id": 2826, "alert_type": "Deforestation/Fire" }, "geometry": { "type": "Point", "coordinates": [ 125.37885235137415, -8.807891529263497 ] } },
{ "type": "Feature", "properties": { "id": 2827, "alert_type": "Deforestation/Fire" }, "geometry": { "type": "Point", "coordinates": [ 125.388733819499464, -8.807891529263497 ] } },
{ "type": "Feature", "properties": { "id": 2828, "alert_type": "Deforestation/Fire" }, "geometry": { "type": "Point", "coordinates": [ 125.408496755750093, -8.807891529263497 ] } },
{ "type": "Feature", "properties": { "id": 2829, "alert_type": "Deforestation/Fire" }, "geometry": { "type": "Point", "coordinates": [ 125.40867641880692, -8.807891529263497 ] } },
{ "type": "Feature", "properties": { "id": 2830, "alert_type": "Deforestation/Fire" }, "geometry": { "type": "Point", "coordinates": [ 125.408856081863732, -8.807891529263497 ] } },
{ "type": "Feature", "properties": { "id": 2831, "alert_type": "Deforestation/Fire" }, "geometry": { "type": "Point", "coordinates": [ 125.409035744920558, -8.807891529263497 ] } },
{ "type": "Feature", "properties": { "id": 2832, "alert_type": "Deforestation/Fire" }, "geometry": { "type": "Point", "coordinates": [ 125.302675215280814, -8.808071192320321 ] } },
{ "type": "Feature", "properties": { "id": 2833, "alert_type": "Deforestation/Fire" }, "geometry": { "type": "Point", "coordinates": [ 125.443890377944399, -8.808071192320321 ] } },
{ "type": "Feature", "properties": { "id": 2834, "alert_type": "Deforestation/Fire" }, "geometry": { "type": "Point", "coordinates": [ 125.469222868956564, -8.808071192320321 ] } },
{ "type": "Feature", "properties": { "id": 2835, "alert_type": "Deforestation/Fire" }, "geometry": { "type": "Point", "coordinates": [ 125.386398199760748, -8.808250855377144 ] } },
{ "type": "Feature", "properties": { "id": 2836, "alert_type": "Deforestation/Fire" }, "geometry": { "type": "Point", "coordinates": [ 125.429696996455306, -8.808250855377144 ] } },
{ "type": "Feature", "properties": { "id": 2837, "alert_type": "Deforestation/Fire" }, "geometry": { "type": "Point", "coordinates": [ 125.280037670121004, -8.808430518433969 ] } },
{ "type": "Feature", "properties": { "id": 2838, "alert_type": "Deforestation/Fire" }, "geometry": { "type": "Point", "coordinates": [ 125.37885235137415, -8.808430518433969 ] } },
{ "type": "Feature", "properties": { "id": 2839, "alert_type": "Deforestation/Fire" }, "geometry": { "type": "Point", "coordinates": [ 125.379750666658268, -8.808430518433969 ] } },
{ "type": "Feature", "properties": { "id": 2840, "alert_type": "Deforestation/Fire" }, "geometry": { "type": "Point", "coordinates": [ 125.411191701602448, -8.808430518433969 ] } },
{ "type": "Feature", "properties": { "id": 2841, "alert_type": "Deforestation/Fire" }, "geometry": { "type": "Point", "coordinates": [ 125.411371364659274, -8.808430518433969 ] } },
{ "type": "Feature", "properties": { "id": 2842, "alert_type": "Deforestation/Fire" }, "geometry": { "type": "Point", "coordinates": [ 125.273569800075336, -8.808610181490792 ] } },
{ "type": "Feature", "properties": { "id": 2843, "alert_type": "Deforestation/Fire" }, "geometry": { "type": "Point", "coordinates": [ 125.430415648682612, -8.808610181490792 ] } },
{ "type": "Feature", "properties": { "id": 2844, "alert_type": "Deforestation/Fire" }, "geometry": { "type": "Point", "coordinates": [ 125.430595311739438, -8.808610181490792 ] } },
{ "type": "Feature", "properties": { "id": 2845, "alert_type": "Deforestation/Fire" }, "geometry": { "type": "Point", "coordinates": [ 125.280935985405122, -8.80896950760444 ] } },
{ "type": "Feature", "properties": { "id": 2846, "alert_type": "Deforestation/Fire" }, "geometry": { "type": "Point", "coordinates": [ 125.282732615973359, -8.80896950760444 ] } },
{ "type": "Feature", "properties": { "id": 2847, "alert_type": "Deforestation/Fire" }, "geometry": { "type": "Point", "coordinates": [ 125.379930329715094, -8.80896950760444 ] } },
{ "type": "Feature", "properties": { "id": 2848, "alert_type": "Deforestation/Fire" }, "geometry": { "type": "Point", "coordinates": [ 125.379930329715094, -8.809149170661264 ] } },
{ "type": "Feature", "properties": { "id": 2849, "alert_type": "Deforestation/Fire" }, "geometry": { "type": "Point", "coordinates": [ 125.411551027716101, -8.809149170661264 ] } },
{ "type": "Feature", "properties": { "id": 2850, "alert_type": "Deforestation/Fire" }, "geometry": { "type": "Point", "coordinates": [ 125.281834300689241, -8.809328833718087 ] } },
{ "type": "Feature", "properties": { "id": 2851, "alert_type": "Deforestation/Fire" }, "geometry": { "type": "Point", "coordinates": [ 125.320641520963207, -8.809328833718087 ] } },
{ "type": "Feature", "properties": { "id": 2852, "alert_type": "Deforestation/Fire" }, "geometry": { "type": "Point", "coordinates": [ 125.412629006057045, -8.809328833718087 ] } },
{ "type": "Feature", "properties": { "id": 2853, "alert_type": "Deforestation/Fire" }, "geometry": { "type": "Point", "coordinates": [ 125.430235985625785, -8.809328833718087 ] } },
{ "type": "Feature", "properties": { "id": 2854, "alert_type": "Deforestation/Fire" }, "geometry": { "type": "Point", "coordinates": [ 125.47820602179776, -8.809328833718087 ] } },
{ "type": "Feature", "properties": { "id": 2855, "alert_type": "Deforestation/Fire" }, "geometry": { "type": "Point", "coordinates": [ 125.403645853215849, -8.809508496774912 ] } },
{ "type": "Feature", "properties": { "id": 2856, "alert_type": "Deforestation/Fire" }, "geometry": { "type": "Point", "coordinates": [ 125.423229126409652, -8.809508496774912 ] } },
{ "type": "Feature", "properties": { "id": 2857, "alert_type": "Deforestation/Fire" }, "geometry": { "type": "Point", "coordinates": [ 125.316149944542602, -8.809688159831737 ] } },
{ "type": "Feature", "properties": { "id": 2858, "alert_type": "Deforestation/Fire" }, "geometry": { "type": "Point", "coordinates": [ 125.336631533020523, -8.809688159831737 ] } },
{ "type": "Feature", "properties": { "id": 2859, "alert_type": "Deforestation/Fire" }, "geometry": { "type": "Point", "coordinates": [ 125.404184842386314, -8.809688159831737 ] } },
{ "type": "Feature", "properties": { "id": 2860, "alert_type": "Deforestation/Fire" }, "geometry": { "type": "Point", "coordinates": [ 125.298183638860209, -8.80986782288856 ] } },
{ "type": "Feature", "properties": { "id": 2861, "alert_type": "Deforestation/Fire" }, "geometry": { "type": "Point", "coordinates": [ 125.315970281485775, -8.80986782288856 ] } },
{ "type": "Feature", "properties": { "id": 2862, "alert_type": "Deforestation/Fire" }, "geometry": { "type": "Point", "coordinates": [ 125.319024553451783, -8.80986782288856 ] } },
{ "type": "Feature", "properties": { "id": 2863, "alert_type": "Deforestation/Fire" }, "geometry": { "type": "Point", "coordinates": [ 125.319204216508609, -8.80986782288856 ] } },
{ "type": "Feature", "properties": { "id": 2864, "alert_type": "Deforestation/Fire" }, "geometry": { "type": "Point", "coordinates": [ 125.319743205679089, -8.80986782288856 ] } },
{ "type": "Feature", "properties": { "id": 2865, "alert_type": "Deforestation/Fire" }, "geometry": { "type": "Point", "coordinates": [ 125.397357646227007, -8.80986782288856 ] } },
{ "type": "Feature", "properties": { "id": 2866, "alert_type": "Deforestation/Fire" }, "geometry": { "type": "Point", "coordinates": [ 125.397537309283834, -8.80986782288856 ] } },
{ "type": "Feature", "properties": { "id": 2867, "alert_type": "Deforestation/Fire" }, "geometry": { "type": "Point", "coordinates": [ 125.319922868735901, -8.810047485945384 ] } },
{ "type": "Feature", "properties": { "id": 2868, "alert_type": "Deforestation/Fire" }, "geometry": { "type": "Point", "coordinates": [ 125.396818657056542, -8.810047485945384 ] } },
{ "type": "Feature", "properties": { "id": 2869, "alert_type": "Deforestation/Fire" }, "geometry": { "type": "Point", "coordinates": [ 125.397537309283834, -8.810047485945384 ] } },
{ "type": "Feature", "properties": { "id": 2870, "alert_type": "Deforestation/Fire" }, "geometry": { "type": "Point", "coordinates": [ 125.42915800728484, -8.810047485945384 ] } },
{ "type": "Feature", "properties": { "id": 2871, "alert_type": "Deforestation/Fire" }, "geometry": { "type": "Point", "coordinates": [ 125.319922868735901, -8.810227149002207 ] } },
{ "type": "Feature", "properties": { "id": 2872, "alert_type": "Deforestation/Fire" }, "geometry": { "type": "Point", "coordinates": [ 125.320282194849554, -8.810227149002207 ] } },
{ "type": "Feature", "properties": { "id": 2873, "alert_type": "Deforestation/Fire" }, "geometry": { "type": "Point", "coordinates": [ 125.378133699146858, -8.810227149002207 ] } },
{ "type": "Feature", "properties": { "id": 2874, "alert_type": "Deforestation/Fire" }, "geometry": { "type": "Point", "coordinates": [ 125.383703253908394, -8.810227149002207 ] } },
{ "type": "Feature", "properties": { "id": 2875, "alert_type": "Deforestation/Fire" }, "geometry": { "type": "Point", "coordinates": [ 125.428978344228014, -8.810227149002207 ] } },
{ "type": "Feature", "properties": { "id": 2876, "alert_type": "Deforestation/Fire" }, "geometry": { "type": "Point", "coordinates": [ 125.384062580022047, -8.810406812059032 ] } },
{ "type": "Feature", "properties": { "id": 2877, "alert_type": "Deforestation/Fire" }, "geometry": { "type": "Point", "coordinates": [ 125.399154276795244, -8.810406812059032 ] } },
{ "type": "Feature", "properties": { "id": 2878, "alert_type": "Deforestation/Fire" }, "geometry": { "type": "Point", "coordinates": [ 125.429696996455306, -8.810406812059032 ] } },
{ "type": "Feature", "properties": { "id": 2879, "alert_type": "Deforestation/Fire" }, "geometry": { "type": "Point", "coordinates": [ 125.430595311739438, -8.810406812059032 ] } },
{ "type": "Feature", "properties": { "id": 2880, "alert_type": "Deforestation/Fire" }, "geometry": { "type": "Point", "coordinates": [ 125.447663302137698, -8.810406812059032 ] } },
{ "type": "Feature", "properties": { "id": 2881, "alert_type": "Deforestation/Fire" }, "geometry": { "type": "Point", "coordinates": [ 125.463114325024563, -8.810406812059032 ] } },
{ "type": "Feature", "properties": { "id": 2882, "alert_type": "Deforestation/Fire" }, "geometry": { "type": "Point", "coordinates": [ 125.379391340544615, -8.810586475115855 ] } },
{ "type": "Feature", "properties": { "id": 2883, "alert_type": "Deforestation/Fire" }, "geometry": { "type": "Point", "coordinates": [ 125.38388291696522, -8.810586475115855 ] } },
{ "type": "Feature", "properties": { "id": 2884, "alert_type": "Deforestation/Fire" }, "geometry": { "type": "Point", "coordinates": [ 125.398615287624779, -8.810586475115855 ] } },
{ "type": "Feature", "properties": { "id": 2885, "alert_type": "Deforestation/Fire" }, "geometry": { "type": "Point", "coordinates": [ 125.394123711204173, -8.81076613817268 ] } },
{ "type": "Feature", "properties": { "id": 2886, "alert_type": "Deforestation/Fire" }, "geometry": { "type": "Point", "coordinates": [ 125.44730397602406, -8.81076613817268 ] } },
{ "type": "Feature", "properties": { "id": 2887, "alert_type": "Deforestation/Fire" }, "geometry": { "type": "Point", "coordinates": [ 125.478565347911413, -8.81076613817268 ] } },
{ "type": "Feature", "properties": { "id": 2888, "alert_type": "Deforestation/Fire" }, "geometry": { "type": "Point", "coordinates": [ 125.274288452302628, -8.810945801229503 ] } },
{ "type": "Feature", "properties": { "id": 2889, "alert_type": "Deforestation/Fire" }, "geometry": { "type": "Point", "coordinates": [ 125.343458729179844, -8.810945801229503 ] } },
{ "type": "Feature", "properties": { "id": 2890, "alert_type": "Deforestation/Fire" }, "geometry": { "type": "Point", "coordinates": [ 125.343638392236656, -8.810945801229503 ] } },
{ "type": "Feature", "properties": { "id": 2891, "alert_type": "Deforestation/Fire" }, "geometry": { "type": "Point", "coordinates": [ 125.430056322568959, -8.811125464286327 ] } },
{ "type": "Feature", "properties": { "id": 2892, "alert_type": "Deforestation/Fire" }, "geometry": { "type": "Point", "coordinates": [ 125.431134300909903, -8.811125464286327 ] } },
{ "type": "Feature", "properties": { "id": 2893, "alert_type": "Deforestation/Fire" }, "geometry": { "type": "Point", "coordinates": [ 125.431673290080369, -8.811125464286327 ] } },
{ "type": "Feature", "properties": { "id": 2894, "alert_type": "Deforestation/Fire" }, "geometry": { "type": "Point", "coordinates": [ 125.273929126188989, -8.81130512734315 ] } },
{ "type": "Feature", "properties": { "id": 2895, "alert_type": "Deforestation/Fire" }, "geometry": { "type": "Point", "coordinates": [ 125.380289655828733, -8.81130512734315 ] } },
{ "type": "Feature", "properties": { "id": 2896, "alert_type": "Deforestation/Fire" }, "geometry": { "type": "Point", "coordinates": [ 125.429517333398493, -8.81130512734315 ] } },
{ "type": "Feature", "properties": { "id": 2897, "alert_type": "Deforestation/Fire" }, "geometry": { "type": "Point", "coordinates": [ 125.476409391229524, -8.81130512734315 ] } },
{ "type": "Feature", "properties": { "id": 2898, "alert_type": "Deforestation/Fire" }, "geometry": { "type": "Point", "coordinates": [ 125.296027682178334, -8.811484790399975 ] } },
{ "type": "Feature", "properties": { "id": 2899, "alert_type": "Deforestation/Fire" }, "geometry": { "type": "Point", "coordinates": [ 125.379391340544615, -8.811484790399975 ] } },
{ "type": "Feature", "properties": { "id": 2900, "alert_type": "Deforestation/Fire" }, "geometry": { "type": "Point", "coordinates": [ 125.382625275567449, -8.811484790399975 ] } },
{ "type": "Feature", "properties": { "id": 2901, "alert_type": "Deforestation/Fire" }, "geometry": { "type": "Point", "coordinates": [ 125.430056322568959, -8.811484790399975 ] } },
{ "type": "Feature", "properties": { "id": 2902, "alert_type": "Deforestation/Fire" }, "geometry": { "type": "Point", "coordinates": [ 125.430415648682612, -8.811484790399975 ] } },
{ "type": "Feature", "properties": { "id": 2903, "alert_type": "Deforestation/Fire" }, "geometry": { "type": "Point", "coordinates": [ 125.47658905428635, -8.811484790399975 ] } },
{ "type": "Feature", "properties": { "id": 2904, "alert_type": "Deforestation/Fire" }, "geometry": { "type": "Point", "coordinates": [ 125.274647778416281, -8.8116644534568 ] } },
{ "type": "Feature", "properties": { "id": 2905, "alert_type": "Deforestation/Fire" }, "geometry": { "type": "Point", "coordinates": [ 125.318485564281318, -8.811844116513623 ] } },
{ "type": "Feature", "properties": { "id": 2906, "alert_type": "Deforestation/Fire" }, "geometry": { "type": "Point", "coordinates": [ 125.322977140701909, -8.811844116513623 ] } },
{ "type": "Feature", "properties": { "id": 2907, "alert_type": "Deforestation/Fire" }, "geometry": { "type": "Point", "coordinates": [ 125.273749463132162, -8.812023779570447 ] } },
{ "type": "Feature", "properties": { "id": 2908, "alert_type": "Deforestation/Fire" }, "geometry": { "type": "Point", "coordinates": [ 125.318305901224491, -8.812023779570447 ] } },
{ "type": "Feature", "properties": { "id": 2909, "alert_type": "Deforestation/Fire" }, "geometry": { "type": "Point", "coordinates": [ 125.379032014430976, -8.812023779570447 ] } },
{ "type": "Feature", "properties": { "id": 2910, "alert_type": "Deforestation/Fire" }, "geometry": { "type": "Point", "coordinates": [ 125.273929126188989, -8.81220344262727 ] } },
{ "type": "Feature", "properties": { "id": 2911, "alert_type": "Deforestation/Fire" }, "geometry": { "type": "Point", "coordinates": [ 125.29782431274657, -8.81220344262727 ] } },
{ "type": "Feature", "properties": { "id": 2912, "alert_type": "Deforestation/Fire" }, "geometry": { "type": "Point", "coordinates": [ 125.314532977031192, -8.81220344262727 ] } },
{ "type": "Feature", "properties": { "id": 2913, "alert_type": "Deforestation/Fire" }, "geometry": { "type": "Point", "coordinates": [ 125.432751268421313, -8.81220344262727 ] } },
{ "type": "Feature", "properties": { "id": 2914, "alert_type": "Deforestation/Fire" }, "geometry": { "type": "Point", "coordinates": [ 125.279319017893698, -8.812383105684095 ] } },
{ "type": "Feature", "properties": { "id": 2915, "alert_type": "Deforestation/Fire" }, "geometry": { "type": "Point", "coordinates": [ 125.344896033634427, -8.812383105684095 ] } },
{ "type": "Feature", "properties": { "id": 2916, "alert_type": "Deforestation/Fire" }, "geometry": { "type": "Point", "coordinates": [ 125.279319017893698, -8.812562768740918 ] } },
{ "type": "Feature", "properties": { "id": 2917, "alert_type": "Deforestation/Fire" }, "geometry": { "type": "Point", "coordinates": [ 125.279498680950525, -8.812562768740918 ] } },
{ "type": "Feature", "properties": { "id": 2918, "alert_type": "Deforestation/Fire" }, "geometry": { "type": "Point", "coordinates": [ 125.297285323576091, -8.812562768740918 ] } },
{ "type": "Feature", "properties": { "id": 2919, "alert_type": "Deforestation/Fire" }, "geometry": { "type": "Point", "coordinates": [ 125.299261617201154, -8.812562768740918 ] } },
{ "type": "Feature", "properties": { "id": 2920, "alert_type": "Deforestation/Fire" }, "geometry": { "type": "Point", "coordinates": [ 125.29944128025798, -8.812562768740918 ] } },
{ "type": "Feature", "properties": { "id": 2921, "alert_type": "Deforestation/Fire" }, "geometry": { "type": "Point", "coordinates": [ 125.318665227338144, -8.812562768740918 ] } },
{ "type": "Feature", "properties": { "id": 2922, "alert_type": "Deforestation/Fire" }, "geometry": { "type": "Point", "coordinates": [ 125.296566671348799, -8.812742431797743 ] } },
{ "type": "Feature", "properties": { "id": 2923, "alert_type": "Deforestation/Fire" }, "geometry": { "type": "Point", "coordinates": [ 125.297464986632917, -8.812742431797743 ] } },
{ "type": "Feature", "properties": { "id": 2924, "alert_type": "Deforestation/Fire" }, "geometry": { "type": "Point", "coordinates": [ 125.297644649689744, -8.812742431797743 ] } },
{ "type": "Feature", "properties": { "id": 2925, "alert_type": "Deforestation/Fire" }, "geometry": { "type": "Point", "coordinates": [ 125.317946575110838, -8.812742431797743 ] } },
{ "type": "Feature", "properties": { "id": 2926, "alert_type": "Deforestation/Fire" }, "geometry": { "type": "Point", "coordinates": [ 125.432212279250848, -8.812742431797743 ] } },
{ "type": "Feature", "properties": { "id": 2927, "alert_type": "Deforestation/Fire" }, "geometry": { "type": "Point", "coordinates": [ 125.275366430643572, -8.812922094854565 ] } },
{ "type": "Feature", "properties": { "id": 2928, "alert_type": "Deforestation/Fire" }, "geometry": { "type": "Point", "coordinates": [ 125.279678344007351, -8.812922094854565 ] } },
{ "type": "Feature", "properties": { "id": 2929, "alert_type": "Deforestation/Fire" }, "geometry": { "type": "Point", "coordinates": [ 125.317766912054026, -8.812922094854565 ] } },
{ "type": "Feature", "properties": { "id": 2930, "alert_type": "Deforestation/Fire" }, "geometry": { "type": "Point", "coordinates": [ 125.317946575110838, -8.812922094854565 ] } },
{ "type": "Feature", "properties": { "id": 2931, "alert_type": "Deforestation/Fire" }, "geometry": { "type": "Point", "coordinates": [ 125.340045131100183, -8.812922094854565 ] } },
{ "type": "Feature", "properties": { "id": 2932, "alert_type": "Deforestation/Fire" }, "geometry": { "type": "Point", "coordinates": [ 125.349207946998206, -8.812922094854565 ] } },
{ "type": "Feature", "properties": { "id": 2933, "alert_type": "Deforestation/Fire" }, "geometry": { "type": "Point", "coordinates": [ 125.432212279250848, -8.812922094854565 ] } },
{ "type": "Feature", "properties": { "id": 2934, "alert_type": "Deforestation/Fire" }, "geometry": { "type": "Point", "coordinates": [ 125.474433097604461, -8.812922094854565 ] } },
{ "type": "Feature", "properties": { "id": 2935, "alert_type": "Deforestation/Fire" }, "geometry": { "type": "Point", "coordinates": [ 125.476768717343177, -8.812922094854565 ] } },
{ "type": "Feature", "properties": { "id": 2936, "alert_type": "Deforestation/Fire" }, "geometry": { "type": "Point", "coordinates": [ 125.287044529337138, -8.81310175791139 ] } },
{ "type": "Feature", "properties": { "id": 2937, "alert_type": "Deforestation/Fire" }, "geometry": { "type": "Point", "coordinates": [ 125.296566671348799, -8.81310175791139 ] } },
{ "type": "Feature", "properties": { "id": 2938, "alert_type": "Deforestation/Fire" }, "geometry": { "type": "Point", "coordinates": [ 125.297105660519264, -8.81310175791139 ] } },
{ "type": "Feature", "properties": { "id": 2939, "alert_type": "Deforestation/Fire" }, "geometry": { "type": "Point", "coordinates": [ 125.402747537931731, -8.81310175791139 ] } },
{ "type": "Feature", "properties": { "id": 2940, "alert_type": "Deforestation/Fire" }, "geometry": { "type": "Point", "coordinates": [ 125.431852953137195, -8.81310175791139 ] } },
{ "type": "Feature", "properties": { "id": 2941, "alert_type": "Deforestation/Fire" }, "geometry": { "type": "Point", "coordinates": [ 125.434188572875911, -8.81310175791139 ] } },
{ "type": "Feature", "properties": { "id": 2942, "alert_type": "Deforestation/Fire" }, "geometry": { "type": "Point", "coordinates": [ 125.303393867508106, -8.813281420968213 ] } },
{ "type": "Feature", "properties": { "id": 2943, "alert_type": "Deforestation/Fire" }, "geometry": { "type": "Point", "coordinates": [ 125.434188572875911, -8.813281420968213 ] } },
{ "type": "Feature", "properties": { "id": 2944, "alert_type": "Deforestation/Fire" }, "geometry": { "type": "Point", "coordinates": [ 125.351184240623269, -8.813461084025038 ] } },
{ "type": "Feature", "properties": { "id": 2945, "alert_type": "Deforestation/Fire" }, "geometry": { "type": "Point", "coordinates": [ 125.37885235137415, -8.813461084025038 ] } },
{ "type": "Feature", "properties": { "id": 2946, "alert_type": "Deforestation/Fire" }, "geometry": { "type": "Point", "coordinates": [ 125.405981472954551, -8.813461084025038 ] } },
{ "type": "Feature", "properties": { "id": 2947, "alert_type": "Deforestation/Fire" }, "geometry": { "type": "Point", "coordinates": [ 125.406161136011377, -8.813461084025038 ] } },
{ "type": "Feature", "properties": { "id": 2948, "alert_type": "Deforestation/Fire" }, "geometry": { "type": "Point", "coordinates": [ 125.314712640088018, -8.813640747081863 ] } },
{ "type": "Feature", "properties": { "id": 2949, "alert_type": "Deforestation/Fire" }, "geometry": { "type": "Point", "coordinates": [ 125.406161136011377, -8.813640747081863 ] } },
{ "type": "Feature", "properties": { "id": 2950, "alert_type": "Deforestation/Fire" }, "geometry": { "type": "Point", "coordinates": [ 125.431673290080369, -8.813640747081863 ] } },
{ "type": "Feature", "properties": { "id": 2951, "alert_type": "Deforestation/Fire" }, "geometry": { "type": "Point", "coordinates": [ 125.351004577566442, -8.813820410138685 ] } },
{ "type": "Feature", "properties": { "id": 2952, "alert_type": "Deforestation/Fire" }, "geometry": { "type": "Point", "coordinates": [ 125.406340799068204, -8.813820410138685 ] } },
{ "type": "Feature", "properties": { "id": 2953, "alert_type": "Deforestation/Fire" }, "geometry": { "type": "Point", "coordinates": [ 125.282373289859706, -8.81400007319551 ] } },
{ "type": "Feature", "properties": { "id": 2954, "alert_type": "Deforestation/Fire" }, "geometry": { "type": "Point", "coordinates": [ 125.29782431274657, -8.81400007319551 ] } },
{ "type": "Feature", "properties": { "id": 2955, "alert_type": "Deforestation/Fire" }, "geometry": { "type": "Point", "coordinates": [ 125.340045131100183, -8.81400007319551 ] } },
{ "type": "Feature", "properties": { "id": 2956, "alert_type": "Deforestation/Fire" }, "geometry": { "type": "Point", "coordinates": [ 125.341123109441128, -8.81400007319551 ] } },
{ "type": "Feature", "properties": { "id": 2957, "alert_type": "Deforestation/Fire" }, "geometry": { "type": "Point", "coordinates": [ 125.420354517500471, -8.81400007319551 ] } },
{ "type": "Feature", "properties": { "id": 2958, "alert_type": "Deforestation/Fire" }, "geometry": { "type": "Point", "coordinates": [ 125.432032616194022, -8.81400007319551 ] } },
{ "type": "Feature", "properties": { "id": 2959, "alert_type": "Deforestation/Fire" }, "geometry": { "type": "Point", "coordinates": [ 125.341123109441128, -8.814179736252333 ] } },
{ "type": "Feature", "properties": { "id": 2960, "alert_type": "Deforestation/Fire" }, "geometry": { "type": "Point", "coordinates": [ 125.404544168499967, -8.814179736252333 ] } },
{ "type": "Feature", "properties": { "id": 2961, "alert_type": "Deforestation/Fire" }, "geometry": { "type": "Point", "coordinates": [ 125.277702050382288, -8.814359399309158 ] } },
{ "type": "Feature", "properties": { "id": 2962, "alert_type": "Deforestation/Fire" }, "geometry": { "type": "Point", "coordinates": [ 125.277881713439115, -8.814359399309158 ] } },
{ "type": "Feature", "properties": { "id": 2963, "alert_type": "Deforestation/Fire" }, "geometry": { "type": "Point", "coordinates": [ 125.278780028723233, -8.814359399309158 ] } },
{ "type": "Feature", "properties": { "id": 2964, "alert_type": "Deforestation/Fire" }, "geometry": { "type": "Point", "coordinates": [ 125.283271605143824, -8.814359399309158 ] } },
{ "type": "Feature", "properties": { "id": 2965, "alert_type": "Deforestation/Fire" }, "geometry": { "type": "Point", "coordinates": [ 125.340943446384301, -8.814359399309158 ] } },
{ "type": "Feature", "properties": { "id": 2966, "alert_type": "Deforestation/Fire" }, "geometry": { "type": "Point", "coordinates": [ 125.341123109441128, -8.814359399309158 ] } },
{ "type": "Feature", "properties": { "id": 2967, "alert_type": "Deforestation/Fire" }, "geometry": { "type": "Point", "coordinates": [ 125.37831336220367, -8.814359399309158 ] } },
{ "type": "Feature", "properties": { "id": 2968, "alert_type": "Deforestation/Fire" }, "geometry": { "type": "Point", "coordinates": [ 125.278780028723233, -8.814539062365981 ] } },
{ "type": "Feature", "properties": { "id": 2969, "alert_type": "Deforestation/Fire" }, "geometry": { "type": "Point", "coordinates": [ 125.296746334405626, -8.814539062365981 ] } },
{ "type": "Feature", "properties": { "id": 2970, "alert_type": "Deforestation/Fire" }, "geometry": { "type": "Point", "coordinates": [ 125.34022479415701, -8.814539062365981 ] } },
{ "type": "Feature", "properties": { "id": 2971, "alert_type": "Deforestation/Fire" }, "geometry": { "type": "Point", "coordinates": [ 125.281295311518761, -8.814718725422805 ] } },
{ "type": "Feature", "properties": { "id": 2972, "alert_type": "Deforestation/Fire" }, "geometry": { "type": "Point", "coordinates": [ 125.320102531792728, -8.814718725422805 ] } },
{ "type": "Feature", "properties": { "id": 2973, "alert_type": "Deforestation/Fire" }, "geometry": { "type": "Point", "coordinates": [ 125.432391942307675, -8.814718725422805 ] } },
{ "type": "Feature", "properties": { "id": 2974, "alert_type": "Deforestation/Fire" }, "geometry": { "type": "Point", "coordinates": [ 125.432571605364501, -8.814718725422805 ] } },
{ "type": "Feature", "properties": { "id": 2975, "alert_type": "Deforestation/Fire" }, "geometry": { "type": "Point", "coordinates": [ 125.432751268421313, -8.814718725422805 ] } },
{ "type": "Feature", "properties": { "id": 2976, "alert_type": "Deforestation/Fire" }, "geometry": { "type": "Point", "coordinates": [ 125.339506141929718, -8.814898388479628 ] } },
{ "type": "Feature", "properties": { "id": 2977, "alert_type": "Deforestation/Fire" }, "geometry": { "type": "Point", "coordinates": [ 125.432032616194022, -8.814898388479628 ] } },
{ "type": "Feature", "properties": { "id": 2978, "alert_type": "Deforestation/Fire" }, "geometry": { "type": "Point", "coordinates": [ 125.279498680950525, -8.815078051536453 ] } },
{ "type": "Feature", "properties": { "id": 2979, "alert_type": "Deforestation/Fire" }, "geometry": { "type": "Point", "coordinates": [ 125.281654637632414, -8.815078051536453 ] } },
{ "type": "Feature", "properties": { "id": 2980, "alert_type": "Deforestation/Fire" }, "geometry": { "type": "Point", "coordinates": [ 125.282013963746067, -8.815078051536453 ] } },
{ "type": "Feature", "properties": { "id": 2981, "alert_type": "Deforestation/Fire" }, "geometry": { "type": "Point", "coordinates": [ 125.283810594314303, -8.815078051536453 ] } },
{ "type": "Feature", "properties": { "id": 2982, "alert_type": "Deforestation/Fire" }, "geometry": { "type": "Point", "coordinates": [ 125.28399025737113, -8.815078051536453 ] } },
{ "type": "Feature", "properties": { "id": 2983, "alert_type": "Deforestation/Fire" }, "geometry": { "type": "Point", "coordinates": [ 125.299081954144327, -8.815078051536453 ] } },
{ "type": "Feature", "properties": { "id": 2984, "alert_type": "Deforestation/Fire" }, "geometry": { "type": "Point", "coordinates": [ 125.305370161133169, -8.815078051536453 ] } },
{ "type": "Feature", "properties": { "id": 2985, "alert_type": "Deforestation/Fire" }, "geometry": { "type": "Point", "coordinates": [ 125.279139354836886, -8.815257714593278 ] } },
{ "type": "Feature", "properties": { "id": 2986, "alert_type": "Deforestation/Fire" }, "geometry": { "type": "Point", "coordinates": [ 125.279319017893698, -8.815257714593278 ] } },
{ "type": "Feature", "properties": { "id": 2987, "alert_type": "Deforestation/Fire" }, "geometry": { "type": "Point", "coordinates": [ 125.279498680950525, -8.815257714593278 ] } },
{ "type": "Feature", "properties": { "id": 2988, "alert_type": "Deforestation/Fire" }, "geometry": { "type": "Point", "coordinates": [ 125.28399025737113, -8.815257714593278 ] } },
{ "type": "Feature", "properties": { "id": 2989, "alert_type": "Deforestation/Fire" }, "geometry": { "type": "Point", "coordinates": [ 125.350285925339151, -8.815257714593278 ] } },
{ "type": "Feature", "properties": { "id": 2990, "alert_type": "Deforestation/Fire" }, "geometry": { "type": "Point", "coordinates": [ 125.416401930250345, -8.815257714593278 ] } },
{ "type": "Feature", "properties": { "id": 2991, "alert_type": "Deforestation/Fire" }, "geometry": { "type": "Point", "coordinates": [ 125.279319017893698, -8.815437377650101 ] } },
{ "type": "Feature", "properties": { "id": 2992, "alert_type": "Deforestation/Fire" }, "geometry": { "type": "Point", "coordinates": [ 125.279498680950525, -8.815437377650101 ] } },
{ "type": "Feature", "properties": { "id": 2993, "alert_type": "Deforestation/Fire" }, "geometry": { "type": "Point", "coordinates": [ 125.279678344007351, -8.815437377650101 ] } },
{ "type": "Feature", "properties": { "id": 2994, "alert_type": "Deforestation/Fire" }, "geometry": { "type": "Point", "coordinates": [ 125.279858007064178, -8.815437377650101 ] } },
{ "type": "Feature", "properties": { "id": 2995, "alert_type": "Deforestation/Fire" }, "geometry": { "type": "Point", "coordinates": [ 125.284529246541595, -8.815437377650101 ] } },
{ "type": "Feature", "properties": { "id": 2996, "alert_type": "Deforestation/Fire" }, "geometry": { "type": "Point", "coordinates": [ 125.440656442921565, -8.815437377650101 ] } },
{ "type": "Feature", "properties": { "id": 2997, "alert_type": "Deforestation/Fire" }, "geometry": { "type": "Point", "coordinates": [ 125.278959691780059, -8.815617040706925 ] } },
{ "type": "Feature", "properties": { "id": 2998, "alert_type": "Deforestation/Fire" }, "geometry": { "type": "Point", "coordinates": [ 125.279139354836886, -8.815617040706925 ] } },
{ "type": "Feature", "properties": { "id": 2999, "alert_type": "Deforestation/Fire" }, "geometry": { "type": "Point", "coordinates": [ 125.279319017893698, -8.815617040706925 ] } },
{ "type": "Feature", "properties": { "id": 3000, "alert_type": "Deforestation/Fire" }, "geometry": { "type": "Point", "coordinates": [ 125.279498680950525, -8.815617040706925 ] } },
{ "type": "Feature", "properties": { "id": 3001, "alert_type": "Deforestation/Fire" }, "geometry": { "type": "Point", "coordinates": [ 125.281654637632414, -8.815617040706925 ] } },
{ "type": "Feature", "properties": { "id": 3002, "alert_type": "Deforestation/Fire" }, "geometry": { "type": "Point", "coordinates": [ 125.281834300689241, -8.815617040706925 ] } },
{ "type": "Feature", "properties": { "id": 3003, "alert_type": "Deforestation/Fire" }, "geometry": { "type": "Point", "coordinates": [ 125.282193626802879, -8.815617040706925 ] } },
{ "type": "Feature", "properties": { "id": 3004, "alert_type": "Deforestation/Fire" }, "geometry": { "type": "Point", "coordinates": [ 125.284349583484769, -8.815617040706925 ] } },
{ "type": "Feature", "properties": { "id": 3005, "alert_type": "Deforestation/Fire" }, "geometry": { "type": "Point", "coordinates": [ 125.284529246541595, -8.815617040706925 ] } },
{ "type": "Feature", "properties": { "id": 3006, "alert_type": "Deforestation/Fire" }, "geometry": { "type": "Point", "coordinates": [ 125.299620943314807, -8.815617040706925 ] } },
{ "type": "Feature", "properties": { "id": 3007, "alert_type": "Deforestation/Fire" }, "geometry": { "type": "Point", "coordinates": [ 125.349926599225498, -8.815617040706925 ] } },
{ "type": "Feature", "properties": { "id": 3008, "alert_type": "Deforestation/Fire" }, "geometry": { "type": "Point", "coordinates": [ 125.278780028723233, -8.815796703763748 ] } },
{ "type": "Feature", "properties": { "id": 3009, "alert_type": "Deforestation/Fire" }, "geometry": { "type": "Point", "coordinates": [ 125.279139354836886, -8.815796703763748 ] } },
{ "type": "Feature", "properties": { "id": 3010, "alert_type": "Deforestation/Fire" }, "geometry": { "type": "Point", "coordinates": [ 125.281654637632414, -8.815796703763748 ] } },
{ "type": "Feature", "properties": { "id": 3011, "alert_type": "Deforestation/Fire" }, "geometry": { "type": "Point", "coordinates": [ 125.281834300689241, -8.815796703763748 ] } },
{ "type": "Feature", "properties": { "id": 3012, "alert_type": "Deforestation/Fire" }, "geometry": { "type": "Point", "coordinates": [ 125.282373289859706, -8.815796703763748 ] } },
{ "type": "Feature", "properties": { "id": 3013, "alert_type": "Deforestation/Fire" }, "geometry": { "type": "Point", "coordinates": [ 125.284349583484769, -8.815796703763748 ] } },
{ "type": "Feature", "properties": { "id": 3014, "alert_type": "Deforestation/Fire" }, "geometry": { "type": "Point", "coordinates": [ 125.432032616194022, -8.815796703763748 ] } },
{ "type": "Feature", "properties": { "id": 3015, "alert_type": "Deforestation/Fire" }, "geometry": { "type": "Point", "coordinates": [ 125.279139354836886, -8.815976366820573 ] } },
{ "type": "Feature", "properties": { "id": 3016, "alert_type": "Deforestation/Fire" }, "geometry": { "type": "Point", "coordinates": [ 125.280217333177816, -8.815976366820573 ] } },
{ "type": "Feature", "properties": { "id": 3017, "alert_type": "Deforestation/Fire" }, "geometry": { "type": "Point", "coordinates": [ 125.282373289859706, -8.815976366820573 ] } },
{ "type": "Feature", "properties": { "id": 3018, "alert_type": "Deforestation/Fire" }, "geometry": { "type": "Point", "coordinates": [ 125.28399025737113, -8.815976366820573 ] } },
{ "type": "Feature", "properties": { "id": 3019, "alert_type": "Deforestation/Fire" }, "geometry": { "type": "Point", "coordinates": [ 125.29782431274657, -8.815976366820573 ] } },
{ "type": "Feature", "properties": { "id": 3020, "alert_type": "Deforestation/Fire" }, "geometry": { "type": "Point", "coordinates": [ 125.378133699146858, -8.815976366820573 ] } },
{ "type": "Feature", "properties": { "id": 3021, "alert_type": "Deforestation/Fire" }, "geometry": { "type": "Point", "coordinates": [ 125.37831336220367, -8.815976366820573 ] } },
{ "type": "Feature", "properties": { "id": 3022, "alert_type": "Deforestation/Fire" }, "geometry": { "type": "Point", "coordinates": [ 125.378493025260497, -8.815976366820573 ] } },
{ "type": "Feature", "properties": { "id": 3023, "alert_type": "Deforestation/Fire" }, "geometry": { "type": "Point", "coordinates": [ 125.279319017893698, -8.816156029877396 ] } },
{ "type": "Feature", "properties": { "id": 3024, "alert_type": "Deforestation/Fire" }, "geometry": { "type": "Point", "coordinates": [ 125.279678344007351, -8.816156029877396 ] } },
{ "type": "Feature", "properties": { "id": 3025, "alert_type": "Deforestation/Fire" }, "geometry": { "type": "Point", "coordinates": [ 125.280037670121004, -8.816156029877396 ] } },
{ "type": "Feature", "properties": { "id": 3026, "alert_type": "Deforestation/Fire" }, "geometry": { "type": "Point", "coordinates": [ 125.37831336220367, -8.816156029877396 ] } },
{ "type": "Feature", "properties": { "id": 3027, "alert_type": "Deforestation/Fire" }, "geometry": { "type": "Point", "coordinates": [ 125.378672688317323, -8.816156029877396 ] } },
{ "type": "Feature", "properties": { "id": 3028, "alert_type": "Deforestation/Fire" }, "geometry": { "type": "Point", "coordinates": [ 125.279858007064178, -8.816335692934221 ] } },
{ "type": "Feature", "properties": { "id": 3029, "alert_type": "Deforestation/Fire" }, "geometry": { "type": "Point", "coordinates": [ 125.382984601681102, -8.816335692934221 ] } },
{ "type": "Feature", "properties": { "id": 3030, "alert_type": "Deforestation/Fire" }, "geometry": { "type": "Point", "coordinates": [ 125.433649583705431, -8.816335692934221 ] } },
{ "type": "Feature", "properties": { "id": 3031, "alert_type": "Deforestation/Fire" }, "geometry": { "type": "Point", "coordinates": [ 125.279678344007351, -8.816515355991044 ] } },
{ "type": "Feature", "properties": { "id": 3032, "alert_type": "Deforestation/Fire" }, "geometry": { "type": "Point", "coordinates": [ 125.279858007064178, -8.816515355991044 ] } },
{ "type": "Feature", "properties": { "id": 3033, "alert_type": "Deforestation/Fire" }, "geometry": { "type": "Point", "coordinates": [ 125.285427561825713, -8.816515355991044 ] } },
{ "type": "Feature", "properties": { "id": 3034, "alert_type": "Deforestation/Fire" }, "geometry": { "type": "Point", "coordinates": [ 125.297464986632917, -8.816515355991044 ] } },
{ "type": "Feature", "properties": { "id": 3035, "alert_type": "Deforestation/Fire" }, "geometry": { "type": "Point", "coordinates": [ 125.305370161133169, -8.816515355991044 ] } },
{ "type": "Feature", "properties": { "id": 3036, "alert_type": "Deforestation/Fire" }, "geometry": { "type": "Point", "coordinates": [ 125.390710113124527, -8.816515355991044 ] } },
{ "type": "Feature", "properties": { "id": 3037, "alert_type": "Deforestation/Fire" }, "geometry": { "type": "Point", "coordinates": [ 125.396818657056542, -8.816515355991044 ] } },
{ "type": "Feature", "properties": { "id": 3038, "alert_type": "Deforestation/Fire" }, "geometry": { "type": "Point", "coordinates": [ 125.444249704058052, -8.816515355991044 ] } },
{ "type": "Feature", "properties": { "id": 3039, "alert_type": "Deforestation/Fire" }, "geometry": { "type": "Point", "coordinates": [ 125.279858007064178, -8.816695019047868 ] } },
{ "type": "Feature", "properties": { "id": 3040, "alert_type": "Deforestation/Fire" }, "geometry": { "type": "Point", "coordinates": [ 125.281295311518761, -8.816695019047868 ] } },
{ "type": "Feature", "properties": { "id": 3041, "alert_type": "Deforestation/Fire" }, "geometry": { "type": "Point", "coordinates": [ 125.282912279030185, -8.816695019047868 ] } },
{ "type": "Feature", "properties": { "id": 3042, "alert_type": "Deforestation/Fire" }, "geometry": { "type": "Point", "coordinates": [ 125.420713843614124, -8.816695019047868 ] } },
{ "type": "Feature", "properties": { "id": 3043, "alert_type": "Deforestation/Fire" }, "geometry": { "type": "Point", "coordinates": [ 125.444070041001225, -8.816695019047868 ] } },
{ "type": "Feature", "properties": { "id": 3044, "alert_type": "Deforestation/Fire" }, "geometry": { "type": "Point", "coordinates": [ 125.279858007064178, -8.816874682104691 ] } },
{ "type": "Feature", "properties": { "id": 3045, "alert_type": "Deforestation/Fire" }, "geometry": { "type": "Point", "coordinates": [ 125.296925997462452, -8.817054345161516 ] } },
{ "type": "Feature", "properties": { "id": 3046, "alert_type": "Deforestation/Fire" }, "geometry": { "type": "Point", "coordinates": [ 125.29998026942846, -8.817054345161516 ] } },
{ "type": "Feature", "properties": { "id": 3047, "alert_type": "Deforestation/Fire" }, "geometry": { "type": "Point", "coordinates": [ 125.407957766579614, -8.817054345161516 ] } },
{ "type": "Feature", "properties": { "id": 3048, "alert_type": "Deforestation/Fire" }, "geometry": { "type": "Point", "coordinates": [ 125.444249704058052, -8.817054345161516 ] } },
{ "type": "Feature", "properties": { "id": 3049, "alert_type": "Deforestation/Fire" }, "geometry": { "type": "Point", "coordinates": [ 125.297644649689744, -8.817234008218341 ] } },
{ "type": "Feature", "properties": { "id": 3050, "alert_type": "Deforestation/Fire" }, "geometry": { "type": "Point", "coordinates": [ 125.40095090736348, -8.817234008218341 ] } },
{ "type": "Feature", "properties": { "id": 3051, "alert_type": "Deforestation/Fire" }, "geometry": { "type": "Point", "coordinates": [ 125.39987292902255, -8.817413671275164 ] } },
{ "type": "Feature", "properties": { "id": 3052, "alert_type": "Deforestation/Fire" }, "geometry": { "type": "Point", "coordinates": [ 125.44514801934217, -8.817413671275164 ] } },
{ "type": "Feature", "properties": { "id": 3053, "alert_type": "Deforestation/Fire" }, "geometry": { "type": "Point", "coordinates": [ 125.445687008512635, -8.817413671275164 ] } },
{ "type": "Feature", "properties": { "id": 3054, "alert_type": "Deforestation/Fire" }, "geometry": { "type": "Point", "coordinates": [ 125.280756322348296, -8.817772997388811 ] } },
{ "type": "Feature", "properties": { "id": 3055, "alert_type": "Deforestation/Fire" }, "geometry": { "type": "Point", "coordinates": [ 125.309502411440121, -8.817772997388811 ] } },
{ "type": "Feature", "properties": { "id": 3056, "alert_type": "Deforestation/Fire" }, "geometry": { "type": "Point", "coordinates": [ 125.397896635397487, -8.817772997388811 ] } },
{ "type": "Feature", "properties": { "id": 3057, "alert_type": "Deforestation/Fire" }, "geometry": { "type": "Point", "coordinates": [ 125.446046334626288, -8.817772997388811 ] } },
{ "type": "Feature", "properties": { "id": 3058, "alert_type": "Deforestation/Fire" }, "geometry": { "type": "Point", "coordinates": [ 125.446225997683115, -8.817772997388811 ] } },
{ "type": "Feature", "properties": { "id": 3059, "alert_type": "Deforestation/Fire" }, "geometry": { "type": "Point", "coordinates": [ 125.309322748383295, -8.817952660445636 ] } },
{ "type": "Feature", "properties": { "id": 3060, "alert_type": "Deforestation/Fire" }, "geometry": { "type": "Point", "coordinates": [ 125.434008909819084, -8.817952660445636 ] } },
{ "type": "Feature", "properties": { "id": 3061, "alert_type": "Deforestation/Fire" }, "geometry": { "type": "Point", "coordinates": [ 125.44892094353547, -8.817952660445636 ] } },
{ "type": "Feature", "properties": { "id": 3062, "alert_type": "Deforestation/Fire" }, "geometry": { "type": "Point", "coordinates": [ 125.280217333177816, -8.818132323502459 ] } },
{ "type": "Feature", "properties": { "id": 3063, "alert_type": "Deforestation/Fire" }, "geometry": { "type": "Point", "coordinates": [ 125.280935985405122, -8.818132323502459 ] } },
{ "type": "Feature", "properties": { "id": 3064, "alert_type": "Deforestation/Fire" }, "geometry": { "type": "Point", "coordinates": [ 125.281115648461949, -8.818132323502459 ] } },
{ "type": "Feature", "properties": { "id": 3065, "alert_type": "Deforestation/Fire" }, "geometry": { "type": "Point", "coordinates": [ 125.281295311518761, -8.818132323502459 ] } },
{ "type": "Feature", "properties": { "id": 3066, "alert_type": "Deforestation/Fire" }, "geometry": { "type": "Point", "coordinates": [ 125.448741280478643, -8.818132323502459 ] } },
{ "type": "Feature", "properties": { "id": 3067, "alert_type": "Deforestation/Fire" }, "geometry": { "type": "Point", "coordinates": [ 125.449100606592296, -8.818132323502459 ] } },
{ "type": "Feature", "properties": { "id": 3068, "alert_type": "Deforestation/Fire" }, "geometry": { "type": "Point", "coordinates": [ 125.280396996234643, -8.818311986559284 ] } },
{ "type": "Feature", "properties": { "id": 3069, "alert_type": "Deforestation/Fire" }, "geometry": { "type": "Point", "coordinates": [ 125.281115648461949, -8.818311986559284 ] } },
{ "type": "Feature", "properties": { "id": 3070, "alert_type": "Deforestation/Fire" }, "geometry": { "type": "Point", "coordinates": [ 125.281474974575588, -8.818311986559284 ] } },
{ "type": "Feature", "properties": { "id": 3071, "alert_type": "Deforestation/Fire" }, "geometry": { "type": "Point", "coordinates": [ 125.28345126820065, -8.818311986559284 ] } },
{ "type": "Feature", "properties": { "id": 3072, "alert_type": "Deforestation/Fire" }, "geometry": { "type": "Point", "coordinates": [ 125.454490498297005, -8.818491649616107 ] } },
{ "type": "Feature", "properties": { "id": 3073, "alert_type": "Deforestation/Fire" }, "geometry": { "type": "Point", "coordinates": [ 125.283810594314303, -8.818671312672931 ] } },
{ "type": "Feature", "properties": { "id": 3074, "alert_type": "Deforestation/Fire" }, "geometry": { "type": "Point", "coordinates": [ 125.28399025737113, -8.818671312672931 ] } },
{ "type": "Feature", "properties": { "id": 3075, "alert_type": "Deforestation/Fire" }, "geometry": { "type": "Point", "coordinates": [ 125.346153675032198, -8.818671312672931 ] } },
{ "type": "Feature", "properties": { "id": 3076, "alert_type": "Deforestation/Fire" }, "geometry": { "type": "Point", "coordinates": [ 125.365197959055536, -8.818671312672931 ] } },
{ "type": "Feature", "properties": { "id": 3077, "alert_type": "Deforestation/Fire" }, "geometry": { "type": "Point", "coordinates": [ 125.386398199760748, -8.818671312672931 ] } },
{ "type": "Feature", "properties": { "id": 3078, "alert_type": "Deforestation/Fire" }, "geometry": { "type": "Point", "coordinates": [ 125.436164866500974, -8.818671312672931 ] } },
{ "type": "Feature", "properties": { "id": 3079, "alert_type": "Deforestation/Fire" }, "geometry": { "type": "Point", "coordinates": [ 125.346153675032198, -8.818850975729754 ] } },
{ "type": "Feature", "properties": { "id": 3080, "alert_type": "Deforestation/Fire" }, "geometry": { "type": "Point", "coordinates": [ 125.348668957827726, -8.818850975729754 ] } },
{ "type": "Feature", "properties": { "id": 3081, "alert_type": "Deforestation/Fire" }, "geometry": { "type": "Point", "coordinates": [ 125.448381954365004, -8.818850975729754 ] } },
{ "type": "Feature", "properties": { "id": 3082, "alert_type": "Deforestation/Fire" }, "geometry": { "type": "Point", "coordinates": [ 125.281834300689241, -8.819030638786579 ] } },
{ "type": "Feature", "properties": { "id": 3083, "alert_type": "Deforestation/Fire" }, "geometry": { "type": "Point", "coordinates": [ 125.283630931257477, -8.819030638786579 ] } },
{ "type": "Feature", "properties": { "id": 3084, "alert_type": "Deforestation/Fire" }, "geometry": { "type": "Point", "coordinates": [ 125.284169920427942, -8.819030638786579 ] } },
{ "type": "Feature", "properties": { "id": 3085, "alert_type": "Deforestation/Fire" }, "geometry": { "type": "Point", "coordinates": [ 125.348848620884553, -8.819030638786579 ] } },
{ "type": "Feature", "properties": { "id": 3086, "alert_type": "Deforestation/Fire" }, "geometry": { "type": "Point", "coordinates": [ 125.448561617421817, -8.819030638786579 ] } },
{ "type": "Feature", "properties": { "id": 3087, "alert_type": "Deforestation/Fire" }, "geometry": { "type": "Point", "coordinates": [ 125.284169920427942, -8.819210301843404 ] } },
{ "type": "Feature", "properties": { "id": 3088, "alert_type": "Deforestation/Fire" }, "geometry": { "type": "Point", "coordinates": [ 125.283630931257477, -8.819389964900227 ] } },
{ "type": "Feature", "properties": { "id": 3089, "alert_type": "Deforestation/Fire" }, "geometry": { "type": "Point", "coordinates": [ 125.28399025737113, -8.819389964900227 ] } },
{ "type": "Feature", "properties": { "id": 3090, "alert_type": "Deforestation/Fire" }, "geometry": { "type": "Point", "coordinates": [ 125.361964024032702, -8.819749291013874 ] } },
{ "type": "Feature", "properties": { "id": 3091, "alert_type": "Deforestation/Fire" }, "geometry": { "type": "Point", "coordinates": [ 125.453053193842422, -8.819749291013874 ] } },
{ "type": "Feature", "properties": { "id": 3092, "alert_type": "Deforestation/Fire" }, "geometry": { "type": "Point", "coordinates": [ 125.453592183012887, -8.819749291013874 ] } },
{ "type": "Feature", "properties": { "id": 3093, "alert_type": "Deforestation/Fire" }, "geometry": { "type": "Point", "coordinates": [ 125.453771846069714, -8.819749291013874 ] } },
{ "type": "Feature", "properties": { "id": 3094, "alert_type": "Deforestation/Fire" }, "geometry": { "type": "Point", "coordinates": [ 125.286505540166658, -8.820108617127522 ] } },
{ "type": "Feature", "properties": { "id": 3095, "alert_type": "Deforestation/Fire" }, "geometry": { "type": "Point", "coordinates": [ 125.357652110668923, -8.820108617127522 ] } },
{ "type": "Feature", "properties": { "id": 3096, "alert_type": "Deforestation/Fire" }, "geometry": { "type": "Point", "coordinates": [ 125.366455600453293, -8.820108617127522 ] } },
{ "type": "Feature", "properties": { "id": 3097, "alert_type": "Deforestation/Fire" }, "geometry": { "type": "Point", "coordinates": [ 125.453232856899248, -8.820108617127522 ] } },
{ "type": "Feature", "properties": { "id": 3098, "alert_type": "Deforestation/Fire" }, "geometry": { "type": "Point", "coordinates": [ 125.453412519956061, -8.820108617127522 ] } },
{ "type": "Feature", "properties": { "id": 3099, "alert_type": "Deforestation/Fire" }, "geometry": { "type": "Point", "coordinates": [ 125.352082555907387, -8.820288280184347 ] } },
{ "type": "Feature", "properties": { "id": 3100, "alert_type": "Deforestation/Fire" }, "geometry": { "type": "Point", "coordinates": [ 125.432032616194022, -8.820288280184347 ] } },
{ "type": "Feature", "properties": { "id": 3101, "alert_type": "Deforestation/Fire" }, "geometry": { "type": "Point", "coordinates": [ 125.445866671569462, -8.820288280184347 ] } },
{ "type": "Feature", "properties": { "id": 3102, "alert_type": "Deforestation/Fire" }, "geometry": { "type": "Point", "coordinates": [ 125.453592183012887, -8.820288280184347 ] } },
{ "type": "Feature", "properties": { "id": 3103, "alert_type": "Deforestation/Fire" }, "geometry": { "type": "Point", "coordinates": [ 125.456287128865256, -8.820288280184347 ] } },
{ "type": "Feature", "properties": { "id": 3104, "alert_type": "Deforestation/Fire" }, "geometry": { "type": "Point", "coordinates": [ 125.487009511582144, -8.820288280184347 ] } },
{ "type": "Feature", "properties": { "id": 3105, "alert_type": "Deforestation/Fire" }, "geometry": { "type": "Point", "coordinates": [ 125.308065106985524, -8.820467943241169 ] } },
{ "type": "Feature", "properties": { "id": 3106, "alert_type": "Deforestation/Fire" }, "geometry": { "type": "Point", "coordinates": [ 125.361425034862222, -8.820467943241169 ] } },
{ "type": "Feature", "properties": { "id": 3107, "alert_type": "Deforestation/Fire" }, "geometry": { "type": "Point", "coordinates": [ 125.432032616194022, -8.820467943241169 ] } },
{ "type": "Feature", "properties": { "id": 3108, "alert_type": "Deforestation/Fire" }, "geometry": { "type": "Point", "coordinates": [ 125.454849824410658, -8.820467943241169 ] } },
{ "type": "Feature", "properties": { "id": 3109, "alert_type": "Deforestation/Fire" }, "geometry": { "type": "Point", "coordinates": [ 125.28560722488254, -8.820647606297994 ] } },
{ "type": "Feature", "properties": { "id": 3110, "alert_type": "Deforestation/Fire" }, "geometry": { "type": "Point", "coordinates": [ 125.287583518507603, -8.820647606297994 ] } },
{ "type": "Feature", "properties": { "id": 3111, "alert_type": "Deforestation/Fire" }, "geometry": { "type": "Point", "coordinates": [ 125.361604697919049, -8.820647606297994 ] } },
{ "type": "Feature", "properties": { "id": 3112, "alert_type": "Deforestation/Fire" }, "geometry": { "type": "Point", "coordinates": [ 125.305010835019516, -8.820827269354817 ] } },
{ "type": "Feature", "properties": { "id": 3113, "alert_type": "Deforestation/Fire" }, "geometry": { "type": "Point", "coordinates": [ 125.36124537180541, -8.820827269354817 ] } },
{ "type": "Feature", "properties": { "id": 3114, "alert_type": "Deforestation/Fire" }, "geometry": { "type": "Point", "coordinates": [ 125.361425034862222, -8.820827269354817 ] } },
{ "type": "Feature", "properties": { "id": 3115, "alert_type": "Deforestation/Fire" }, "geometry": { "type": "Point", "coordinates": [ 125.372564144385308, -8.820827269354817 ] } },
{ "type": "Feature", "properties": { "id": 3116, "alert_type": "Deforestation/Fire" }, "geometry": { "type": "Point", "coordinates": [ 125.373462459669426, -8.821006932411642 ] } },
{ "type": "Feature", "properties": { "id": 3117, "alert_type": "Deforestation/Fire" }, "geometry": { "type": "Point", "coordinates": [ 125.403466190159023, -8.821006932411642 ] } },
{ "type": "Feature", "properties": { "id": 3118, "alert_type": "Deforestation/Fire" }, "geometry": { "type": "Point", "coordinates": [ 125.304831171962704, -8.821186595468467 ] } },
{ "type": "Feature", "properties": { "id": 3119, "alert_type": "Deforestation/Fire" }, "geometry": { "type": "Point", "coordinates": [ 125.412988332170684, -8.821186595468467 ] } },
{ "type": "Feature", "properties": { "id": 3120, "alert_type": "Deforestation/Fire" }, "geometry": { "type": "Point", "coordinates": [ 125.414425636625282, -8.821186595468467 ] } },
{ "type": "Feature", "properties": { "id": 3121, "alert_type": "Deforestation/Fire" }, "geometry": { "type": "Point", "coordinates": [ 125.456466791922068, -8.821186595468467 ] } },
{ "type": "Feature", "properties": { "id": 3122, "alert_type": "Deforestation/Fire" }, "geometry": { "type": "Point", "coordinates": [ 125.479104337081878, -8.821186595468467 ] } },
{ "type": "Feature", "properties": { "id": 3123, "alert_type": "Deforestation/Fire" }, "geometry": { "type": "Point", "coordinates": [ 125.302854878337641, -8.821366258525289 ] } },
{ "type": "Feature", "properties": { "id": 3124, "alert_type": "Deforestation/Fire" }, "geometry": { "type": "Point", "coordinates": [ 125.303034541394453, -8.821366258525289 ] } },
{ "type": "Feature", "properties": { "id": 3125, "alert_type": "Deforestation/Fire" }, "geometry": { "type": "Point", "coordinates": [ 125.398255961511126, -8.821366258525289 ] } },
{ "type": "Feature", "properties": { "id": 3126, "alert_type": "Deforestation/Fire" }, "geometry": { "type": "Point", "coordinates": [ 125.456826118035721, -8.821366258525289 ] } },
{ "type": "Feature", "properties": { "id": 3127, "alert_type": "Deforestation/Fire" }, "geometry": { "type": "Point", "coordinates": [ 125.288841159905374, -8.821545921582114 ] } },
{ "type": "Feature", "properties": { "id": 3128, "alert_type": "Deforestation/Fire" }, "geometry": { "type": "Point", "coordinates": [ 125.456826118035721, -8.821545921582114 ] } },
{ "type": "Feature", "properties": { "id": 3129, "alert_type": "Deforestation/Fire" }, "geometry": { "type": "Point", "coordinates": [ 125.457185444149374, -8.821725584638937 ] } },
{ "type": "Feature", "properties": { "id": 3130, "alert_type": "Deforestation/Fire" }, "geometry": { "type": "Point", "coordinates": [ 125.413167995227511, -8.822084910752585 ] } },
{ "type": "Feature", "properties": { "id": 3131, "alert_type": "Deforestation/Fire" }, "geometry": { "type": "Point", "coordinates": [ 125.424486767807423, -8.822084910752585 ] } },
{ "type": "Feature", "properties": { "id": 3132, "alert_type": "Deforestation/Fire" }, "geometry": { "type": "Point", "coordinates": [ 125.457185444149374, -8.822084910752585 ] } },
{ "type": "Feature", "properties": { "id": 3133, "alert_type": "Deforestation/Fire" }, "geometry": { "type": "Point", "coordinates": [ 125.457365107206186, -8.822084910752585 ] } },
{ "type": "Feature", "properties": { "id": 3134, "alert_type": "Deforestation/Fire" }, "geometry": { "type": "Point", "coordinates": [ 125.457544770263013, -8.822084910752585 ] } },
{ "type": "Feature", "properties": { "id": 3135, "alert_type": "Deforestation/Fire" }, "geometry": { "type": "Point", "coordinates": [ 125.457724433319839, -8.822084910752585 ] } },
{ "type": "Feature", "properties": { "id": 3136, "alert_type": "Deforestation/Fire" }, "geometry": { "type": "Point", "coordinates": [ 125.458263422490319, -8.822084910752585 ] } },
{ "type": "Feature", "properties": { "id": 3137, "alert_type": "Deforestation/Fire" }, "geometry": { "type": "Point", "coordinates": [ 125.286146214053005, -8.822264573809409 ] } },
{ "type": "Feature", "properties": { "id": 3138, "alert_type": "Deforestation/Fire" }, "geometry": { "type": "Point", "coordinates": [ 125.309861737553774, -8.822264573809409 ] } },
{ "type": "Feature", "properties": { "id": 3139, "alert_type": "Deforestation/Fire" }, "geometry": { "type": "Point", "coordinates": [ 125.315610955372136, -8.822623899923057 ] } },
{ "type": "Feature", "properties": { "id": 3140, "alert_type": "Deforestation/Fire" }, "geometry": { "type": "Point", "coordinates": [ 125.287044529337138, -8.822803562979882 ] } },
{ "type": "Feature", "properties": { "id": 3141, "alert_type": "Deforestation/Fire" }, "geometry": { "type": "Point", "coordinates": [ 125.433469920648619, -8.822803562979882 ] } },
{ "type": "Feature", "properties": { "id": 3142, "alert_type": "Deforestation/Fire" }, "geometry": { "type": "Point", "coordinates": [ 125.289380149075839, -8.822983226036705 ] } },
{ "type": "Feature", "properties": { "id": 3143, "alert_type": "Deforestation/Fire" }, "geometry": { "type": "Point", "coordinates": [ 125.42251047418236, -8.822983226036705 ] } },
{ "type": "Feature", "properties": { "id": 3144, "alert_type": "Deforestation/Fire" }, "geometry": { "type": "Point", "coordinates": [ 125.431673290080369, -8.822983226036705 ] } },
{ "type": "Feature", "properties": { "id": 3145, "alert_type": "Deforestation/Fire" }, "geometry": { "type": "Point", "coordinates": [ 125.37831336220367, -8.823162889093529 ] } },
{ "type": "Feature", "properties": { "id": 3146, "alert_type": "Deforestation/Fire" }, "geometry": { "type": "Point", "coordinates": [ 125.409035744920558, -8.823162889093529 ] } },
{ "type": "Feature", "properties": { "id": 3147, "alert_type": "Deforestation/Fire" }, "geometry": { "type": "Point", "coordinates": [ 125.42251047418236, -8.823162889093529 ] } },
{ "type": "Feature", "properties": { "id": 3148, "alert_type": "Deforestation/Fire" }, "geometry": { "type": "Point", "coordinates": [ 125.431134300909903, -8.823162889093529 ] } },
{ "type": "Feature", "properties": { "id": 3149, "alert_type": "Deforestation/Fire" }, "geometry": { "type": "Point", "coordinates": [ 125.285966550996193, -8.823342552150352 ] } },
{ "type": "Feature", "properties": { "id": 3150, "alert_type": "Deforestation/Fire" }, "geometry": { "type": "Point", "coordinates": [ 125.322977140701909, -8.823342552150352 ] } },
{ "type": "Feature", "properties": { "id": 3151, "alert_type": "Deforestation/Fire" }, "geometry": { "type": "Point", "coordinates": [ 125.37831336220367, -8.823342552150352 ] } },
{ "type": "Feature", "properties": { "id": 3152, "alert_type": "Deforestation/Fire" }, "geometry": { "type": "Point", "coordinates": [ 125.422330811125534, -8.823342552150352 ] } },
{ "type": "Feature", "properties": { "id": 3153, "alert_type": "Deforestation/Fire" }, "geometry": { "type": "Point", "coordinates": [ 125.422869800295999, -8.823342552150352 ] } },
{ "type": "Feature", "properties": { "id": 3154, "alert_type": "Deforestation/Fire" }, "geometry": { "type": "Point", "coordinates": [ 125.2890208229622, -8.823522215207177 ] } },
{ "type": "Feature", "properties": { "id": 3155, "alert_type": "Deforestation/Fire" }, "geometry": { "type": "Point", "coordinates": [ 125.298003975803397, -8.823522215207177 ] } },
{ "type": "Feature", "properties": { "id": 3156, "alert_type": "Deforestation/Fire" }, "geometry": { "type": "Point", "coordinates": [ 125.298363301917036, -8.823522215207177 ] } },
{ "type": "Feature", "properties": { "id": 3157, "alert_type": "Deforestation/Fire" }, "geometry": { "type": "Point", "coordinates": [ 125.378493025260497, -8.823522215207177 ] } },
{ "type": "Feature", "properties": { "id": 3158, "alert_type": "Deforestation/Fire" }, "geometry": { "type": "Point", "coordinates": [ 125.423229126409652, -8.823522215207177 ] } },
{ "type": "Feature", "properties": { "id": 3159, "alert_type": "Deforestation/Fire" }, "geometry": { "type": "Point", "coordinates": [ 125.28560722488254, -8.823701878264 ] } },
{ "type": "Feature", "properties": { "id": 3160, "alert_type": "Deforestation/Fire" }, "geometry": { "type": "Point", "coordinates": [ 125.286146214053005, -8.823701878264 ] } },
{ "type": "Feature", "properties": { "id": 3161, "alert_type": "Deforestation/Fire" }, "geometry": { "type": "Point", "coordinates": [ 125.378133699146858, -8.823701878264 ] } },
{ "type": "Feature", "properties": { "id": 3162, "alert_type": "Deforestation/Fire" }, "geometry": { "type": "Point", "coordinates": [ 125.422869800295999, -8.823701878264 ] } },
{ "type": "Feature", "properties": { "id": 3163, "alert_type": "Deforestation/Fire" }, "geometry": { "type": "Point", "coordinates": [ 125.377774373033205, -8.823881541320825 ] } },
{ "type": "Feature", "properties": { "id": 3164, "alert_type": "Deforestation/Fire" }, "geometry": { "type": "Point", "coordinates": [ 125.435985203444147, -8.823881541320825 ] } },
{ "type": "Feature", "properties": { "id": 3165, "alert_type": "Deforestation/Fire" }, "geometry": { "type": "Point", "coordinates": [ 125.421971485011881, -8.824061204377648 ] } },
{ "type": "Feature", "properties": { "id": 3166, "alert_type": "Deforestation/Fire" }, "geometry": { "type": "Point", "coordinates": [ 125.490063783548138, -8.824240867434472 ] } },
{ "type": "Feature", "properties": { "id": 3167, "alert_type": "Deforestation/Fire" }, "geometry": { "type": "Point", "coordinates": [ 125.298722628030688, -8.82460019354812 ] } },
{ "type": "Feature", "properties": { "id": 3168, "alert_type": "Deforestation/Fire" }, "geometry": { "type": "Point", "coordinates": [ 125.377415046919552, -8.82460019354812 ] } },
{ "type": "Feature", "properties": { "id": 3169, "alert_type": "Deforestation/Fire" }, "geometry": { "type": "Point", "coordinates": [ 125.437602170955557, -8.82460019354812 ] } },
{ "type": "Feature", "properties": { "id": 3170, "alert_type": "Deforestation/Fire" }, "geometry": { "type": "Point", "coordinates": [ 125.286685203223485, -8.824779856604945 ] } },
{ "type": "Feature", "properties": { "id": 3171, "alert_type": "Deforestation/Fire" }, "geometry": { "type": "Point", "coordinates": [ 125.28722419239395, -8.824779856604945 ] } },
{ "type": "Feature", "properties": { "id": 3172, "alert_type": "Deforestation/Fire" }, "geometry": { "type": "Point", "coordinates": [ 125.287403855450776, -8.824779856604945 ] } },
{ "type": "Feature", "properties": { "id": 3173, "alert_type": "Deforestation/Fire" }, "geometry": { "type": "Point", "coordinates": [ 125.287763181564429, -8.824779856604945 ] } },
{ "type": "Feature", "properties": { "id": 3174, "alert_type": "Deforestation/Fire" }, "geometry": { "type": "Point", "coordinates": [ 125.377415046919552, -8.824779856604945 ] } },
{ "type": "Feature", "properties": { "id": 3175, "alert_type": "Deforestation/Fire" }, "geometry": { "type": "Point", "coordinates": [ 125.436164866500974, -8.824779856604945 ] } },
{ "type": "Feature", "properties": { "id": 3176, "alert_type": "Deforestation/Fire" }, "geometry": { "type": "Point", "coordinates": [ 125.28722419239395, -8.824959519661768 ] } },
{ "type": "Feature", "properties": { "id": 3177, "alert_type": "Deforestation/Fire" }, "geometry": { "type": "Point", "coordinates": [ 125.437063181785092, -8.824959519661768 ] } },
{ "type": "Feature", "properties": { "id": 3178, "alert_type": "Deforestation/Fire" }, "geometry": { "type": "Point", "coordinates": [ 125.459161737774437, -8.824959519661768 ] } },
{ "type": "Feature", "properties": { "id": 3179, "alert_type": "Deforestation/Fire" }, "geometry": { "type": "Point", "coordinates": [ 125.488985805207207, -8.824959519661768 ] } },
{ "type": "Feature", "properties": { "id": 3180, "alert_type": "Deforestation/Fire" }, "geometry": { "type": "Point", "coordinates": [ 125.437063181785092, -8.825139182718592 ] } },
{ "type": "Feature", "properties": { "id": 3181, "alert_type": "Deforestation/Fire" }, "geometry": { "type": "Point", "coordinates": [ 125.488626479093554, -8.825139182718592 ] } },
{ "type": "Feature", "properties": { "id": 3182, "alert_type": "Deforestation/Fire" }, "geometry": { "type": "Point", "coordinates": [ 125.284349583484769, -8.825318845775415 ] } },
{ "type": "Feature", "properties": { "id": 3183, "alert_type": "Deforestation/Fire" }, "geometry": { "type": "Point", "coordinates": [ 125.435985203444147, -8.825318845775415 ] } },
{ "type": "Feature", "properties": { "id": 3184, "alert_type": "Deforestation/Fire" }, "geometry": { "type": "Point", "coordinates": [ 125.437063181785092, -8.825318845775415 ] } },
{ "type": "Feature", "properties": { "id": 3185, "alert_type": "Deforestation/Fire" }, "geometry": { "type": "Point", "coordinates": [ 125.376876057749087, -8.82549850883224 ] } },
{ "type": "Feature", "properties": { "id": 3186, "alert_type": "Deforestation/Fire" }, "geometry": { "type": "Point", "coordinates": [ 125.436164866500974, -8.82549850883224 ] } },
{ "type": "Feature", "properties": { "id": 3187, "alert_type": "Deforestation/Fire" }, "geometry": { "type": "Point", "coordinates": [ 125.460419379172194, -8.82549850883224 ] } },
{ "type": "Feature", "properties": { "id": 3188, "alert_type": "Deforestation/Fire" }, "geometry": { "type": "Point", "coordinates": [ 125.435625877330494, -8.825678171889063 ] } },
{ "type": "Feature", "properties": { "id": 3189, "alert_type": "Deforestation/Fire" }, "geometry": { "type": "Point", "coordinates": [ 125.3732827966126, -8.826037498002711 ] } },
{ "type": "Feature", "properties": { "id": 3190, "alert_type": "Deforestation/Fire" }, "geometry": { "type": "Point", "coordinates": [ 125.373642122726253, -8.826037498002711 ] } },
{ "type": "Feature", "properties": { "id": 3191, "alert_type": "Deforestation/Fire" }, "geometry": { "type": "Point", "coordinates": [ 125.30878375921283, -8.826396824116358 ] } },
{ "type": "Feature", "properties": { "id": 3192, "alert_type": "Deforestation/Fire" }, "geometry": { "type": "Point", "coordinates": [ 125.478565347911413, -8.826396824116358 ] } },
{ "type": "Feature", "properties": { "id": 3193, "alert_type": "Deforestation/Fire" }, "geometry": { "type": "Point", "coordinates": [ 125.295309029951028, -8.826576487173183 ] } },
{ "type": "Feature", "properties": { "id": 3194, "alert_type": "Deforestation/Fire" }, "geometry": { "type": "Point", "coordinates": [ 125.296027682178334, -8.826576487173183 ] } },
{ "type": "Feature", "properties": { "id": 3195, "alert_type": "Deforestation/Fire" }, "geometry": { "type": "Point", "coordinates": [ 125.377415046919552, -8.826756150230008 ] } },
{ "type": "Feature", "properties": { "id": 3196, "alert_type": "Deforestation/Fire" }, "geometry": { "type": "Point", "coordinates": [ 125.484314565729775, -8.826756150230008 ] } },
{ "type": "Feature", "properties": { "id": 3197, "alert_type": "Deforestation/Fire" }, "geometry": { "type": "Point", "coordinates": [ 125.291715768814555, -8.826935813286831 ] } },
{ "type": "Feature", "properties": { "id": 3198, "alert_type": "Deforestation/Fire" }, "geometry": { "type": "Point", "coordinates": [ 125.368431894078356, -8.826935813286831 ] } },
{ "type": "Feature", "properties": { "id": 3199, "alert_type": "Deforestation/Fire" }, "geometry": { "type": "Point", "coordinates": [ 125.291895431871382, -8.827115476343655 ] } },
{ "type": "Feature", "properties": { "id": 3200, "alert_type": "Deforestation/Fire" }, "geometry": { "type": "Point", "coordinates": [ 125.489165468264019, -8.827115476343655 ] } },
{ "type": "Feature", "properties": { "id": 3201, "alert_type": "Deforestation/Fire" }, "geometry": { "type": "Point", "coordinates": [ 125.493118055514145, -8.827115476343655 ] } },
{ "type": "Feature", "properties": { "id": 3202, "alert_type": "Deforestation/Fire" }, "geometry": { "type": "Point", "coordinates": [ 125.295668356064681, -8.827295139400478 ] } },
{ "type": "Feature", "properties": { "id": 3203, "alert_type": "Deforestation/Fire" }, "geometry": { "type": "Point", "coordinates": [ 125.421971485011881, -8.827295139400478 ] } },
{ "type": "Feature", "properties": { "id": 3204, "alert_type": "Deforestation/Fire" }, "geometry": { "type": "Point", "coordinates": [ 125.454490498297005, -8.827295139400478 ] } },
{ "type": "Feature", "properties": { "id": 3205, "alert_type": "Deforestation/Fire" }, "geometry": { "type": "Point", "coordinates": [ 125.464910955592799, -8.827295139400478 ] } },
{ "type": "Feature", "properties": { "id": 3206, "alert_type": "Deforestation/Fire" }, "geometry": { "type": "Point", "coordinates": [ 125.295488693007854, -8.827474802457303 ] } },
{ "type": "Feature", "properties": { "id": 3207, "alert_type": "Deforestation/Fire" }, "geometry": { "type": "Point", "coordinates": [ 125.296387008291973, -8.827474802457303 ] } },
{ "type": "Feature", "properties": { "id": 3208, "alert_type": "Deforestation/Fire" }, "geometry": { "type": "Point", "coordinates": [ 125.421971485011881, -8.827474802457303 ] } },
{ "type": "Feature", "properties": { "id": 3209, "alert_type": "Deforestation/Fire" }, "geometry": { "type": "Point", "coordinates": [ 125.488626479093554, -8.827474802457303 ] } },
{ "type": "Feature", "properties": { "id": 3210, "alert_type": "Deforestation/Fire" }, "geometry": { "type": "Point", "coordinates": [ 125.459161737774437, -8.827654465514126 ] } },
{ "type": "Feature", "properties": { "id": 3211, "alert_type": "Deforestation/Fire" }, "geometry": { "type": "Point", "coordinates": [ 125.489345131320846, -8.827654465514126 ] } },
{ "type": "Feature", "properties": { "id": 3212, "alert_type": "Deforestation/Fire" }, "geometry": { "type": "Point", "coordinates": [ 125.285427561825713, -8.827834128570951 ] } },
{ "type": "Feature", "properties": { "id": 3213, "alert_type": "Deforestation/Fire" }, "geometry": { "type": "Point", "coordinates": [ 125.295309029951028, -8.827834128570951 ] } },
{ "type": "Feature", "properties": { "id": 3214, "alert_type": "Deforestation/Fire" }, "geometry": { "type": "Point", "coordinates": [ 125.295488693007854, -8.827834128570951 ] } },
{ "type": "Feature", "properties": { "id": 3215, "alert_type": "Deforestation/Fire" }, "geometry": { "type": "Point", "coordinates": [ 125.377415046919552, -8.827834128570951 ] } },
{ "type": "Feature", "properties": { "id": 3216, "alert_type": "Deforestation/Fire" }, "geometry": { "type": "Point", "coordinates": [ 125.306268476417287, -8.828013791627773 ] } },
{ "type": "Feature", "properties": { "id": 3217, "alert_type": "Deforestation/Fire" }, "geometry": { "type": "Point", "coordinates": [ 125.487368837695783, -8.828193454684598 ] } },
{ "type": "Feature", "properties": { "id": 3218, "alert_type": "Deforestation/Fire" }, "geometry": { "type": "Point", "coordinates": [ 125.458982074717611, -8.828373117741421 ] } },
{ "type": "Feature", "properties": { "id": 3219, "alert_type": "Deforestation/Fire" }, "geometry": { "type": "Point", "coordinates": [ 125.450537911046879, -8.828552780798246 ] } },
{ "type": "Feature", "properties": { "id": 3220, "alert_type": "Deforestation/Fire" }, "geometry": { "type": "Point", "coordinates": [ 125.487728163809436, -8.828552780798246 ] } },
{ "type": "Feature", "properties": { "id": 3221, "alert_type": "Deforestation/Fire" }, "geometry": { "type": "Point", "coordinates": [ 125.453771846069714, -8.828912106911893 ] } },
{ "type": "Feature", "properties": { "id": 3222, "alert_type": "Deforestation/Fire" }, "geometry": { "type": "Point", "coordinates": [ 125.45395150912654, -8.828912106911893 ] } },
{ "type": "Feature", "properties": { "id": 3223, "alert_type": "Deforestation/Fire" }, "geometry": { "type": "Point", "coordinates": [ 125.454131172183367, -8.828912106911893 ] } },
{ "type": "Feature", "properties": { "id": 3224, "alert_type": "Deforestation/Fire" }, "geometry": { "type": "Point", "coordinates": [ 125.45395150912654, -8.829091769968718 ] } },
{ "type": "Feature", "properties": { "id": 3225, "alert_type": "Deforestation/Fire" }, "geometry": { "type": "Point", "coordinates": [ 125.287583518507603, -8.829271433025541 ] } },
{ "type": "Feature", "properties": { "id": 3226, "alert_type": "Deforestation/Fire" }, "geometry": { "type": "Point", "coordinates": [ 125.452873530785595, -8.829271433025541 ] } },
{ "type": "Feature", "properties": { "id": 3227, "alert_type": "Deforestation/Fire" }, "geometry": { "type": "Point", "coordinates": [ 125.459521063888076, -8.829271433025541 ] } },
{ "type": "Feature", "properties": { "id": 3228, "alert_type": "Deforestation/Fire" }, "geometry": { "type": "Point", "coordinates": [ 125.458443085547131, -8.829451096082366 ] } },
{ "type": "Feature", "properties": { "id": 3229, "alert_type": "Deforestation/Fire" }, "geometry": { "type": "Point", "coordinates": [ 125.29441071466691, -8.829810422196013 ] } },
{ "type": "Feature", "properties": { "id": 3230, "alert_type": "Deforestation/Fire" }, "geometry": { "type": "Point", "coordinates": [ 125.309322748383295, -8.829810422196013 ] } },
{ "type": "Feature", "properties": { "id": 3231, "alert_type": "Deforestation/Fire" }, "geometry": { "type": "Point", "coordinates": [ 125.311838031178837, -8.829810422196013 ] } },
{ "type": "Feature", "properties": { "id": 3232, "alert_type": "Deforestation/Fire" }, "geometry": { "type": "Point", "coordinates": [ 125.283810594314303, -8.829990085252836 ] } },
{ "type": "Feature", "properties": { "id": 3233, "alert_type": "Deforestation/Fire" }, "geometry": { "type": "Point", "coordinates": [ 125.456107465808429, -8.830169748309661 ] } },
{ "type": "Feature", "properties": { "id": 3234, "alert_type": "Deforestation/Fire" }, "geometry": { "type": "Point", "coordinates": [ 125.461317694456312, -8.830169748309661 ] } },
{ "type": "Feature", "properties": { "id": 3235, "alert_type": "Deforestation/Fire" }, "geometry": { "type": "Point", "coordinates": [ 125.307526117815058, -8.830349411366484 ] } },
{ "type": "Feature", "properties": { "id": 3236, "alert_type": "Deforestation/Fire" }, "geometry": { "type": "Point", "coordinates": [ 125.290997116587263, -8.830529074423309 ] } },
{ "type": "Feature", "properties": { "id": 3237, "alert_type": "Deforestation/Fire" }, "geometry": { "type": "Point", "coordinates": [ 125.302315889167161, -8.830529074423309 ] } },
{ "type": "Feature", "properties": { "id": 3238, "alert_type": "Deforestation/Fire" }, "geometry": { "type": "Point", "coordinates": [ 125.284888572655248, -8.830708737480133 ] } },
{ "type": "Feature", "properties": { "id": 3239, "alert_type": "Deforestation/Fire" }, "geometry": { "type": "Point", "coordinates": [ 125.302136226110335, -8.830708737480133 ] } },
{ "type": "Feature", "properties": { "id": 3240, "alert_type": "Deforestation/Fire" }, "geometry": { "type": "Point", "coordinates": [ 125.302315889167161, -8.830708737480133 ] } },
{ "type": "Feature", "properties": { "id": 3241, "alert_type": "Deforestation/Fire" }, "geometry": { "type": "Point", "coordinates": [ 125.307705780871885, -8.830708737480133 ] } },
{ "type": "Feature", "properties": { "id": 3242, "alert_type": "Deforestation/Fire" }, "geometry": { "type": "Point", "coordinates": [ 125.36286233931682, -8.830708737480133 ] } },
{ "type": "Feature", "properties": { "id": 3243, "alert_type": "Deforestation/Fire" }, "geometry": { "type": "Point", "coordinates": [ 125.364838632941883, -8.830708737480133 ] } },
{ "type": "Feature", "properties": { "id": 3244, "alert_type": "Deforestation/Fire" }, "geometry": { "type": "Point", "coordinates": [ 125.373462459669426, -8.830708737480133 ] } },
{ "type": "Feature", "properties": { "id": 3245, "alert_type": "Deforestation/Fire" }, "geometry": { "type": "Point", "coordinates": [ 125.460060053058555, -8.830708737480133 ] } },
{ "type": "Feature", "properties": { "id": 3246, "alert_type": "Deforestation/Fire" }, "geometry": { "type": "Point", "coordinates": [ 125.282912279030185, -8.830888400536956 ] } },
{ "type": "Feature", "properties": { "id": 3247, "alert_type": "Deforestation/Fire" }, "geometry": { "type": "Point", "coordinates": [ 125.363580991544111, -8.830888400536956 ] } },
{ "type": "Feature", "properties": { "id": 3248, "alert_type": "Deforestation/Fire" }, "geometry": { "type": "Point", "coordinates": [ 125.442453073489816, -8.830888400536956 ] } },
{ "type": "Feature", "properties": { "id": 3249, "alert_type": "Deforestation/Fire" }, "geometry": { "type": "Point", "coordinates": [ 125.454490498297005, -8.830888400536956 ] } },
{ "type": "Feature", "properties": { "id": 3250, "alert_type": "Deforestation/Fire" }, "geometry": { "type": "Point", "coordinates": [ 125.455029487467485, -8.830888400536956 ] } },
{ "type": "Feature", "properties": { "id": 3251, "alert_type": "Deforestation/Fire" }, "geometry": { "type": "Point", "coordinates": [ 125.455209150524311, -8.830888400536956 ] } },
{ "type": "Feature", "properties": { "id": 3252, "alert_type": "Deforestation/Fire" }, "geometry": { "type": "Point", "coordinates": [ 125.46059904222902, -8.830888400536956 ] } },
{ "type": "Feature", "properties": { "id": 3253, "alert_type": "Deforestation/Fire" }, "geometry": { "type": "Point", "coordinates": [ 125.285068235712075, -8.831068063593781 ] } },
{ "type": "Feature", "properties": { "id": 3254, "alert_type": "Deforestation/Fire" }, "geometry": { "type": "Point", "coordinates": [ 125.294231051610083, -8.831068063593781 ] } },
{ "type": "Feature", "properties": { "id": 3255, "alert_type": "Deforestation/Fire" }, "geometry": { "type": "Point", "coordinates": [ 125.301956563053523, -8.831068063593781 ] } },
{ "type": "Feature", "properties": { "id": 3256, "alert_type": "Deforestation/Fire" }, "geometry": { "type": "Point", "coordinates": [ 125.289380149075839, -8.831247726650604 ] } },
{ "type": "Feature", "properties": { "id": 3257, "alert_type": "Deforestation/Fire" }, "geometry": { "type": "Point", "coordinates": [ 125.300159932485272, -8.831247726650604 ] } },
{ "type": "Feature", "properties": { "id": 3258, "alert_type": "Deforestation/Fire" }, "geometry": { "type": "Point", "coordinates": [ 125.308065106985524, -8.831247726650604 ] } },
{ "type": "Feature", "properties": { "id": 3259, "alert_type": "Deforestation/Fire" }, "geometry": { "type": "Point", "coordinates": [ 125.402747537931731, -8.831247726650604 ] } },
{ "type": "Feature", "properties": { "id": 3260, "alert_type": "Deforestation/Fire" }, "geometry": { "type": "Point", "coordinates": [ 125.300159932485272, -8.831427389707429 ] } },
{ "type": "Feature", "properties": { "id": 3261, "alert_type": "Deforestation/Fire" }, "geometry": { "type": "Point", "coordinates": [ 125.300519258598925, -8.831427389707429 ] } },
{ "type": "Feature", "properties": { "id": 3262, "alert_type": "Deforestation/Fire" }, "geometry": { "type": "Point", "coordinates": [ 125.300698921655751, -8.831427389707429 ] } },
{ "type": "Feature", "properties": { "id": 3263, "alert_type": "Deforestation/Fire" }, "geometry": { "type": "Point", "coordinates": [ 125.300878584712578, -8.831427389707429 ] } },
{ "type": "Feature", "properties": { "id": 3264, "alert_type": "Deforestation/Fire" }, "geometry": { "type": "Point", "coordinates": [ 125.301237910826217, -8.831427389707429 ] } },
{ "type": "Feature", "properties": { "id": 3265, "alert_type": "Deforestation/Fire" }, "geometry": { "type": "Point", "coordinates": [ 125.309861737553774, -8.831427389707429 ] } },
{ "type": "Feature", "properties": { "id": 3266, "alert_type": "Deforestation/Fire" }, "geometry": { "type": "Point", "coordinates": [ 125.282912279030185, -8.831607052764252 ] } },
{ "type": "Feature", "properties": { "id": 3267, "alert_type": "Deforestation/Fire" }, "geometry": { "type": "Point", "coordinates": [ 125.300519258598925, -8.831607052764252 ] } },
{ "type": "Feature", "properties": { "id": 3268, "alert_type": "Deforestation/Fire" }, "geometry": { "type": "Point", "coordinates": [ 125.300698921655751, -8.831607052764252 ] } },
{ "type": "Feature", "properties": { "id": 3269, "alert_type": "Deforestation/Fire" }, "geometry": { "type": "Point", "coordinates": [ 125.300878584712578, -8.831607052764252 ] } },
{ "type": "Feature", "properties": { "id": 3270, "alert_type": "Deforestation/Fire" }, "geometry": { "type": "Point", "coordinates": [ 125.452514204671942, -8.831607052764252 ] } },
{ "type": "Feature", "properties": { "id": 3271, "alert_type": "Deforestation/Fire" }, "geometry": { "type": "Point", "coordinates": [ 125.300878584712578, -8.831786715821076 ] } },
{ "type": "Feature", "properties": { "id": 3272, "alert_type": "Deforestation/Fire" }, "geometry": { "type": "Point", "coordinates": [ 125.301417573883043, -8.831786715821076 ] } },
{ "type": "Feature", "properties": { "id": 3273, "alert_type": "Deforestation/Fire" }, "geometry": { "type": "Point", "coordinates": [ 125.442992062660281, -8.831786715821076 ] } },
{ "type": "Feature", "properties": { "id": 3274, "alert_type": "Deforestation/Fire" }, "geometry": { "type": "Point", "coordinates": [ 125.443171725717107, -8.831786715821076 ] } },
{ "type": "Feature", "properties": { "id": 3275, "alert_type": "Deforestation/Fire" }, "geometry": { "type": "Point", "coordinates": [ 125.443710714887573, -8.831786715821076 ] } },
{ "type": "Feature", "properties": { "id": 3276, "alert_type": "Deforestation/Fire" }, "geometry": { "type": "Point", "coordinates": [ 125.453232856899248, -8.831786715821076 ] } },
{ "type": "Feature", "properties": { "id": 3277, "alert_type": "Deforestation/Fire" }, "geometry": { "type": "Point", "coordinates": [ 125.453592183012887, -8.831786715821076 ] } },
{ "type": "Feature", "properties": { "id": 3278, "alert_type": "Deforestation/Fire" }, "geometry": { "type": "Point", "coordinates": [ 125.29944128025798, -8.831966378877899 ] } },
{ "type": "Feature", "properties": { "id": 3279, "alert_type": "Deforestation/Fire" }, "geometry": { "type": "Point", "coordinates": [ 125.30105824776939, -8.831966378877899 ] } },
{ "type": "Feature", "properties": { "id": 3280, "alert_type": "Deforestation/Fire" }, "geometry": { "type": "Point", "coordinates": [ 125.301237910826217, -8.831966378877899 ] } },
{ "type": "Feature", "properties": { "id": 3281, "alert_type": "Deforestation/Fire" }, "geometry": { "type": "Point", "coordinates": [ 125.301956563053523, -8.831966378877899 ] } },
{ "type": "Feature", "properties": { "id": 3282, "alert_type": "Deforestation/Fire" }, "geometry": { "type": "Point", "coordinates": [ 125.423049463352825, -8.831966378877899 ] } },
{ "type": "Feature", "properties": { "id": 3283, "alert_type": "Deforestation/Fire" }, "geometry": { "type": "Point", "coordinates": [ 125.45556847663795, -8.831966378877899 ] } },
{ "type": "Feature", "properties": { "id": 3284, "alert_type": "Deforestation/Fire" }, "geometry": { "type": "Point", "coordinates": [ 125.365377622112348, -8.832146041934724 ] } },
{ "type": "Feature", "properties": { "id": 3285, "alert_type": "Deforestation/Fire" }, "geometry": { "type": "Point", "coordinates": [ 125.453592183012887, -8.832146041934724 ] } },
{ "type": "Feature", "properties": { "id": 3286, "alert_type": "Deforestation/Fire" }, "geometry": { "type": "Point", "coordinates": [ 125.300339595542098, -8.832325704991549 ] } },
{ "type": "Feature", "properties": { "id": 3287, "alert_type": "Deforestation/Fire" }, "geometry": { "type": "Point", "coordinates": [ 125.300519258598925, -8.832325704991549 ] } },
{ "type": "Feature", "properties": { "id": 3288, "alert_type": "Deforestation/Fire" }, "geometry": { "type": "Point", "coordinates": [ 125.282552952916532, -8.832505368048372 ] } },
{ "type": "Feature", "properties": { "id": 3289, "alert_type": "Deforestation/Fire" }, "geometry": { "type": "Point", "coordinates": [ 125.282912279030185, -8.832505368048372 ] } },
{ "type": "Feature", "properties": { "id": 3290, "alert_type": "Deforestation/Fire" }, "geometry": { "type": "Point", "coordinates": [ 125.29782431274657, -8.832505368048372 ] } },
{ "type": "Feature", "properties": { "id": 3291, "alert_type": "Deforestation/Fire" }, "geometry": { "type": "Point", "coordinates": [ 125.300519258598925, -8.832505368048372 ] } },
{ "type": "Feature", "properties": { "id": 3292, "alert_type": "Deforestation/Fire" }, "geometry": { "type": "Point", "coordinates": [ 125.30159723693987, -8.832505368048372 ] } },
{ "type": "Feature", "properties": { "id": 3293, "alert_type": "Deforestation/Fire" }, "geometry": { "type": "Point", "coordinates": [ 125.283091942087012, -8.832685031105196 ] } },
{ "type": "Feature", "properties": { "id": 3294, "alert_type": "Deforestation/Fire" }, "geometry": { "type": "Point", "coordinates": [ 125.282912279030185, -8.832864694162019 ] } },
{ "type": "Feature", "properties": { "id": 3295, "alert_type": "Deforestation/Fire" }, "geometry": { "type": "Point", "coordinates": [ 125.283091942087012, -8.832864694162019 ] } },
{ "type": "Feature", "properties": { "id": 3296, "alert_type": "Deforestation/Fire" }, "geometry": { "type": "Point", "coordinates": [ 125.283271605143824, -8.832864694162019 ] } },
{ "type": "Feature", "properties": { "id": 3297, "alert_type": "Deforestation/Fire" }, "geometry": { "type": "Point", "coordinates": [ 125.282732615973359, -8.833044357218844 ] } },
{ "type": "Feature", "properties": { "id": 3298, "alert_type": "Deforestation/Fire" }, "geometry": { "type": "Point", "coordinates": [ 125.283271605143824, -8.833044357218844 ] } },
{ "type": "Feature", "properties": { "id": 3299, "alert_type": "Deforestation/Fire" }, "geometry": { "type": "Point", "coordinates": [ 125.28345126820065, -8.833044357218844 ] } },
{ "type": "Feature", "properties": { "id": 3300, "alert_type": "Deforestation/Fire" }, "geometry": { "type": "Point", "coordinates": [ 125.404544168499967, -8.833044357218844 ] } },
{ "type": "Feature", "properties": { "id": 3301, "alert_type": "Deforestation/Fire" }, "geometry": { "type": "Point", "coordinates": [ 125.502280871412168, -8.833044357218844 ] } },
{ "type": "Feature", "properties": { "id": 3302, "alert_type": "Deforestation/Fire" }, "geometry": { "type": "Point", "coordinates": [ 125.282373289859706, -8.833224020275667 ] } },
{ "type": "Feature", "properties": { "id": 3303, "alert_type": "Deforestation/Fire" }, "geometry": { "type": "Point", "coordinates": [ 125.282732615973359, -8.833224020275667 ] } },
{ "type": "Feature", "properties": { "id": 3304, "alert_type": "Deforestation/Fire" }, "geometry": { "type": "Point", "coordinates": [ 125.283271605143824, -8.833224020275667 ] } },
{ "type": "Feature", "properties": { "id": 3305, "alert_type": "Deforestation/Fire" }, "geometry": { "type": "Point", "coordinates": [ 125.302495552223988, -8.833224020275667 ] } },
{ "type": "Feature", "properties": { "id": 3306, "alert_type": "Deforestation/Fire" }, "geometry": { "type": "Point", "coordinates": [ 125.282732615973359, -8.833403683332492 ] } },
{ "type": "Feature", "properties": { "id": 3307, "alert_type": "Deforestation/Fire" }, "geometry": { "type": "Point", "coordinates": [ 125.283271605143824, -8.833403683332492 ] } },
{ "type": "Feature", "properties": { "id": 3308, "alert_type": "Deforestation/Fire" }, "geometry": { "type": "Point", "coordinates": [ 125.298722628030688, -8.833403683332492 ] } },
{ "type": "Feature", "properties": { "id": 3309, "alert_type": "Deforestation/Fire" }, "geometry": { "type": "Point", "coordinates": [ 125.302675215280814, -8.833403683332492 ] } },
{ "type": "Feature", "properties": { "id": 3310, "alert_type": "Deforestation/Fire" }, "geometry": { "type": "Point", "coordinates": [ 125.448022628251351, -8.833403683332492 ] } },
{ "type": "Feature", "properties": { "id": 3311, "alert_type": "Deforestation/Fire" }, "geometry": { "type": "Point", "coordinates": [ 125.282552952916532, -8.833583346389315 ] } },
{ "type": "Feature", "properties": { "id": 3312, "alert_type": "Deforestation/Fire" }, "geometry": { "type": "Point", "coordinates": [ 125.283271605143824, -8.833583346389315 ] } },
{ "type": "Feature", "properties": { "id": 3313, "alert_type": "Deforestation/Fire" }, "geometry": { "type": "Point", "coordinates": [ 125.283810594314303, -8.833583346389315 ] } },
{ "type": "Feature", "properties": { "id": 3314, "alert_type": "Deforestation/Fire" }, "geometry": { "type": "Point", "coordinates": [ 125.28399025737113, -8.833583346389315 ] } },
{ "type": "Feature", "properties": { "id": 3315, "alert_type": "Deforestation/Fire" }, "geometry": { "type": "Point", "coordinates": [ 125.284708909598422, -8.833583346389315 ] } },
{ "type": "Feature", "properties": { "id": 3316, "alert_type": "Deforestation/Fire" }, "geometry": { "type": "Point", "coordinates": [ 125.296746334405626, -8.833583346389315 ] } },
{ "type": "Feature", "properties": { "id": 3317, "alert_type": "Deforestation/Fire" }, "geometry": { "type": "Point", "coordinates": [ 125.297644649689744, -8.833583346389315 ] } },
{ "type": "Feature", "properties": { "id": 3318, "alert_type": "Deforestation/Fire" }, "geometry": { "type": "Point", "coordinates": [ 125.324773771270145, -8.833583346389315 ] } },
{ "type": "Feature", "properties": { "id": 3319, "alert_type": "Deforestation/Fire" }, "geometry": { "type": "Point", "coordinates": [ 125.282552952916532, -8.833763009446139 ] } },
{ "type": "Feature", "properties": { "id": 3320, "alert_type": "Deforestation/Fire" }, "geometry": { "type": "Point", "coordinates": [ 125.282732615973359, -8.833763009446139 ] } },
{ "type": "Feature", "properties": { "id": 3321, "alert_type": "Deforestation/Fire" }, "geometry": { "type": "Point", "coordinates": [ 125.283271605143824, -8.833763009446139 ] } },
{ "type": "Feature", "properties": { "id": 3322, "alert_type": "Deforestation/Fire" }, "geometry": { "type": "Point", "coordinates": [ 125.283630931257477, -8.833763009446139 ] } },
{ "type": "Feature", "properties": { "id": 3323, "alert_type": "Deforestation/Fire" }, "geometry": { "type": "Point", "coordinates": [ 125.284529246541595, -8.833763009446139 ] } },
{ "type": "Feature", "properties": { "id": 3324, "alert_type": "Deforestation/Fire" }, "geometry": { "type": "Point", "coordinates": [ 125.29944128025798, -8.833763009446139 ] } },
{ "type": "Feature", "properties": { "id": 3325, "alert_type": "Deforestation/Fire" }, "geometry": { "type": "Point", "coordinates": [ 125.299620943314807, -8.833763009446139 ] } },
{ "type": "Feature", "properties": { "id": 3326, "alert_type": "Deforestation/Fire" }, "geometry": { "type": "Point", "coordinates": [ 125.302854878337641, -8.833763009446139 ] } },
{ "type": "Feature", "properties": { "id": 3327, "alert_type": "Deforestation/Fire" }, "geometry": { "type": "Point", "coordinates": [ 125.30321420445128, -8.833763009446139 ] } },
{ "type": "Feature", "properties": { "id": 3328, "alert_type": "Deforestation/Fire" }, "geometry": { "type": "Point", "coordinates": [ 125.382804938624275, -8.833763009446139 ] } },
{ "type": "Feature", "properties": { "id": 3329, "alert_type": "Deforestation/Fire" }, "geometry": { "type": "Point", "coordinates": [ 125.283271605143824, -8.833942672502962 ] } },
{ "type": "Feature", "properties": { "id": 3330, "alert_type": "Deforestation/Fire" }, "geometry": { "type": "Point", "coordinates": [ 125.28345126820065, -8.833942672502962 ] } },
{ "type": "Feature", "properties": { "id": 3331, "alert_type": "Deforestation/Fire" }, "geometry": { "type": "Point", "coordinates": [ 125.283630931257477, -8.833942672502962 ] } },
{ "type": "Feature", "properties": { "id": 3332, "alert_type": "Deforestation/Fire" }, "geometry": { "type": "Point", "coordinates": [ 125.283810594314303, -8.833942672502962 ] } },
{ "type": "Feature", "properties": { "id": 3333, "alert_type": "Deforestation/Fire" }, "geometry": { "type": "Point", "coordinates": [ 125.29063779047361, -8.833942672502962 ] } },
{ "type": "Feature", "properties": { "id": 3334, "alert_type": "Deforestation/Fire" }, "geometry": { "type": "Point", "coordinates": [ 125.296746334405626, -8.833942672502962 ] } },
{ "type": "Feature", "properties": { "id": 3335, "alert_type": "Deforestation/Fire" }, "geometry": { "type": "Point", "coordinates": [ 125.298363301917036, -8.833942672502962 ] } },
{ "type": "Feature", "properties": { "id": 3336, "alert_type": "Deforestation/Fire" }, "geometry": { "type": "Point", "coordinates": [ 125.29944128025798, -8.833942672502962 ] } },
{ "type": "Feature", "properties": { "id": 3337, "alert_type": "Deforestation/Fire" }, "geometry": { "type": "Point", "coordinates": [ 125.299620943314807, -8.833942672502962 ] } },
{ "type": "Feature", "properties": { "id": 3338, "alert_type": "Deforestation/Fire" }, "geometry": { "type": "Point", "coordinates": [ 125.373821785783079, -8.833942672502962 ] } },
{ "type": "Feature", "properties": { "id": 3339, "alert_type": "Deforestation/Fire" }, "geometry": { "type": "Point", "coordinates": [ 125.450358247990067, -8.833942672502962 ] } },
{ "type": "Feature", "properties": { "id": 3340, "alert_type": "Deforestation/Fire" }, "geometry": { "type": "Point", "coordinates": [ 125.28345126820065, -8.834122335559787 ] } },
{ "type": "Feature", "properties": { "id": 3341, "alert_type": "Deforestation/Fire" }, "geometry": { "type": "Point", "coordinates": [ 125.29782431274657, -8.834122335559787 ] } },
{ "type": "Feature", "properties": { "id": 3342, "alert_type": "Deforestation/Fire" }, "geometry": { "type": "Point", "coordinates": [ 125.298183638860209, -8.834122335559787 ] } },
{ "type": "Feature", "properties": { "id": 3343, "alert_type": "Deforestation/Fire" }, "geometry": { "type": "Point", "coordinates": [ 125.298542964973862, -8.834122335559787 ] } },
{ "type": "Feature", "properties": { "id": 3344, "alert_type": "Deforestation/Fire" }, "geometry": { "type": "Point", "coordinates": [ 125.303034541394453, -8.834122335559787 ] } },
{ "type": "Feature", "properties": { "id": 3345, "alert_type": "Deforestation/Fire" }, "geometry": { "type": "Point", "coordinates": [ 125.4611380313995, -8.834122335559787 ] } },
{ "type": "Feature", "properties": { "id": 3346, "alert_type": "Deforestation/Fire" }, "geometry": { "type": "Point", "coordinates": [ 125.282732615973359, -8.834301998616612 ] } },
{ "type": "Feature", "properties": { "id": 3347, "alert_type": "Deforestation/Fire" }, "geometry": { "type": "Point", "coordinates": [ 125.29782431274657, -8.834301998616612 ] } },
{ "type": "Feature", "properties": { "id": 3348, "alert_type": "Deforestation/Fire" }, "geometry": { "type": "Point", "coordinates": [ 125.298003975803397, -8.834301998616612 ] } },
{ "type": "Feature", "properties": { "id": 3349, "alert_type": "Deforestation/Fire" }, "geometry": { "type": "Point", "coordinates": [ 125.300339595542098, -8.834301998616612 ] } },
{ "type": "Feature", "properties": { "id": 3350, "alert_type": "Deforestation/Fire" }, "geometry": { "type": "Point", "coordinates": [ 125.337709511361467, -8.834301998616612 ] } },
{ "type": "Feature", "properties": { "id": 3351, "alert_type": "Deforestation/Fire" }, "geometry": { "type": "Point", "coordinates": [ 125.337889174418294, -8.834301998616612 ] } },
{ "type": "Feature", "properties": { "id": 3352, "alert_type": "Deforestation/Fire" }, "geometry": { "type": "Point", "coordinates": [ 125.33806883747512, -8.834301998616612 ] } },
{ "type": "Feature", "properties": { "id": 3353, "alert_type": "Deforestation/Fire" }, "geometry": { "type": "Point", "coordinates": [ 125.282732615973359, -8.834481661673435 ] } },
{ "type": "Feature", "properties": { "id": 3354, "alert_type": "Deforestation/Fire" }, "geometry": { "type": "Point", "coordinates": [ 125.302675215280814, -8.834481661673435 ] } },
{ "type": "Feature", "properties": { "id": 3355, "alert_type": "Deforestation/Fire" }, "geometry": { "type": "Point", "coordinates": [ 125.426463061432486, -8.834481661673435 ] } },
{ "type": "Feature", "properties": { "id": 3356, "alert_type": "Deforestation/Fire" }, "geometry": { "type": "Point", "coordinates": [ 125.30105824776939, -8.834661324730259 ] } },
{ "type": "Feature", "properties": { "id": 3357, "alert_type": "Deforestation/Fire" }, "geometry": { "type": "Point", "coordinates": [ 125.301237910826217, -8.834661324730259 ] } },
{ "type": "Feature", "properties": { "id": 3358, "alert_type": "Deforestation/Fire" }, "geometry": { "type": "Point", "coordinates": [ 125.337709511361467, -8.834661324730259 ] } },
{ "type": "Feature", "properties": { "id": 3359, "alert_type": "Deforestation/Fire" }, "geometry": { "type": "Point", "coordinates": [ 125.291176779644076, -8.834840987787082 ] } },
{ "type": "Feature", "properties": { "id": 3360, "alert_type": "Deforestation/Fire" }, "geometry": { "type": "Point", "coordinates": [ 125.291356442700902, -8.835020650843907 ] } },
{ "type": "Feature", "properties": { "id": 3361, "alert_type": "Deforestation/Fire" }, "geometry": { "type": "Point", "coordinates": [ 125.300519258598925, -8.835020650843907 ] } },
{ "type": "Feature", "properties": { "id": 3362, "alert_type": "Deforestation/Fire" }, "geometry": { "type": "Point", "coordinates": [ 125.30105824776939, -8.835020650843907 ] } },
{ "type": "Feature", "properties": { "id": 3363, "alert_type": "Deforestation/Fire" }, "geometry": { "type": "Point", "coordinates": [ 125.436524192614627, -8.835020650843907 ] } },
{ "type": "Feature", "properties": { "id": 3364, "alert_type": "Deforestation/Fire" }, "geometry": { "type": "Point", "coordinates": [ 125.436703855671439, -8.835020650843907 ] } },
{ "type": "Feature", "properties": { "id": 3365, "alert_type": "Deforestation/Fire" }, "geometry": { "type": "Point", "coordinates": [ 125.337529848304655, -8.83520031390073 ] } },
{ "type": "Feature", "properties": { "id": 3366, "alert_type": "Deforestation/Fire" }, "geometry": { "type": "Point", "coordinates": [ 125.430595311739438, -8.83520031390073 ] } },
{ "type": "Feature", "properties": { "id": 3367, "alert_type": "Deforestation/Fire" }, "geometry": { "type": "Point", "coordinates": [ 125.43077497479625, -8.83520031390073 ] } },
{ "type": "Feature", "properties": { "id": 3368, "alert_type": "Deforestation/Fire" }, "geometry": { "type": "Point", "coordinates": [ 125.478565347911413, -8.835379976957555 ] } },
{ "type": "Feature", "properties": { "id": 3369, "alert_type": "Deforestation/Fire" }, "geometry": { "type": "Point", "coordinates": [ 125.373642122726253, -8.835739303071202 ] } },
{ "type": "Feature", "properties": { "id": 3370, "alert_type": "Deforestation/Fire" }, "geometry": { "type": "Point", "coordinates": [ 125.283091942087012, -8.83609862918485 ] } },
{ "type": "Feature", "properties": { "id": 3371, "alert_type": "Deforestation/Fire" }, "geometry": { "type": "Point", "coordinates": [ 125.284169920427942, -8.83609862918485 ] } },
{ "type": "Feature", "properties": { "id": 3372, "alert_type": "Deforestation/Fire" }, "geometry": { "type": "Point", "coordinates": [ 125.300339595542098, -8.83609862918485 ] } },
{ "type": "Feature", "properties": { "id": 3373, "alert_type": "Deforestation/Fire" }, "geometry": { "type": "Point", "coordinates": [ 125.300698921655751, -8.83609862918485 ] } },
{ "type": "Feature", "properties": { "id": 3374, "alert_type": "Deforestation/Fire" }, "geometry": { "type": "Point", "coordinates": [ 125.396279667886063, -8.83609862918485 ] } },
{ "type": "Feature", "properties": { "id": 3375, "alert_type": "Deforestation/Fire" }, "geometry": { "type": "Point", "coordinates": [ 125.298003975803397, -8.836278292241674 ] } },
{ "type": "Feature", "properties": { "id": 3376, "alert_type": "Deforestation/Fire" }, "geometry": { "type": "Point", "coordinates": [ 125.298183638860209, -8.836278292241674 ] } },
{ "type": "Feature", "properties": { "id": 3377, "alert_type": "Deforestation/Fire" }, "geometry": { "type": "Point", "coordinates": [ 125.298363301917036, -8.836278292241674 ] } },
{ "type": "Feature", "properties": { "id": 3378, "alert_type": "Deforestation/Fire" }, "geometry": { "type": "Point", "coordinates": [ 125.300519258598925, -8.836278292241674 ] } },
{ "type": "Feature", "properties": { "id": 3379, "alert_type": "Deforestation/Fire" }, "geometry": { "type": "Point", "coordinates": [ 125.284169920427942, -8.836457955298497 ] } },
{ "type": "Feature", "properties": { "id": 3380, "alert_type": "Deforestation/Fire" }, "geometry": { "type": "Point", "coordinates": [ 125.337529848304655, -8.836457955298497 ] } },
{ "type": "Feature", "properties": { "id": 3381, "alert_type": "Deforestation/Fire" }, "geometry": { "type": "Point", "coordinates": [ 125.337529848304655, -8.836637618355322 ] } },
{ "type": "Feature", "properties": { "id": 3382, "alert_type": "Deforestation/Fire" }, "geometry": { "type": "Point", "coordinates": [ 125.449998921876414, -8.836637618355322 ] } },
{ "type": "Feature", "properties": { "id": 3383, "alert_type": "Deforestation/Fire" }, "geometry": { "type": "Point", "coordinates": [ 125.28399025737113, -8.83699694446897 ] } },
{ "type": "Feature", "properties": { "id": 3384, "alert_type": "Deforestation/Fire" }, "geometry": { "type": "Point", "coordinates": [ 125.336990859134175, -8.83699694446897 ] } },
{ "type": "Feature", "properties": { "id": 3385, "alert_type": "Deforestation/Fire" }, "geometry": { "type": "Point", "coordinates": [ 125.432751268421313, -8.83699694446897 ] } },
{ "type": "Feature", "properties": { "id": 3386, "alert_type": "Deforestation/Fire" }, "geometry": { "type": "Point", "coordinates": [ 125.363940317657764, -8.837176607525793 ] } },
{ "type": "Feature", "properties": { "id": 3387, "alert_type": "Deforestation/Fire" }, "geometry": { "type": "Point", "coordinates": [ 125.435446214273682, -8.837176607525793 ] } },
{ "type": "Feature", "properties": { "id": 3388, "alert_type": "Deforestation/Fire" }, "geometry": { "type": "Point", "coordinates": [ 125.435625877330494, -8.837176607525793 ] } },
{ "type": "Feature", "properties": { "id": 3389, "alert_type": "Deforestation/Fire" }, "geometry": { "type": "Point", "coordinates": [ 125.337170522191002, -8.837356270582617 ] } },
{ "type": "Feature", "properties": { "id": 3390, "alert_type": "Deforestation/Fire" }, "geometry": { "type": "Point", "coordinates": [ 125.431134300909903, -8.837356270582617 ] } },
{ "type": "Feature", "properties": { "id": 3391, "alert_type": "Deforestation/Fire" }, "geometry": { "type": "Point", "coordinates": [ 125.432391942307675, -8.837356270582617 ] } },
{ "type": "Feature", "properties": { "id": 3392, "alert_type": "Deforestation/Fire" }, "geometry": { "type": "Point", "coordinates": [ 125.436164866500974, -8.837356270582617 ] } },
{ "type": "Feature", "properties": { "id": 3393, "alert_type": "Deforestation/Fire" }, "geometry": { "type": "Point", "coordinates": [ 125.463832977251855, -8.837356270582617 ] } },
{ "type": "Feature", "properties": { "id": 3394, "alert_type": "Deforestation/Fire" }, "geometry": { "type": "Point", "coordinates": [ 125.29944128025798, -8.837715596696265 ] } },
{ "type": "Feature", "properties": { "id": 3395, "alert_type": "Deforestation/Fire" }, "geometry": { "type": "Point", "coordinates": [ 125.339146815816065, -8.837715596696265 ] } },
{ "type": "Feature", "properties": { "id": 3396, "alert_type": "Deforestation/Fire" }, "geometry": { "type": "Point", "coordinates": [ 125.435625877330494, -8.837715596696265 ] } },
{ "type": "Feature", "properties": { "id": 3397, "alert_type": "Deforestation/Fire" }, "geometry": { "type": "Point", "coordinates": [ 125.435985203444147, -8.837715596696265 ] } },
{ "type": "Feature", "properties": { "id": 3398, "alert_type": "Deforestation/Fire" }, "geometry": { "type": "Point", "coordinates": [ 125.432571605364501, -8.83789525975309 ] } },
{ "type": "Feature", "properties": { "id": 3399, "alert_type": "Deforestation/Fire" }, "geometry": { "type": "Point", "coordinates": [ 125.432751268421313, -8.83789525975309 ] } },
{ "type": "Feature", "properties": { "id": 3400, "alert_type": "Deforestation/Fire" }, "geometry": { "type": "Point", "coordinates": [ 125.435446214273682, -8.83789525975309 ] } },
{ "type": "Feature", "properties": { "id": 3401, "alert_type": "Deforestation/Fire" }, "geometry": { "type": "Point", "coordinates": [ 125.336990859134175, -8.838074922809913 ] } },
{ "type": "Feature", "properties": { "id": 3402, "alert_type": "Deforestation/Fire" }, "geometry": { "type": "Point", "coordinates": [ 125.412629006057045, -8.838074922809913 ] } },
{ "type": "Feature", "properties": { "id": 3403, "alert_type": "Deforestation/Fire" }, "geometry": { "type": "Point", "coordinates": [ 125.336811196077349, -8.838254585866737 ] } },
{ "type": "Feature", "properties": { "id": 3404, "alert_type": "Deforestation/Fire" }, "geometry": { "type": "Point", "coordinates": [ 125.442273410432989, -8.838254585866737 ] } },
{ "type": "Feature", "properties": { "id": 3405, "alert_type": "Deforestation/Fire" }, "geometry": { "type": "Point", "coordinates": [ 125.286146214053005, -8.83843424892356 ] } },
{ "type": "Feature", "properties": { "id": 3406, "alert_type": "Deforestation/Fire" }, "geometry": { "type": "Point", "coordinates": [ 125.286325877109832, -8.83843424892356 ] } },
{ "type": "Feature", "properties": { "id": 3407, "alert_type": "Deforestation/Fire" }, "geometry": { "type": "Point", "coordinates": [ 125.286864866280311, -8.83843424892356 ] } },
{ "type": "Feature", "properties": { "id": 3408, "alert_type": "Deforestation/Fire" }, "geometry": { "type": "Point", "coordinates": [ 125.336811196077349, -8.83843424892356 ] } },
{ "type": "Feature", "properties": { "id": 3409, "alert_type": "Deforestation/Fire" }, "geometry": { "type": "Point", "coordinates": [ 125.372025155214843, -8.83843424892356 ] } },
{ "type": "Feature", "properties": { "id": 3410, "alert_type": "Deforestation/Fire" }, "geometry": { "type": "Point", "coordinates": [ 125.441554758205683, -8.83843424892356 ] } },
{ "type": "Feature", "properties": { "id": 3411, "alert_type": "Deforestation/Fire" }, "geometry": { "type": "Point", "coordinates": [ 125.286685203223485, -8.838613911980385 ] } },
{ "type": "Feature", "properties": { "id": 3412, "alert_type": "Deforestation/Fire" }, "geometry": { "type": "Point", "coordinates": [ 125.286864866280311, -8.838613911980385 ] } },
{ "type": "Feature", "properties": { "id": 3413, "alert_type": "Deforestation/Fire" }, "geometry": { "type": "Point", "coordinates": [ 125.287044529337138, -8.838613911980385 ] } },
{ "type": "Feature", "properties": { "id": 3414, "alert_type": "Deforestation/Fire" }, "geometry": { "type": "Point", "coordinates": [ 125.28722419239395, -8.838613911980385 ] } },
{ "type": "Feature", "properties": { "id": 3415, "alert_type": "Deforestation/Fire" }, "geometry": { "type": "Point", "coordinates": [ 125.287403855450776, -8.838613911980385 ] } },
{ "type": "Feature", "properties": { "id": 3416, "alert_type": "Deforestation/Fire" }, "geometry": { "type": "Point", "coordinates": [ 125.288122507678068, -8.838613911980385 ] } },
{ "type": "Feature", "properties": { "id": 3417, "alert_type": "Deforestation/Fire" }, "geometry": { "type": "Point", "coordinates": [ 125.33645186996371, -8.838613911980385 ] } },
{ "type": "Feature", "properties": { "id": 3418, "alert_type": "Deforestation/Fire" }, "geometry": { "type": "Point", "coordinates": [ 125.287403855450776, -8.838793575037208 ] } },
{ "type": "Feature", "properties": { "id": 3419, "alert_type": "Deforestation/Fire" }, "geometry": { "type": "Point", "coordinates": [ 125.288122507678068, -8.838793575037208 ] } },
{ "type": "Feature", "properties": { "id": 3420, "alert_type": "Deforestation/Fire" }, "geometry": { "type": "Point", "coordinates": [ 125.440656442921565, -8.838793575037208 ] } },
{ "type": "Feature", "properties": { "id": 3421, "alert_type": "Deforestation/Fire" }, "geometry": { "type": "Point", "coordinates": [ 125.282193626802879, -8.838973238094033 ] } },
{ "type": "Feature", "properties": { "id": 3422, "alert_type": "Deforestation/Fire" }, "geometry": { "type": "Point", "coordinates": [ 125.298902291087515, -8.838973238094033 ] } },
{ "type": "Feature", "properties": { "id": 3423, "alert_type": "Deforestation/Fire" }, "geometry": { "type": "Point", "coordinates": [ 125.335733217736404, -8.838973238094033 ] } },
{ "type": "Feature", "properties": { "id": 3424, "alert_type": "Deforestation/Fire" }, "geometry": { "type": "Point", "coordinates": [ 125.371845492158016, -8.838973238094033 ] } },
{ "type": "Feature", "properties": { "id": 3425, "alert_type": "Deforestation/Fire" }, "geometry": { "type": "Point", "coordinates": [ 125.373642122726253, -8.838973238094033 ] } },
{ "type": "Feature", "properties": { "id": 3426, "alert_type": "Deforestation/Fire" }, "geometry": { "type": "Point", "coordinates": [ 125.459161737774437, -8.838973238094033 ] } },
{ "type": "Feature", "properties": { "id": 3427, "alert_type": "Deforestation/Fire" }, "geometry": { "type": "Point", "coordinates": [ 125.371306502987537, -8.839152901150856 ] } },
{ "type": "Feature", "properties": { "id": 3428, "alert_type": "Deforestation/Fire" }, "geometry": { "type": "Point", "coordinates": [ 125.366635263510119, -8.83933256420768 ] } },
{ "type": "Feature", "properties": { "id": 3429, "alert_type": "Deforestation/Fire" }, "geometry": { "type": "Point", "coordinates": [ 125.37004886158978, -8.83933256420768 ] } },
{ "type": "Feature", "properties": { "id": 3430, "alert_type": "Deforestation/Fire" }, "geometry": { "type": "Point", "coordinates": [ 125.372923470498961, -8.83933256420768 ] } },
{ "type": "Feature", "properties": { "id": 3431, "alert_type": "Deforestation/Fire" }, "geometry": { "type": "Point", "coordinates": [ 125.335733217736404, -8.839512227264503 ] } },
{ "type": "Feature", "properties": { "id": 3432, "alert_type": "Deforestation/Fire" }, "geometry": { "type": "Point", "coordinates": [ 125.370228524646606, -8.839512227264503 ] } },
{ "type": "Feature", "properties": { "id": 3433, "alert_type": "Deforestation/Fire" }, "geometry": { "type": "Point", "coordinates": [ 125.37166582910119, -8.839512227264503 ] } },
{ "type": "Feature", "properties": { "id": 3434, "alert_type": "Deforestation/Fire" }, "geometry": { "type": "Point", "coordinates": [ 125.373642122726253, -8.839512227264503 ] } },
{ "type": "Feature", "properties": { "id": 3435, "alert_type": "Deforestation/Fire" }, "geometry": { "type": "Point", "coordinates": [ 125.40813742963644, -8.839512227264503 ] } },
{ "type": "Feature", "properties": { "id": 3436, "alert_type": "Deforestation/Fire" }, "geometry": { "type": "Point", "coordinates": [ 125.440836105978391, -8.839512227264503 ] } },
{ "type": "Feature", "properties": { "id": 3437, "alert_type": "Deforestation/Fire" }, "geometry": { "type": "Point", "coordinates": [ 125.347770642543608, -8.839691890321328 ] } },
{ "type": "Feature", "properties": { "id": 3438, "alert_type": "Deforestation/Fire" }, "geometry": { "type": "Point", "coordinates": [ 125.371306502987537, -8.839691890321328 ] } },
{ "type": "Feature", "properties": { "id": 3439, "alert_type": "Deforestation/Fire" }, "geometry": { "type": "Point", "coordinates": [ 125.293512399382792, -8.839871553378153 ] } },
{ "type": "Feature", "properties": { "id": 3440, "alert_type": "Deforestation/Fire" }, "geometry": { "type": "Point", "coordinates": [ 125.294051388553271, -8.839871553378153 ] } },
{ "type": "Feature", "properties": { "id": 3441, "alert_type": "Deforestation/Fire" }, "geometry": { "type": "Point", "coordinates": [ 125.3138143248039, -8.839871553378153 ] } },
{ "type": "Feature", "properties": { "id": 3442, "alert_type": "Deforestation/Fire" }, "geometry": { "type": "Point", "coordinates": [ 125.313993987860712, -8.839871553378153 ] } },
{ "type": "Feature", "properties": { "id": 3443, "alert_type": "Deforestation/Fire" }, "geometry": { "type": "Point", "coordinates": [ 125.336092543850057, -8.839871553378153 ] } },
{ "type": "Feature", "properties": { "id": 3444, "alert_type": "Deforestation/Fire" }, "geometry": { "type": "Point", "coordinates": [ 125.369869198532953, -8.839871553378153 ] } },
{ "type": "Feature", "properties": { "id": 3445, "alert_type": "Deforestation/Fire" }, "geometry": { "type": "Point", "coordinates": [ 125.292075094928208, -8.840051216434976 ] } },
{ "type": "Feature", "properties": { "id": 3446, "alert_type": "Deforestation/Fire" }, "geometry": { "type": "Point", "coordinates": [ 125.293332736325965, -8.840051216434976 ] } },
{ "type": "Feature", "properties": { "id": 3447, "alert_type": "Deforestation/Fire" }, "geometry": { "type": "Point", "coordinates": [ 125.293512399382792, -8.840051216434976 ] } },
{ "type": "Feature", "properties": { "id": 3448, "alert_type": "Deforestation/Fire" }, "geometry": { "type": "Point", "coordinates": [ 125.293692062439618, -8.840051216434976 ] } },
{ "type": "Feature", "properties": { "id": 3449, "alert_type": "Deforestation/Fire" }, "geometry": { "type": "Point", "coordinates": [ 125.294051388553271, -8.840051216434976 ] } },
{ "type": "Feature", "properties": { "id": 3450, "alert_type": "Deforestation/Fire" }, "geometry": { "type": "Point", "coordinates": [ 125.313634661747074, -8.840051216434976 ] } },
{ "type": "Feature", "properties": { "id": 3451, "alert_type": "Deforestation/Fire" }, "geometry": { "type": "Point", "coordinates": [ 125.313993987860712, -8.840051216434976 ] } },
{ "type": "Feature", "properties": { "id": 3452, "alert_type": "Deforestation/Fire" }, "geometry": { "type": "Point", "coordinates": [ 125.368252231021543, -8.840051216434976 ] } },
{ "type": "Feature", "properties": { "id": 3453, "alert_type": "Deforestation/Fire" }, "geometry": { "type": "Point", "coordinates": [ 125.40652046212503, -8.840051216434976 ] } },
{ "type": "Feature", "properties": { "id": 3454, "alert_type": "Deforestation/Fire" }, "geometry": { "type": "Point", "coordinates": [ 125.406700125181857, -8.840051216434976 ] } },
{ "type": "Feature", "properties": { "id": 3455, "alert_type": "Deforestation/Fire" }, "geometry": { "type": "Point", "coordinates": [ 125.293512399382792, -8.8402308794918 ] } },
{ "type": "Feature", "properties": { "id": 3456, "alert_type": "Deforestation/Fire" }, "geometry": { "type": "Point", "coordinates": [ 125.293153073269139, -8.840410542548623 ] } },
{ "type": "Feature", "properties": { "id": 3457, "alert_type": "Deforestation/Fire" }, "geometry": { "type": "Point", "coordinates": [ 125.314173650917539, -8.840410542548623 ] } },
{ "type": "Feature", "properties": { "id": 3458, "alert_type": "Deforestation/Fire" }, "geometry": { "type": "Point", "coordinates": [ 125.36789290490789, -8.840410542548623 ] } },
{ "type": "Feature", "properties": { "id": 3459, "alert_type": "Deforestation/Fire" }, "geometry": { "type": "Point", "coordinates": [ 125.407778103522801, -8.840410542548623 ] } },
{ "type": "Feature", "properties": { "id": 3460, "alert_type": "Deforestation/Fire" }, "geometry": { "type": "Point", "coordinates": [ 125.313275335633421, -8.840590205605448 ] } },
{ "type": "Feature", "properties": { "id": 3461, "alert_type": "Deforestation/Fire" }, "geometry": { "type": "Point", "coordinates": [ 125.366455600453293, -8.840590205605448 ] } },
{ "type": "Feature", "properties": { "id": 3462, "alert_type": "Deforestation/Fire" }, "geometry": { "type": "Point", "coordinates": [ 125.367533578794237, -8.840590205605448 ] } },
{ "type": "Feature", "properties": { "id": 3463, "alert_type": "Deforestation/Fire" }, "geometry": { "type": "Point", "coordinates": [ 125.368791220192008, -8.840590205605448 ] } },
{ "type": "Feature", "properties": { "id": 3464, "alert_type": "Deforestation/Fire" }, "geometry": { "type": "Point", "coordinates": [ 125.313095672576594, -8.840769868662271 ] } },
{ "type": "Feature", "properties": { "id": 3465, "alert_type": "Deforestation/Fire" }, "geometry": { "type": "Point", "coordinates": [ 125.313454998690247, -8.840769868662271 ] } },
{ "type": "Feature", "properties": { "id": 3466, "alert_type": "Deforestation/Fire" }, "geometry": { "type": "Point", "coordinates": [ 125.313634661747074, -8.840769868662271 ] } },
{ "type": "Feature", "properties": { "id": 3467, "alert_type": "Deforestation/Fire" }, "geometry": { "type": "Point", "coordinates": [ 125.3138143248039, -8.840769868662271 ] } },
{ "type": "Feature", "properties": { "id": 3468, "alert_type": "Deforestation/Fire" }, "geometry": { "type": "Point", "coordinates": [ 125.313993987860712, -8.840769868662271 ] } },
{ "type": "Feature", "properties": { "id": 3469, "alert_type": "Deforestation/Fire" }, "geometry": { "type": "Point", "coordinates": [ 125.332319619656758, -8.840769868662271 ] } },
{ "type": "Feature", "properties": { "id": 3470, "alert_type": "Deforestation/Fire" }, "geometry": { "type": "Point", "coordinates": [ 125.367174252680599, -8.840769868662271 ] } },
{ "type": "Feature", "properties": { "id": 3471, "alert_type": "Deforestation/Fire" }, "geometry": { "type": "Point", "coordinates": [ 125.368252231021543, -8.840769868662271 ] } },
{ "type": "Feature", "properties": { "id": 3472, "alert_type": "Deforestation/Fire" }, "geometry": { "type": "Point", "coordinates": [ 125.402567874874904, -8.840769868662271 ] } },
{ "type": "Feature", "properties": { "id": 3473, "alert_type": "Deforestation/Fire" }, "geometry": { "type": "Point", "coordinates": [ 125.434727562046376, -8.840769868662271 ] } },
{ "type": "Feature", "properties": { "id": 3474, "alert_type": "Deforestation/Fire" }, "geometry": { "type": "Point", "coordinates": [ 125.289919138246319, -8.840949531719096 ] } },
{ "type": "Feature", "properties": { "id": 3475, "alert_type": "Deforestation/Fire" }, "geometry": { "type": "Point", "coordinates": [ 125.313275335633421, -8.840949531719096 ] } },
{ "type": "Feature", "properties": { "id": 3476, "alert_type": "Deforestation/Fire" }, "geometry": { "type": "Point", "coordinates": [ 125.368252231021543, -8.840949531719096 ] } },
{ "type": "Feature", "properties": { "id": 3477, "alert_type": "Deforestation/Fire" }, "geometry": { "type": "Point", "coordinates": [ 125.434727562046376, -8.840949531719096 ] } },
{ "type": "Feature", "properties": { "id": 3478, "alert_type": "Deforestation/Fire" }, "geometry": { "type": "Point", "coordinates": [ 125.295488693007854, -8.841129194775919 ] } },
{ "type": "Feature", "properties": { "id": 3479, "alert_type": "Deforestation/Fire" }, "geometry": { "type": "Point", "coordinates": [ 125.295668356064681, -8.841129194775919 ] } },
{ "type": "Feature", "properties": { "id": 3480, "alert_type": "Deforestation/Fire" }, "geometry": { "type": "Point", "coordinates": [ 125.313275335633421, -8.841129194775919 ] } },
{ "type": "Feature", "properties": { "id": 3481, "alert_type": "Deforestation/Fire" }, "geometry": { "type": "Point", "coordinates": [ 125.455927802751603, -8.841129194775919 ] } },
{ "type": "Feature", "properties": { "id": 3482, "alert_type": "Deforestation/Fire" }, "geometry": { "type": "Point", "coordinates": [ 125.294949703837389, -8.841308857832743 ] } },
{ "type": "Feature", "properties": { "id": 3483, "alert_type": "Deforestation/Fire" }, "geometry": { "type": "Point", "coordinates": [ 125.312556683406129, -8.841308857832743 ] } },
{ "type": "Feature", "properties": { "id": 3484, "alert_type": "Deforestation/Fire" }, "geometry": { "type": "Point", "coordinates": [ 125.313454998690247, -8.841308857832743 ] } },
{ "type": "Feature", "properties": { "id": 3485, "alert_type": "Deforestation/Fire" }, "geometry": { "type": "Point", "coordinates": [ 125.313634661747074, -8.841308857832743 ] } },
{ "type": "Feature", "properties": { "id": 3486, "alert_type": "Deforestation/Fire" }, "geometry": { "type": "Point", "coordinates": [ 125.331960293543105, -8.841308857832743 ] } },
{ "type": "Feature", "properties": { "id": 3487, "alert_type": "Deforestation/Fire" }, "geometry": { "type": "Point", "coordinates": [ 125.313634661747074, -8.841488520889566 ] } },
{ "type": "Feature", "properties": { "id": 3488, "alert_type": "Deforestation/Fire" }, "geometry": { "type": "Point", "coordinates": [ 125.313634661747074, -8.841668183946391 ] } },
{ "type": "Feature", "properties": { "id": 3489, "alert_type": "Deforestation/Fire" }, "geometry": { "type": "Point", "coordinates": [ 125.291715768814555, -8.841847847003216 ] } },
{ "type": "Feature", "properties": { "id": 3490, "alert_type": "Deforestation/Fire" }, "geometry": { "type": "Point", "coordinates": [ 125.293332736325965, -8.841847847003216 ] } },
{ "type": "Feature", "properties": { "id": 3491, "alert_type": "Deforestation/Fire" }, "geometry": { "type": "Point", "coordinates": [ 125.294770040780563, -8.841847847003216 ] } },
{ "type": "Feature", "properties": { "id": 3492, "alert_type": "Deforestation/Fire" }, "geometry": { "type": "Point", "coordinates": [ 125.292075094928208, -8.842027510060039 ] } },
{ "type": "Feature", "properties": { "id": 3493, "alert_type": "Deforestation/Fire" }, "geometry": { "type": "Point", "coordinates": [ 125.293512399382792, -8.842027510060039 ] } },
{ "type": "Feature", "properties": { "id": 3494, "alert_type": "Deforestation/Fire" }, "geometry": { "type": "Point", "coordinates": [ 125.294770040780563, -8.842207173116863 ] } },
{ "type": "Feature", "properties": { "id": 3495, "alert_type": "Deforestation/Fire" }, "geometry": { "type": "Point", "coordinates": [ 125.294949703837389, -8.842207173116863 ] } },
{ "type": "Feature", "properties": { "id": 3496, "alert_type": "Deforestation/Fire" }, "geometry": { "type": "Point", "coordinates": [ 125.295129366894201, -8.842207173116863 ] } },
{ "type": "Feature", "properties": { "id": 3497, "alert_type": "Deforestation/Fire" }, "geometry": { "type": "Point", "coordinates": [ 125.47820602179776, -8.842207173116863 ] } },
{ "type": "Feature", "properties": { "id": 3498, "alert_type": "Deforestation/Fire" }, "geometry": { "type": "Point", "coordinates": [ 125.481080630706941, -8.842207173116863 ] } },
{ "type": "Feature", "properties": { "id": 3499, "alert_type": "Deforestation/Fire" }, "geometry": { "type": "Point", "coordinates": [ 125.293512399382792, -8.842386836173686 ] } },
{ "type": "Feature", "properties": { "id": 3500, "alert_type": "Deforestation/Fire" }, "geometry": { "type": "Point", "coordinates": [ 125.293692062439618, -8.842386836173686 ] } },
{ "type": "Feature", "properties": { "id": 3501, "alert_type": "Deforestation/Fire" }, "geometry": { "type": "Point", "coordinates": [ 125.29441071466691, -8.842386836173686 ] } },
{ "type": "Feature", "properties": { "id": 3502, "alert_type": "Deforestation/Fire" }, "geometry": { "type": "Point", "coordinates": [ 125.295309029951028, -8.842386836173686 ] } },
{ "type": "Feature", "properties": { "id": 3503, "alert_type": "Deforestation/Fire" }, "geometry": { "type": "Point", "coordinates": [ 125.282732615973359, -8.842566499230511 ] } },
{ "type": "Feature", "properties": { "id": 3504, "alert_type": "Deforestation/Fire" }, "geometry": { "type": "Point", "coordinates": [ 125.295309029951028, -8.842566499230511 ] } },
{ "type": "Feature", "properties": { "id": 3505, "alert_type": "Deforestation/Fire" }, "geometry": { "type": "Point", "coordinates": [ 125.474073771490822, -8.842566499230511 ] } },
{ "type": "Feature", "properties": { "id": 3506, "alert_type": "Deforestation/Fire" }, "geometry": { "type": "Point", "coordinates": [ 125.47874501096824, -8.842566499230511 ] } },
{ "type": "Feature", "properties": { "id": 3507, "alert_type": "Deforestation/Fire" }, "geometry": { "type": "Point", "coordinates": [ 125.491141761889082, -8.842566499230511 ] } },
{ "type": "Feature", "properties": { "id": 3508, "alert_type": "Deforestation/Fire" }, "geometry": { "type": "Point", "coordinates": [ 125.295309029951028, -8.842746162287334 ] } },
{ "type": "Feature", "properties": { "id": 3509, "alert_type": "Deforestation/Fire" }, "geometry": { "type": "Point", "coordinates": [ 125.295488693007854, -8.842925825344158 ] } },
{ "type": "Feature", "properties": { "id": 3510, "alert_type": "Deforestation/Fire" }, "geometry": { "type": "Point", "coordinates": [ 125.366635263510119, -8.843105488400981 ] } },
{ "type": "Feature", "properties": { "id": 3511, "alert_type": "Deforestation/Fire" }, "geometry": { "type": "Point", "coordinates": [ 125.294770040780563, -8.843285151457806 ] } },
{ "type": "Feature", "properties": { "id": 3512, "alert_type": "Deforestation/Fire" }, "geometry": { "type": "Point", "coordinates": [ 125.294949703837389, -8.843285151457806 ] } },
{ "type": "Feature", "properties": { "id": 3513, "alert_type": "Deforestation/Fire" }, "geometry": { "type": "Point", "coordinates": [ 125.491141761889082, -8.843285151457806 ] } },
{ "type": "Feature", "properties": { "id": 3514, "alert_type": "Deforestation/Fire" }, "geometry": { "type": "Point", "coordinates": [ 125.401310233477133, -8.843464814514629 ] } },
{ "type": "Feature", "properties": { "id": 3515, "alert_type": "Deforestation/Fire" }, "geometry": { "type": "Point", "coordinates": [ 125.294770040780563, -8.843644477571454 ] } },
{ "type": "Feature", "properties": { "id": 3516, "alert_type": "Deforestation/Fire" }, "geometry": { "type": "Point", "coordinates": [ 125.39933393985207, -8.844003803685101 ] } },
{ "type": "Feature", "properties": { "id": 3517, "alert_type": "Deforestation/Fire" }, "geometry": { "type": "Point", "coordinates": [ 125.493836707741451, -8.844003803685101 ] } },
{ "type": "Feature", "properties": { "id": 3518, "alert_type": "Deforestation/Fire" }, "geometry": { "type": "Point", "coordinates": [ 125.284708909598422, -8.844183466741926 ] } },
{ "type": "Feature", "properties": { "id": 3519, "alert_type": "Deforestation/Fire" }, "geometry": { "type": "Point", "coordinates": [ 125.285786887939366, -8.844183466741926 ] } },
{ "type": "Feature", "properties": { "id": 3520, "alert_type": "Deforestation/Fire" }, "geometry": { "type": "Point", "coordinates": [ 125.285966550996193, -8.844183466741926 ] } },
{ "type": "Feature", "properties": { "id": 3521, "alert_type": "Deforestation/Fire" }, "geometry": { "type": "Point", "coordinates": [ 125.398615287624779, -8.844183466741926 ] } },
{ "type": "Feature", "properties": { "id": 3522, "alert_type": "Deforestation/Fire" }, "geometry": { "type": "Point", "coordinates": [ 125.287763181564429, -8.844363129798749 ] } },
{ "type": "Feature", "properties": { "id": 3523, "alert_type": "Deforestation/Fire" }, "geometry": { "type": "Point", "coordinates": [ 125.287942844621256, -8.844363129798749 ] } },
{ "type": "Feature", "properties": { "id": 3524, "alert_type": "Deforestation/Fire" }, "geometry": { "type": "Point", "coordinates": [ 125.494375696911916, -8.844363129798749 ] } },
{ "type": "Feature", "properties": { "id": 3525, "alert_type": "Deforestation/Fire" }, "geometry": { "type": "Point", "coordinates": [ 125.285966550996193, -8.844542792855574 ] } },
{ "type": "Feature", "properties": { "id": 3526, "alert_type": "Deforestation/Fire" }, "geometry": { "type": "Point", "coordinates": [ 125.451975215501477, -8.844722455912397 ] } },
{ "type": "Feature", "properties": { "id": 3527, "alert_type": "Deforestation/Fire" }, "geometry": { "type": "Point", "coordinates": [ 125.491680751059562, -8.844722455912397 ] } },
{ "type": "Feature", "properties": { "id": 3528, "alert_type": "Deforestation/Fire" }, "geometry": { "type": "Point", "coordinates": [ 125.451795552444651, -8.845081782026044 ] } },
{ "type": "Feature", "properties": { "id": 3529, "alert_type": "Deforestation/Fire" }, "geometry": { "type": "Point", "coordinates": [ 125.288481833791721, -8.845261445082869 ] } },
{ "type": "Feature", "properties": { "id": 3530, "alert_type": "Deforestation/Fire" }, "geometry": { "type": "Point", "coordinates": [ 125.42915800728484, -8.845261445082869 ] } },
{ "type": "Feature", "properties": { "id": 3531, "alert_type": "Deforestation/Fire" }, "geometry": { "type": "Point", "coordinates": [ 125.288661496848547, -8.845441108139692 ] } },
{ "type": "Feature", "properties": { "id": 3532, "alert_type": "Deforestation/Fire" }, "geometry": { "type": "Point", "coordinates": [ 125.282912279030185, -8.845620771196517 ] } },
{ "type": "Feature", "properties": { "id": 3533, "alert_type": "Deforestation/Fire" }, "geometry": { "type": "Point", "coordinates": [ 125.289739475189492, -8.845620771196517 ] } },
{ "type": "Feature", "properties": { "id": 3534, "alert_type": "Deforestation/Fire" }, "geometry": { "type": "Point", "coordinates": [ 125.292434421041847, -8.845620771196517 ] } },
{ "type": "Feature", "properties": { "id": 3535, "alert_type": "Deforestation/Fire" }, "geometry": { "type": "Point", "coordinates": [ 125.474433097604461, -8.845620771196517 ] } },
{ "type": "Feature", "properties": { "id": 3536, "alert_type": "Deforestation/Fire" }, "geometry": { "type": "Point", "coordinates": [ 125.474612760661287, -8.845620771196517 ] } },
{ "type": "Feature", "properties": { "id": 3537, "alert_type": "Deforestation/Fire" }, "geometry": { "type": "Point", "coordinates": [ 125.474792423718114, -8.845620771196517 ] } },
{ "type": "Feature", "properties": { "id": 3538, "alert_type": "Deforestation/Fire" }, "geometry": { "type": "Point", "coordinates": [ 125.290458127416784, -8.845800434253341 ] } },
{ "type": "Feature", "properties": { "id": 3539, "alert_type": "Deforestation/Fire" }, "geometry": { "type": "Point", "coordinates": [ 125.290817453530437, -8.845800434253341 ] } },
{ "type": "Feature", "properties": { "id": 3540, "alert_type": "Deforestation/Fire" }, "geometry": { "type": "Point", "coordinates": [ 125.291715768814555, -8.845800434253341 ] } },
{ "type": "Feature", "properties": { "id": 3541, "alert_type": "Deforestation/Fire" }, "geometry": { "type": "Point", "coordinates": [ 125.287583518507603, -8.845980097310164 ] } },
{ "type": "Feature", "properties": { "id": 3542, "alert_type": "Deforestation/Fire" }, "geometry": { "type": "Point", "coordinates": [ 125.287763181564429, -8.845980097310164 ] } },
{ "type": "Feature", "properties": { "id": 3543, "alert_type": "Deforestation/Fire" }, "geometry": { "type": "Point", "coordinates": [ 125.290817453530437, -8.845980097310164 ] } },
{ "type": "Feature", "properties": { "id": 3544, "alert_type": "Deforestation/Fire" }, "geometry": { "type": "Point", "coordinates": [ 125.290997116587263, -8.845980097310164 ] } },
{ "type": "Feature", "properties": { "id": 3545, "alert_type": "Deforestation/Fire" }, "geometry": { "type": "Point", "coordinates": [ 125.29225475798502, -8.845980097310164 ] } },
{ "type": "Feature", "properties": { "id": 3546, "alert_type": "Deforestation/Fire" }, "geometry": { "type": "Point", "coordinates": [ 125.3905304500677, -8.845980097310164 ] } },
{ "type": "Feature", "properties": { "id": 3547, "alert_type": "Deforestation/Fire" }, "geometry": { "type": "Point", "coordinates": [ 125.287942844621256, -8.846159760366989 ] } },
{ "type": "Feature", "properties": { "id": 3548, "alert_type": "Deforestation/Fire" }, "geometry": { "type": "Point", "coordinates": [ 125.288122507678068, -8.846159760366989 ] } },
{ "type": "Feature", "properties": { "id": 3549, "alert_type": "Deforestation/Fire" }, "geometry": { "type": "Point", "coordinates": [ 125.29063779047361, -8.846159760366989 ] } },
{ "type": "Feature", "properties": { "id": 3550, "alert_type": "Deforestation/Fire" }, "geometry": { "type": "Point", "coordinates": [ 125.290817453530437, -8.846159760366989 ] } },
{ "type": "Feature", "properties": { "id": 3551, "alert_type": "Deforestation/Fire" }, "geometry": { "type": "Point", "coordinates": [ 125.290997116587263, -8.846159760366989 ] } },
{ "type": "Feature", "properties": { "id": 3552, "alert_type": "Deforestation/Fire" }, "geometry": { "type": "Point", "coordinates": [ 125.291715768814555, -8.846159760366989 ] } },
{ "type": "Feature", "properties": { "id": 3553, "alert_type": "Deforestation/Fire" }, "geometry": { "type": "Point", "coordinates": [ 125.291895431871382, -8.846159760366989 ] } },
{ "type": "Feature", "properties": { "id": 3554, "alert_type": "Deforestation/Fire" }, "geometry": { "type": "Point", "coordinates": [ 125.292075094928208, -8.846159760366989 ] } },
{ "type": "Feature", "properties": { "id": 3555, "alert_type": "Deforestation/Fire" }, "geometry": { "type": "Point", "coordinates": [ 125.29225475798502, -8.846159760366989 ] } },
{ "type": "Feature", "properties": { "id": 3556, "alert_type": "Deforestation/Fire" }, "geometry": { "type": "Point", "coordinates": [ 125.292614084098673, -8.846159760366989 ] } },
{ "type": "Feature", "properties": { "id": 3557, "alert_type": "Deforestation/Fire" }, "geometry": { "type": "Point", "coordinates": [ 125.288122507678068, -8.846339423423812 ] } },
{ "type": "Feature", "properties": { "id": 3558, "alert_type": "Deforestation/Fire" }, "geometry": { "type": "Point", "coordinates": [ 125.288302170734895, -8.846339423423812 ] } },
{ "type": "Feature", "properties": { "id": 3559, "alert_type": "Deforestation/Fire" }, "geometry": { "type": "Point", "coordinates": [ 125.288661496848547, -8.846339423423812 ] } },
{ "type": "Feature", "properties": { "id": 3560, "alert_type": "Deforestation/Fire" }, "geometry": { "type": "Point", "coordinates": [ 125.289200486019013, -8.846339423423812 ] } },
{ "type": "Feature", "properties": { "id": 3561, "alert_type": "Deforestation/Fire" }, "geometry": { "type": "Point", "coordinates": [ 125.289380149075839, -8.846339423423812 ] } },
{ "type": "Feature", "properties": { "id": 3562, "alert_type": "Deforestation/Fire" }, "geometry": { "type": "Point", "coordinates": [ 125.289559812132666, -8.846339423423812 ] } },
{ "type": "Feature", "properties": { "id": 3563, "alert_type": "Deforestation/Fire" }, "geometry": { "type": "Point", "coordinates": [ 125.290997116587263, -8.846339423423812 ] } },
{ "type": "Feature", "properties": { "id": 3564, "alert_type": "Deforestation/Fire" }, "geometry": { "type": "Point", "coordinates": [ 125.291895431871382, -8.846339423423812 ] } },
{ "type": "Feature", "properties": { "id": 3565, "alert_type": "Deforestation/Fire" }, "geometry": { "type": "Point", "coordinates": [ 125.29225475798502, -8.846339423423812 ] } },
{ "type": "Feature", "properties": { "id": 3566, "alert_type": "Deforestation/Fire" }, "geometry": { "type": "Point", "coordinates": [ 125.292614084098673, -8.846339423423812 ] } },
{ "type": "Feature", "properties": { "id": 3567, "alert_type": "Deforestation/Fire" }, "geometry": { "type": "Point", "coordinates": [ 125.390710113124527, -8.846339423423812 ] } },
{ "type": "Feature", "properties": { "id": 3568, "alert_type": "Deforestation/Fire" }, "geometry": { "type": "Point", "coordinates": [ 125.291536105757729, -8.846519086480637 ] } },
{ "type": "Feature", "properties": { "id": 3569, "alert_type": "Deforestation/Fire" }, "geometry": { "type": "Point", "coordinates": [ 125.29225475798502, -8.846519086480637 ] } },
{ "type": "Feature", "properties": { "id": 3570, "alert_type": "Deforestation/Fire" }, "geometry": { "type": "Point", "coordinates": [ 125.292614084098673, -8.846519086480637 ] } },
{ "type": "Feature", "properties": { "id": 3571, "alert_type": "Deforestation/Fire" }, "geometry": { "type": "Point", "coordinates": [ 125.294590377723736, -8.846519086480637 ] } },
{ "type": "Feature", "properties": { "id": 3572, "alert_type": "Deforestation/Fire" }, "geometry": { "type": "Point", "coordinates": [ 125.290817453530437, -8.84669874953746 ] } },
{ "type": "Feature", "properties": { "id": 3573, "alert_type": "Deforestation/Fire" }, "geometry": { "type": "Point", "coordinates": [ 125.291356442700902, -8.84669874953746 ] } },
{ "type": "Feature", "properties": { "id": 3574, "alert_type": "Deforestation/Fire" }, "geometry": { "type": "Point", "coordinates": [ 125.287403855450776, -8.846878412594284 ] } },
{ "type": "Feature", "properties": { "id": 3575, "alert_type": "Deforestation/Fire" }, "geometry": { "type": "Point", "coordinates": [ 125.288122507678068, -8.846878412594284 ] } },
{ "type": "Feature", "properties": { "id": 3576, "alert_type": "Deforestation/Fire" }, "geometry": { "type": "Point", "coordinates": [ 125.290817453530437, -8.846878412594284 ] } },
{ "type": "Feature", "properties": { "id": 3577, "alert_type": "Deforestation/Fire" }, "geometry": { "type": "Point", "coordinates": [ 125.290997116587263, -8.846878412594284 ] } },
{ "type": "Feature", "properties": { "id": 3578, "alert_type": "Deforestation/Fire" }, "geometry": { "type": "Point", "coordinates": [ 125.295488693007854, -8.846878412594284 ] } },
{ "type": "Feature", "properties": { "id": 3579, "alert_type": "Deforestation/Fire" }, "geometry": { "type": "Point", "coordinates": [ 125.295668356064681, -8.846878412594284 ] } },
{ "type": "Feature", "properties": { "id": 3580, "alert_type": "Deforestation/Fire" }, "geometry": { "type": "Point", "coordinates": [ 125.425385083091541, -8.846878412594284 ] } },
{ "type": "Feature", "properties": { "id": 3581, "alert_type": "Deforestation/Fire" }, "geometry": { "type": "Point", "coordinates": [ 125.287942844621256, -8.847058075651107 ] } },
{ "type": "Feature", "properties": { "id": 3582, "alert_type": "Deforestation/Fire" }, "geometry": { "type": "Point", "coordinates": [ 125.288661496848547, -8.847058075651107 ] } },
{ "type": "Feature", "properties": { "id": 3583, "alert_type": "Deforestation/Fire" }, "geometry": { "type": "Point", "coordinates": [ 125.288841159905374, -8.847058075651107 ] } },
{ "type": "Feature", "properties": { "id": 3584, "alert_type": "Deforestation/Fire" }, "geometry": { "type": "Point", "coordinates": [ 125.289200486019013, -8.847058075651107 ] } },
{ "type": "Feature", "properties": { "id": 3585, "alert_type": "Deforestation/Fire" }, "geometry": { "type": "Point", "coordinates": [ 125.291176779644076, -8.847058075651107 ] } },
{ "type": "Feature", "properties": { "id": 3586, "alert_type": "Deforestation/Fire" }, "geometry": { "type": "Point", "coordinates": [ 125.295668356064681, -8.847058075651107 ] } },
{ "type": "Feature", "properties": { "id": 3587, "alert_type": "Deforestation/Fire" }, "geometry": { "type": "Point", "coordinates": [ 125.295848019121507, -8.847058075651107 ] } },
{ "type": "Feature", "properties": { "id": 3588, "alert_type": "Deforestation/Fire" }, "geometry": { "type": "Point", "coordinates": [ 125.284349583484769, -8.847237738707932 ] } },
{ "type": "Feature", "properties": { "id": 3589, "alert_type": "Deforestation/Fire" }, "geometry": { "type": "Point", "coordinates": [ 125.287942844621256, -8.847237738707932 ] } },
{ "type": "Feature", "properties": { "id": 3590, "alert_type": "Deforestation/Fire" }, "geometry": { "type": "Point", "coordinates": [ 125.2890208229622, -8.847237738707932 ] } },
{ "type": "Feature", "properties": { "id": 3591, "alert_type": "Deforestation/Fire" }, "geometry": { "type": "Point", "coordinates": [ 125.291536105757729, -8.847237738707932 ] } },
{ "type": "Feature", "properties": { "id": 3592, "alert_type": "Deforestation/Fire" }, "geometry": { "type": "Point", "coordinates": [ 125.291715768814555, -8.847237738707932 ] } },
{ "type": "Feature", "properties": { "id": 3593, "alert_type": "Deforestation/Fire" }, "geometry": { "type": "Point", "coordinates": [ 125.291895431871382, -8.847237738707932 ] } },
{ "type": "Feature", "properties": { "id": 3594, "alert_type": "Deforestation/Fire" }, "geometry": { "type": "Point", "coordinates": [ 125.295848019121507, -8.847237738707932 ] } },
{ "type": "Feature", "properties": { "id": 3595, "alert_type": "Deforestation/Fire" }, "geometry": { "type": "Point", "coordinates": [ 125.296027682178334, -8.847237738707932 ] } },
{ "type": "Feature", "properties": { "id": 3596, "alert_type": "Deforestation/Fire" }, "geometry": { "type": "Point", "coordinates": [ 125.291715768814555, -8.847417401764757 ] } },
{ "type": "Feature", "properties": { "id": 3597, "alert_type": "Deforestation/Fire" }, "geometry": { "type": "Point", "coordinates": [ 125.292075094928208, -8.847417401764757 ] } },
{ "type": "Feature", "properties": { "id": 3598, "alert_type": "Deforestation/Fire" }, "geometry": { "type": "Point", "coordinates": [ 125.295848019121507, -8.847417401764757 ] } },
{ "type": "Feature", "properties": { "id": 3599, "alert_type": "Deforestation/Fire" }, "geometry": { "type": "Point", "coordinates": [ 125.437602170955557, -8.847417401764757 ] } },
{ "type": "Feature", "properties": { "id": 3600, "alert_type": "Deforestation/Fire" }, "geometry": { "type": "Point", "coordinates": [ 125.283810594314303, -8.84759706482158 ] } },
{ "type": "Feature", "properties": { "id": 3601, "alert_type": "Deforestation/Fire" }, "geometry": { "type": "Point", "coordinates": [ 125.289739475189492, -8.84759706482158 ] } },
{ "type": "Feature", "properties": { "id": 3602, "alert_type": "Deforestation/Fire" }, "geometry": { "type": "Point", "coordinates": [ 125.289919138246319, -8.84759706482158 ] } },
{ "type": "Feature", "properties": { "id": 3603, "alert_type": "Deforestation/Fire" }, "geometry": { "type": "Point", "coordinates": [ 125.290458127416784, -8.84759706482158 ] } },
{ "type": "Feature", "properties": { "id": 3604, "alert_type": "Deforestation/Fire" }, "geometry": { "type": "Point", "coordinates": [ 125.292075094928208, -8.84759706482158 ] } },
{ "type": "Feature", "properties": { "id": 3605, "alert_type": "Deforestation/Fire" }, "geometry": { "type": "Point", "coordinates": [ 125.29225475798502, -8.84759706482158 ] } },
{ "type": "Feature", "properties": { "id": 3606, "alert_type": "Deforestation/Fire" }, "geometry": { "type": "Point", "coordinates": [ 125.296027682178334, -8.84759706482158 ] } },
{ "type": "Feature", "properties": { "id": 3607, "alert_type": "Deforestation/Fire" }, "geometry": { "type": "Point", "coordinates": [ 125.29063779047361, -8.847776727878404 ] } },
{ "type": "Feature", "properties": { "id": 3608, "alert_type": "Deforestation/Fire" }, "geometry": { "type": "Point", "coordinates": [ 125.296027682178334, -8.847776727878404 ] } },
{ "type": "Feature", "properties": { "id": 3609, "alert_type": "Deforestation/Fire" }, "geometry": { "type": "Point", "coordinates": [ 125.296207345235146, -8.847776727878404 ] } },
{ "type": "Feature", "properties": { "id": 3610, "alert_type": "Deforestation/Fire" }, "geometry": { "type": "Point", "coordinates": [ 125.285427561825713, -8.847956390935227 ] } },
{ "type": "Feature", "properties": { "id": 3611, "alert_type": "Deforestation/Fire" }, "geometry": { "type": "Point", "coordinates": [ 125.285966550996193, -8.847956390935227 ] } },
{ "type": "Feature", "properties": { "id": 3612, "alert_type": "Deforestation/Fire" }, "geometry": { "type": "Point", "coordinates": [ 125.28722419239395, -8.847956390935227 ] } },
{ "type": "Feature", "properties": { "id": 3613, "alert_type": "Deforestation/Fire" }, "geometry": { "type": "Point", "coordinates": [ 125.287403855450776, -8.847956390935227 ] } },
{ "type": "Feature", "properties": { "id": 3614, "alert_type": "Deforestation/Fire" }, "geometry": { "type": "Point", "coordinates": [ 125.287583518507603, -8.847956390935227 ] } },
{ "type": "Feature", "properties": { "id": 3615, "alert_type": "Deforestation/Fire" }, "geometry": { "type": "Point", "coordinates": [ 125.290997116587263, -8.847956390935227 ] } },
{ "type": "Feature", "properties": { "id": 3616, "alert_type": "Deforestation/Fire" }, "geometry": { "type": "Point", "coordinates": [ 125.29225475798502, -8.847956390935227 ] } },
{ "type": "Feature", "properties": { "id": 3617, "alert_type": "Deforestation/Fire" }, "geometry": { "type": "Point", "coordinates": [ 125.293153073269139, -8.847956390935227 ] } },
{ "type": "Feature", "properties": { "id": 3618, "alert_type": "Deforestation/Fire" }, "geometry": { "type": "Point", "coordinates": [ 125.437422507898745, -8.847956390935227 ] } },
{ "type": "Feature", "properties": { "id": 3619, "alert_type": "Deforestation/Fire" }, "geometry": { "type": "Point", "coordinates": [ 125.437602170955557, -8.847956390935227 ] } },
{ "type": "Feature", "properties": { "id": 3620, "alert_type": "Deforestation/Fire" }, "geometry": { "type": "Point", "coordinates": [ 125.287942844621256, -8.848136053992052 ] } },
{ "type": "Feature", "properties": { "id": 3621, "alert_type": "Deforestation/Fire" }, "geometry": { "type": "Point", "coordinates": [ 125.289380149075839, -8.848136053992052 ] } },
{ "type": "Feature", "properties": { "id": 3622, "alert_type": "Deforestation/Fire" }, "geometry": { "type": "Point", "coordinates": [ 125.290817453530437, -8.848315717048875 ] } },
{ "type": "Feature", "properties": { "id": 3623, "alert_type": "Deforestation/Fire" }, "geometry": { "type": "Point", "coordinates": [ 125.290997116587263, -8.848315717048875 ] } },
{ "type": "Feature", "properties": { "id": 3624, "alert_type": "Deforestation/Fire" }, "geometry": { "type": "Point", "coordinates": [ 125.291176779644076, -8.848315717048875 ] } },
{ "type": "Feature", "properties": { "id": 3625, "alert_type": "Deforestation/Fire" }, "geometry": { "type": "Point", "coordinates": [ 125.291356442700902, -8.848315717048875 ] } },
{ "type": "Feature", "properties": { "id": 3626, "alert_type": "Deforestation/Fire" }, "geometry": { "type": "Point", "coordinates": [ 125.296925997462452, -8.848315717048875 ] } },
{ "type": "Feature", "properties": { "id": 3627, "alert_type": "Deforestation/Fire" }, "geometry": { "type": "Point", "coordinates": [ 125.297105660519264, -8.848315717048875 ] } },
{ "type": "Feature", "properties": { "id": 3628, "alert_type": "Deforestation/Fire" }, "geometry": { "type": "Point", "coordinates": [ 125.286325877109832, -8.8484953801057 ] } },
{ "type": "Feature", "properties": { "id": 3629, "alert_type": "Deforestation/Fire" }, "geometry": { "type": "Point", "coordinates": [ 125.289380149075839, -8.8484953801057 ] } },
{ "type": "Feature", "properties": { "id": 3630, "alert_type": "Deforestation/Fire" }, "geometry": { "type": "Point", "coordinates": [ 125.29063779047361, -8.8484953801057 ] } },
{ "type": "Feature", "properties": { "id": 3631, "alert_type": "Deforestation/Fire" }, "geometry": { "type": "Point", "coordinates": [ 125.290817453530437, -8.8484953801057 ] } },
{ "type": "Feature", "properties": { "id": 3632, "alert_type": "Deforestation/Fire" }, "geometry": { "type": "Point", "coordinates": [ 125.290997116587263, -8.8484953801057 ] } },
{ "type": "Feature", "properties": { "id": 3633, "alert_type": "Deforestation/Fire" }, "geometry": { "type": "Point", "coordinates": [ 125.291356442700902, -8.8484953801057 ] } },
{ "type": "Feature", "properties": { "id": 3634, "alert_type": "Deforestation/Fire" }, "geometry": { "type": "Point", "coordinates": [ 125.296387008291973, -8.8484953801057 ] } },
{ "type": "Feature", "properties": { "id": 3635, "alert_type": "Deforestation/Fire" }, "geometry": { "type": "Point", "coordinates": [ 125.289559812132666, -8.848675043162523 ] } },
{ "type": "Feature", "properties": { "id": 3636, "alert_type": "Deforestation/Fire" }, "geometry": { "type": "Point", "coordinates": [ 125.289739475189492, -8.848675043162523 ] } },
{ "type": "Feature", "properties": { "id": 3637, "alert_type": "Deforestation/Fire" }, "geometry": { "type": "Point", "coordinates": [ 125.29063779047361, -8.848675043162523 ] } },
{ "type": "Feature", "properties": { "id": 3638, "alert_type": "Deforestation/Fire" }, "geometry": { "type": "Point", "coordinates": [ 125.290817453530437, -8.848675043162523 ] } },
{ "type": "Feature", "properties": { "id": 3639, "alert_type": "Deforestation/Fire" }, "geometry": { "type": "Point", "coordinates": [ 125.291536105757729, -8.848675043162523 ] } },
{ "type": "Feature", "properties": { "id": 3640, "alert_type": "Deforestation/Fire" }, "geometry": { "type": "Point", "coordinates": [ 125.291715768814555, -8.848675043162523 ] } },
{ "type": "Feature", "properties": { "id": 3641, "alert_type": "Deforestation/Fire" }, "geometry": { "type": "Point", "coordinates": [ 125.290817453530437, -8.848854706219347 ] } },
{ "type": "Feature", "properties": { "id": 3642, "alert_type": "Deforestation/Fire" }, "geometry": { "type": "Point", "coordinates": [ 125.291356442700902, -8.848854706219347 ] } },
{ "type": "Feature", "properties": { "id": 3643, "alert_type": "Deforestation/Fire" }, "geometry": { "type": "Point", "coordinates": [ 125.291536105757729, -8.848854706219347 ] } },
{ "type": "Feature", "properties": { "id": 3644, "alert_type": "Deforestation/Fire" }, "geometry": { "type": "Point", "coordinates": [ 125.292075094928208, -8.848854706219347 ] } },
{ "type": "Feature", "properties": { "id": 3645, "alert_type": "Deforestation/Fire" }, "geometry": { "type": "Point", "coordinates": [ 125.296027682178334, -8.848854706219347 ] } },
{ "type": "Feature", "properties": { "id": 3646, "alert_type": "Deforestation/Fire" }, "geometry": { "type": "Point", "coordinates": [ 125.296207345235146, -8.848854706219347 ] } },
{ "type": "Feature", "properties": { "id": 3647, "alert_type": "Deforestation/Fire" }, "geometry": { "type": "Point", "coordinates": [ 125.298183638860209, -8.848854706219347 ] } },
{ "type": "Feature", "properties": { "id": 3648, "alert_type": "Deforestation/Fire" }, "geometry": { "type": "Point", "coordinates": [ 125.477846695684121, -8.848854706219347 ] } },
{ "type": "Feature", "properties": { "id": 3649, "alert_type": "Deforestation/Fire" }, "geometry": { "type": "Point", "coordinates": [ 125.286146214053005, -8.84903436927617 ] } },
{ "type": "Feature", "properties": { "id": 3650, "alert_type": "Deforestation/Fire" }, "geometry": { "type": "Point", "coordinates": [ 125.286325877109832, -8.84903436927617 ] } },
{ "type": "Feature", "properties": { "id": 3651, "alert_type": "Deforestation/Fire" }, "geometry": { "type": "Point", "coordinates": [ 125.286505540166658, -8.84903436927617 ] } },
{ "type": "Feature", "properties": { "id": 3652, "alert_type": "Deforestation/Fire" }, "geometry": { "type": "Point", "coordinates": [ 125.286685203223485, -8.84903436927617 ] } },
{ "type": "Feature", "properties": { "id": 3653, "alert_type": "Deforestation/Fire" }, "geometry": { "type": "Point", "coordinates": [ 125.286864866280311, -8.84903436927617 ] } },
{ "type": "Feature", "properties": { "id": 3654, "alert_type": "Deforestation/Fire" }, "geometry": { "type": "Point", "coordinates": [ 125.287044529337138, -8.84903436927617 ] } },
{ "type": "Feature", "properties": { "id": 3655, "alert_type": "Deforestation/Fire" }, "geometry": { "type": "Point", "coordinates": [ 125.28722419239395, -8.84903436927617 ] } },
{ "type": "Feature", "properties": { "id": 3656, "alert_type": "Deforestation/Fire" }, "geometry": { "type": "Point", "coordinates": [ 125.290817453530437, -8.84903436927617 ] } },
{ "type": "Feature", "properties": { "id": 3657, "alert_type": "Deforestation/Fire" }, "geometry": { "type": "Point", "coordinates": [ 125.298542964973862, -8.84903436927617 ] } },
{ "type": "Feature", "properties": { "id": 3658, "alert_type": "Deforestation/Fire" }, "geometry": { "type": "Point", "coordinates": [ 125.298722628030688, -8.84903436927617 ] } },
{ "type": "Feature", "properties": { "id": 3659, "alert_type": "Deforestation/Fire" }, "geometry": { "type": "Point", "coordinates": [ 125.299261617201154, -8.84903436927617 ] } },
{ "type": "Feature", "properties": { "id": 3660, "alert_type": "Deforestation/Fire" }, "geometry": { "type": "Point", "coordinates": [ 125.286505540166658, -8.849214032332995 ] } },
{ "type": "Feature", "properties": { "id": 3661, "alert_type": "Deforestation/Fire" }, "geometry": { "type": "Point", "coordinates": [ 125.287044529337138, -8.849214032332995 ] } },
{ "type": "Feature", "properties": { "id": 3662, "alert_type": "Deforestation/Fire" }, "geometry": { "type": "Point", "coordinates": [ 125.298722628030688, -8.849214032332995 ] } },
{ "type": "Feature", "properties": { "id": 3663, "alert_type": "Deforestation/Fire" }, "geometry": { "type": "Point", "coordinates": [ 125.367713241851064, -8.849214032332995 ] } },
{ "type": "Feature", "properties": { "id": 3664, "alert_type": "Deforestation/Fire" }, "geometry": { "type": "Point", "coordinates": [ 125.48539254407072, -8.849214032332995 ] } },
{ "type": "Feature", "properties": { "id": 3665, "alert_type": "Deforestation/Fire" }, "geometry": { "type": "Point", "coordinates": [ 125.293692062439618, -8.849573358446643 ] } },
{ "type": "Feature", "properties": { "id": 3666, "alert_type": "Deforestation/Fire" }, "geometry": { "type": "Point", "coordinates": [ 125.286505540166658, -8.849753021503467 ] } },
{ "type": "Feature", "properties": { "id": 3667, "alert_type": "Deforestation/Fire" }, "geometry": { "type": "Point", "coordinates": [ 125.293692062439618, -8.849753021503467 ] } },
{ "type": "Feature", "properties": { "id": 3668, "alert_type": "Deforestation/Fire" }, "geometry": { "type": "Point", "coordinates": [ 125.293871725496444, -8.849753021503467 ] } },
{ "type": "Feature", "properties": { "id": 3669, "alert_type": "Deforestation/Fire" }, "geometry": { "type": "Point", "coordinates": [ 125.294051388553271, -8.849753021503467 ] } },
{ "type": "Feature", "properties": { "id": 3670, "alert_type": "Deforestation/Fire" }, "geometry": { "type": "Point", "coordinates": [ 125.294770040780563, -8.849753021503467 ] } },
{ "type": "Feature", "properties": { "id": 3671, "alert_type": "Deforestation/Fire" }, "geometry": { "type": "Point", "coordinates": [ 125.29998026942846, -8.849753021503467 ] } },
{ "type": "Feature", "properties": { "id": 3672, "alert_type": "Deforestation/Fire" }, "geometry": { "type": "Point", "coordinates": [ 125.28722419239395, -8.84993268456029 ] } },
{ "type": "Feature", "properties": { "id": 3673, "alert_type": "Deforestation/Fire" }, "geometry": { "type": "Point", "coordinates": [ 125.295488693007854, -8.84993268456029 ] } },
{ "type": "Feature", "properties": { "id": 3674, "alert_type": "Deforestation/Fire" }, "geometry": { "type": "Point", "coordinates": [ 125.300339595542098, -8.84993268456029 ] } },
{ "type": "Feature", "properties": { "id": 3675, "alert_type": "Deforestation/Fire" }, "geometry": { "type": "Point", "coordinates": [ 125.287044529337138, -8.850112347617115 ] } },
{ "type": "Feature", "properties": { "id": 3676, "alert_type": "Deforestation/Fire" }, "geometry": { "type": "Point", "coordinates": [ 125.298003975803397, -8.850112347617115 ] } },
{ "type": "Feature", "properties": { "id": 3677, "alert_type": "Deforestation/Fire" }, "geometry": { "type": "Point", "coordinates": [ 125.298183638860209, -8.850112347617115 ] } },
{ "type": "Feature", "properties": { "id": 3678, "alert_type": "Deforestation/Fire" }, "geometry": { "type": "Point", "coordinates": [ 125.298542964973862, -8.850112347617115 ] } },
{ "type": "Feature", "properties": { "id": 3679, "alert_type": "Deforestation/Fire" }, "geometry": { "type": "Point", "coordinates": [ 125.298722628030688, -8.850112347617115 ] } },
{ "type": "Feature", "properties": { "id": 3680, "alert_type": "Deforestation/Fire" }, "geometry": { "type": "Point", "coordinates": [ 125.298363301917036, -8.850292010673938 ] } },
{ "type": "Feature", "properties": { "id": 3681, "alert_type": "Deforestation/Fire" }, "geometry": { "type": "Point", "coordinates": [ 125.298542964973862, -8.850292010673938 ] } },
{ "type": "Feature", "properties": { "id": 3682, "alert_type": "Deforestation/Fire" }, "geometry": { "type": "Point", "coordinates": [ 125.298722628030688, -8.850292010673938 ] } },
{ "type": "Feature", "properties": { "id": 3683, "alert_type": "Deforestation/Fire" }, "geometry": { "type": "Point", "coordinates": [ 125.298902291087515, -8.850292010673938 ] } },
{ "type": "Feature", "properties": { "id": 3684, "alert_type": "Deforestation/Fire" }, "geometry": { "type": "Point", "coordinates": [ 125.405801809897739, -8.850292010673938 ] } },
{ "type": "Feature", "properties": { "id": 3685, "alert_type": "Deforestation/Fire" }, "geometry": { "type": "Point", "coordinates": [ 125.295848019121507, -8.850471673730762 ] } },
{ "type": "Feature", "properties": { "id": 3686, "alert_type": "Deforestation/Fire" }, "geometry": { "type": "Point", "coordinates": [ 125.298542964973862, -8.850471673730762 ] } },
{ "type": "Feature", "properties": { "id": 3687, "alert_type": "Deforestation/Fire" }, "geometry": { "type": "Point", "coordinates": [ 125.298722628030688, -8.850471673730762 ] } },
{ "type": "Feature", "properties": { "id": 3688, "alert_type": "Deforestation/Fire" }, "geometry": { "type": "Point", "coordinates": [ 125.494914686082396, -8.850471673730762 ] } },
{ "type": "Feature", "properties": { "id": 3689, "alert_type": "Deforestation/Fire" }, "geometry": { "type": "Point", "coordinates": [ 125.297105660519264, -8.850651336787585 ] } },
{ "type": "Feature", "properties": { "id": 3690, "alert_type": "Deforestation/Fire" }, "geometry": { "type": "Point", "coordinates": [ 125.409754397147864, -8.850651336787585 ] } },
{ "type": "Feature", "properties": { "id": 3691, "alert_type": "Deforestation/Fire" }, "geometry": { "type": "Point", "coordinates": [ 125.289200486019013, -8.85083099984441 ] } },
{ "type": "Feature", "properties": { "id": 3692, "alert_type": "Deforestation/Fire" }, "geometry": { "type": "Point", "coordinates": [ 125.289559812132666, -8.85083099984441 ] } },
{ "type": "Feature", "properties": { "id": 3693, "alert_type": "Deforestation/Fire" }, "geometry": { "type": "Point", "coordinates": [ 125.292973410212326, -8.85083099984441 ] } },
{ "type": "Feature", "properties": { "id": 3694, "alert_type": "Deforestation/Fire" }, "geometry": { "type": "Point", "coordinates": [ 125.302315889167161, -8.85083099984441 ] } },
{ "type": "Feature", "properties": { "id": 3695, "alert_type": "Deforestation/Fire" }, "geometry": { "type": "Point", "coordinates": [ 125.497968958048389, -8.85083099984441 ] } },
{ "type": "Feature", "properties": { "id": 3696, "alert_type": "Deforestation/Fire" }, "geometry": { "type": "Point", "coordinates": [ 125.495094349139208, -8.851010662901233 ] } },
{ "type": "Feature", "properties": { "id": 3697, "alert_type": "Deforestation/Fire" }, "geometry": { "type": "Point", "coordinates": [ 125.295848019121507, -8.851369989014882 ] } },
{ "type": "Feature", "properties": { "id": 3698, "alert_type": "Deforestation/Fire" }, "geometry": { "type": "Point", "coordinates": [ 125.484673891843428, -8.851369989014882 ] } },
{ "type": "Feature", "properties": { "id": 3699, "alert_type": "Deforestation/Fire" }, "geometry": { "type": "Point", "coordinates": [ 125.296027682178334, -8.851549652071705 ] } },
{ "type": "Feature", "properties": { "id": 3700, "alert_type": "Deforestation/Fire" }, "geometry": { "type": "Point", "coordinates": [ 125.296387008291973, -8.851549652071705 ] } },
{ "type": "Feature", "properties": { "id": 3701, "alert_type": "Deforestation/Fire" }, "geometry": { "type": "Point", "coordinates": [ 125.288481833791721, -8.85172931512853 ] } },
{ "type": "Feature", "properties": { "id": 3702, "alert_type": "Deforestation/Fire" }, "geometry": { "type": "Point", "coordinates": [ 125.289200486019013, -8.85172931512853 ] } },
{ "type": "Feature", "properties": { "id": 3703, "alert_type": "Deforestation/Fire" }, "geometry": { "type": "Point", "coordinates": [ 125.294770040780563, -8.85172931512853 ] } },
{ "type": "Feature", "properties": { "id": 3704, "alert_type": "Deforestation/Fire" }, "geometry": { "type": "Point", "coordinates": [ 125.301956563053523, -8.85172931512853 ] } },
{ "type": "Feature", "properties": { "id": 3705, "alert_type": "Deforestation/Fire" }, "geometry": { "type": "Point", "coordinates": [ 125.444070041001225, -8.85172931512853 ] } },
{ "type": "Feature", "properties": { "id": 3706, "alert_type": "Deforestation/Fire" }, "geometry": { "type": "Point", "coordinates": [ 125.294231051610083, -8.852088641242178 ] } },
{ "type": "Feature", "properties": { "id": 3707, "alert_type": "Deforestation/Fire" }, "geometry": { "type": "Point", "coordinates": [ 125.30321420445128, -8.852088641242178 ] } },
{ "type": "Feature", "properties": { "id": 3708, "alert_type": "Deforestation/Fire" }, "geometry": { "type": "Point", "coordinates": [ 125.456826118035721, -8.852088641242178 ] } },
{ "type": "Feature", "properties": { "id": 3709, "alert_type": "Deforestation/Fire" }, "geometry": { "type": "Point", "coordinates": [ 125.290458127416784, -8.852268304299001 ] } },
{ "type": "Feature", "properties": { "id": 3710, "alert_type": "Deforestation/Fire" }, "geometry": { "type": "Point", "coordinates": [ 125.298003975803397, -8.852268304299001 ] } },
{ "type": "Feature", "properties": { "id": 3711, "alert_type": "Deforestation/Fire" }, "geometry": { "type": "Point", "coordinates": [ 125.298183638860209, -8.852268304299001 ] } },
{ "type": "Feature", "properties": { "id": 3712, "alert_type": "Deforestation/Fire" }, "geometry": { "type": "Point", "coordinates": [ 125.296027682178334, -8.852447967355825 ] } },
{ "type": "Feature", "properties": { "id": 3713, "alert_type": "Deforestation/Fire" }, "geometry": { "type": "Point", "coordinates": [ 125.297644649689744, -8.852447967355825 ] } },
{ "type": "Feature", "properties": { "id": 3714, "alert_type": "Deforestation/Fire" }, "geometry": { "type": "Point", "coordinates": [ 125.29944128025798, -8.852447967355825 ] } },
{ "type": "Feature", "properties": { "id": 3715, "alert_type": "Deforestation/Fire" }, "geometry": { "type": "Point", "coordinates": [ 125.302854878337641, -8.852447967355825 ] } },
{ "type": "Feature", "properties": { "id": 3716, "alert_type": "Deforestation/Fire" }, "geometry": { "type": "Point", "coordinates": [ 125.303034541394453, -8.852447967355825 ] } },
{ "type": "Feature", "properties": { "id": 3717, "alert_type": "Deforestation/Fire" }, "geometry": { "type": "Point", "coordinates": [ 125.323516129872388, -8.852447967355825 ] } },
{ "type": "Feature", "properties": { "id": 3718, "alert_type": "Deforestation/Fire" }, "geometry": { "type": "Point", "coordinates": [ 125.323695792929215, -8.852447967355825 ] } },
{ "type": "Feature", "properties": { "id": 3719, "alert_type": "Deforestation/Fire" }, "geometry": { "type": "Point", "coordinates": [ 125.293871725496444, -8.852627630412648 ] } },
{ "type": "Feature", "properties": { "id": 3720, "alert_type": "Deforestation/Fire" }, "geometry": { "type": "Point", "coordinates": [ 125.295129366894201, -8.852627630412648 ] } },
{ "type": "Feature", "properties": { "id": 3721, "alert_type": "Deforestation/Fire" }, "geometry": { "type": "Point", "coordinates": [ 125.295488693007854, -8.852627630412648 ] } },
{ "type": "Feature", "properties": { "id": 3722, "alert_type": "Deforestation/Fire" }, "geometry": { "type": "Point", "coordinates": [ 125.296207345235146, -8.852627630412648 ] } },
{ "type": "Feature", "properties": { "id": 3723, "alert_type": "Deforestation/Fire" }, "geometry": { "type": "Point", "coordinates": [ 125.298902291087515, -8.852627630412648 ] } },
{ "type": "Feature", "properties": { "id": 3724, "alert_type": "Deforestation/Fire" }, "geometry": { "type": "Point", "coordinates": [ 125.303034541394453, -8.852627630412648 ] } },
{ "type": "Feature", "properties": { "id": 3725, "alert_type": "Deforestation/Fire" }, "geometry": { "type": "Point", "coordinates": [ 125.309143085326468, -8.852627630412648 ] } },
{ "type": "Feature", "properties": { "id": 3726, "alert_type": "Deforestation/Fire" }, "geometry": { "type": "Point", "coordinates": [ 125.323336466815562, -8.852627630412648 ] } },
{ "type": "Feature", "properties": { "id": 3727, "alert_type": "Deforestation/Fire" }, "geometry": { "type": "Point", "coordinates": [ 125.295129366894201, -8.852807293469473 ] } },
{ "type": "Feature", "properties": { "id": 3728, "alert_type": "Deforestation/Fire" }, "geometry": { "type": "Point", "coordinates": [ 125.297105660519264, -8.852807293469473 ] } },
{ "type": "Feature", "properties": { "id": 3729, "alert_type": "Deforestation/Fire" }, "geometry": { "type": "Point", "coordinates": [ 125.297285323576091, -8.852807293469473 ] } },
{ "type": "Feature", "properties": { "id": 3730, "alert_type": "Deforestation/Fire" }, "geometry": { "type": "Point", "coordinates": [ 125.298542964973862, -8.852807293469473 ] } },
{ "type": "Feature", "properties": { "id": 3731, "alert_type": "Deforestation/Fire" }, "geometry": { "type": "Point", "coordinates": [ 125.298722628030688, -8.852807293469473 ] } },
{ "type": "Feature", "properties": { "id": 3732, "alert_type": "Deforestation/Fire" }, "geometry": { "type": "Point", "coordinates": [ 125.298902291087515, -8.852807293469473 ] } },
{ "type": "Feature", "properties": { "id": 3733, "alert_type": "Deforestation/Fire" }, "geometry": { "type": "Point", "coordinates": [ 125.29998026942846, -8.852807293469473 ] } },
{ "type": "Feature", "properties": { "id": 3734, "alert_type": "Deforestation/Fire" }, "geometry": { "type": "Point", "coordinates": [ 125.415144288852574, -8.852807293469473 ] } },
{ "type": "Feature", "properties": { "id": 3735, "alert_type": "Deforestation/Fire" }, "geometry": { "type": "Point", "coordinates": [ 125.4153239519094, -8.852807293469473 ] } },
{ "type": "Feature", "properties": { "id": 3736, "alert_type": "Deforestation/Fire" }, "geometry": { "type": "Point", "coordinates": [ 125.297644649689744, -8.852986956526296 ] } },
{ "type": "Feature", "properties": { "id": 3737, "alert_type": "Deforestation/Fire" }, "geometry": { "type": "Point", "coordinates": [ 125.298542964973862, -8.852986956526296 ] } },
{ "type": "Feature", "properties": { "id": 3738, "alert_type": "Deforestation/Fire" }, "geometry": { "type": "Point", "coordinates": [ 125.298722628030688, -8.852986956526296 ] } },
{ "type": "Feature", "properties": { "id": 3739, "alert_type": "Deforestation/Fire" }, "geometry": { "type": "Point", "coordinates": [ 125.301956563053523, -8.852986956526296 ] } },
{ "type": "Feature", "properties": { "id": 3740, "alert_type": "Deforestation/Fire" }, "geometry": { "type": "Point", "coordinates": [ 125.298183638860209, -8.853166619583121 ] } },
{ "type": "Feature", "properties": { "id": 3741, "alert_type": "Deforestation/Fire" }, "geometry": { "type": "Point", "coordinates": [ 125.298363301917036, -8.853166619583121 ] } },
{ "type": "Feature", "properties": { "id": 3742, "alert_type": "Deforestation/Fire" }, "geometry": { "type": "Point", "coordinates": [ 125.29944128025798, -8.853166619583121 ] } },
{ "type": "Feature", "properties": { "id": 3743, "alert_type": "Deforestation/Fire" }, "geometry": { "type": "Point", "coordinates": [ 125.302136226110335, -8.853166619583121 ] } },
{ "type": "Feature", "properties": { "id": 3744, "alert_type": "Deforestation/Fire" }, "geometry": { "type": "Point", "coordinates": [ 125.29782431274657, -8.853346282639945 ] } },
{ "type": "Feature", "properties": { "id": 3745, "alert_type": "Deforestation/Fire" }, "geometry": { "type": "Point", "coordinates": [ 125.29944128025798, -8.853346282639945 ] } },
{ "type": "Feature", "properties": { "id": 3746, "alert_type": "Deforestation/Fire" }, "geometry": { "type": "Point", "coordinates": [ 125.299620943314807, -8.853346282639945 ] } },
{ "type": "Feature", "properties": { "id": 3747, "alert_type": "Deforestation/Fire" }, "geometry": { "type": "Point", "coordinates": [ 125.323695792929215, -8.853346282639945 ] } },
{ "type": "Feature", "properties": { "id": 3748, "alert_type": "Deforestation/Fire" }, "geometry": { "type": "Point", "coordinates": [ 125.323875455986027, -8.853346282639945 ] } },
{ "type": "Feature", "properties": { "id": 3749, "alert_type": "Deforestation/Fire" }, "geometry": { "type": "Point", "coordinates": [ 125.299081954144327, -8.853525945696768 ] } },
{ "type": "Feature", "properties": { "id": 3750, "alert_type": "Deforestation/Fire" }, "geometry": { "type": "Point", "coordinates": [ 125.29944128025798, -8.853525945696768 ] } },
{ "type": "Feature", "properties": { "id": 3751, "alert_type": "Deforestation/Fire" }, "geometry": { "type": "Point", "coordinates": [ 125.299620943314807, -8.853525945696768 ] } },
{ "type": "Feature", "properties": { "id": 3752, "alert_type": "Deforestation/Fire" }, "geometry": { "type": "Point", "coordinates": [ 125.300339595542098, -8.853525945696768 ] } },
{ "type": "Feature", "properties": { "id": 3753, "alert_type": "Deforestation/Fire" }, "geometry": { "type": "Point", "coordinates": [ 125.302854878337641, -8.853525945696768 ] } },
{ "type": "Feature", "properties": { "id": 3754, "alert_type": "Deforestation/Fire" }, "geometry": { "type": "Point", "coordinates": [ 125.386218536703922, -8.853525945696768 ] } },
{ "type": "Feature", "properties": { "id": 3755, "alert_type": "Deforestation/Fire" }, "geometry": { "type": "Point", "coordinates": [ 125.386398199760748, -8.853525945696768 ] } },
{ "type": "Feature", "properties": { "id": 3756, "alert_type": "Deforestation/Fire" }, "geometry": { "type": "Point", "coordinates": [ 125.441375095148871, -8.853525945696768 ] } },
{ "type": "Feature", "properties": { "id": 3757, "alert_type": "Deforestation/Fire" }, "geometry": { "type": "Point", "coordinates": [ 125.303932856678585, -8.853705608753593 ] } },
{ "type": "Feature", "properties": { "id": 3758, "alert_type": "Deforestation/Fire" }, "geometry": { "type": "Point", "coordinates": [ 125.385679547533456, -8.853705608753593 ] } },
{ "type": "Feature", "properties": { "id": 3759, "alert_type": "Deforestation/Fire" }, "geometry": { "type": "Point", "coordinates": [ 125.386218536703922, -8.853705608753593 ] } },
{ "type": "Feature", "properties": { "id": 3760, "alert_type": "Deforestation/Fire" }, "geometry": { "type": "Point", "coordinates": [ 125.441195432092044, -8.853705608753593 ] } },
{ "type": "Feature", "properties": { "id": 3761, "alert_type": "Deforestation/Fire" }, "geometry": { "type": "Point", "coordinates": [ 125.299261617201154, -8.853885271810416 ] } },
{ "type": "Feature", "properties": { "id": 3762, "alert_type": "Deforestation/Fire" }, "geometry": { "type": "Point", "coordinates": [ 125.299620943314807, -8.853885271810416 ] } },
{ "type": "Feature", "properties": { "id": 3763, "alert_type": "Deforestation/Fire" }, "geometry": { "type": "Point", "coordinates": [ 125.303573530564933, -8.853885271810416 ] } },
{ "type": "Feature", "properties": { "id": 3764, "alert_type": "Deforestation/Fire" }, "geometry": { "type": "Point", "coordinates": [ 125.303753193621759, -8.853885271810416 ] } },
{ "type": "Feature", "properties": { "id": 3765, "alert_type": "Deforestation/Fire" }, "geometry": { "type": "Point", "coordinates": [ 125.303932856678585, -8.853885271810416 ] } },
{ "type": "Feature", "properties": { "id": 3766, "alert_type": "Deforestation/Fire" }, "geometry": { "type": "Point", "coordinates": [ 125.385679547533456, -8.853885271810416 ] } },
{ "type": "Feature", "properties": { "id": 3767, "alert_type": "Deforestation/Fire" }, "geometry": { "type": "Point", "coordinates": [ 125.39268640674959, -8.853885271810416 ] } },
{ "type": "Feature", "properties": { "id": 3768, "alert_type": "Deforestation/Fire" }, "geometry": { "type": "Point", "coordinates": [ 125.441195432092044, -8.853885271810416 ] } },
{ "type": "Feature", "properties": { "id": 3769, "alert_type": "Deforestation/Fire" }, "geometry": { "type": "Point", "coordinates": [ 125.451795552444651, -8.853885271810416 ] } },
{ "type": "Feature", "properties": { "id": 3770, "alert_type": "Deforestation/Fire" }, "geometry": { "type": "Point", "coordinates": [ 125.291536105757729, -8.854064934867241 ] } },
{ "type": "Feature", "properties": { "id": 3771, "alert_type": "Deforestation/Fire" }, "geometry": { "type": "Point", "coordinates": [ 125.292075094928208, -8.854064934867241 ] } },
{ "type": "Feature", "properties": { "id": 3772, "alert_type": "Deforestation/Fire" }, "geometry": { "type": "Point", "coordinates": [ 125.298542964973862, -8.854064934867241 ] } },
{ "type": "Feature", "properties": { "id": 3773, "alert_type": "Deforestation/Fire" }, "geometry": { "type": "Point", "coordinates": [ 125.298722628030688, -8.854064934867241 ] } },
{ "type": "Feature", "properties": { "id": 3774, "alert_type": "Deforestation/Fire" }, "geometry": { "type": "Point", "coordinates": [ 125.300878584712578, -8.854064934867241 ] } },
{ "type": "Feature", "properties": { "id": 3775, "alert_type": "Deforestation/Fire" }, "geometry": { "type": "Point", "coordinates": [ 125.301776899996696, -8.854064934867241 ] } },
{ "type": "Feature", "properties": { "id": 3776, "alert_type": "Deforestation/Fire" }, "geometry": { "type": "Point", "coordinates": [ 125.303753193621759, -8.854064934867241 ] } },
{ "type": "Feature", "properties": { "id": 3777, "alert_type": "Deforestation/Fire" }, "geometry": { "type": "Point", "coordinates": [ 125.384601569192512, -8.854064934867241 ] } },
{ "type": "Feature", "properties": { "id": 3778, "alert_type": "Deforestation/Fire" }, "geometry": { "type": "Point", "coordinates": [ 125.440836105978391, -8.854064934867241 ] } },
{ "type": "Feature", "properties": { "id": 3779, "alert_type": "Deforestation/Fire" }, "geometry": { "type": "Point", "coordinates": [ 125.298542964973862, -8.854244597924064 ] } },
{ "type": "Feature", "properties": { "id": 3780, "alert_type": "Deforestation/Fire" }, "geometry": { "type": "Point", "coordinates": [ 125.299081954144327, -8.854244597924064 ] } },
{ "type": "Feature", "properties": { "id": 3781, "alert_type": "Deforestation/Fire" }, "geometry": { "type": "Point", "coordinates": [ 125.299261617201154, -8.854244597924064 ] } },
{ "type": "Feature", "properties": { "id": 3782, "alert_type": "Deforestation/Fire" }, "geometry": { "type": "Point", "coordinates": [ 125.303753193621759, -8.854244597924064 ] } },
{ "type": "Feature", "properties": { "id": 3783, "alert_type": "Deforestation/Fire" }, "geometry": { "type": "Point", "coordinates": [ 125.310760052837892, -8.854244597924064 ] } },
{ "type": "Feature", "properties": { "id": 3784, "alert_type": "Deforestation/Fire" }, "geometry": { "type": "Point", "coordinates": [ 125.32207882541779, -8.854244597924064 ] } },
{ "type": "Feature", "properties": { "id": 3785, "alert_type": "Deforestation/Fire" }, "geometry": { "type": "Point", "coordinates": [ 125.298542964973862, -8.854424260980888 ] } },
{ "type": "Feature", "properties": { "id": 3786, "alert_type": "Deforestation/Fire" }, "geometry": { "type": "Point", "coordinates": [ 125.301237910826217, -8.854424260980888 ] } },
{ "type": "Feature", "properties": { "id": 3787, "alert_type": "Deforestation/Fire" }, "geometry": { "type": "Point", "coordinates": [ 125.320821184020019, -8.854424260980888 ] } },
{ "type": "Feature", "properties": { "id": 3788, "alert_type": "Deforestation/Fire" }, "geometry": { "type": "Point", "coordinates": [ 125.32207882541779, -8.854424260980888 ] } },
{ "type": "Feature", "properties": { "id": 3789, "alert_type": "Deforestation/Fire" }, "geometry": { "type": "Point", "coordinates": [ 125.29063779047361, -8.854603924037711 ] } },
{ "type": "Feature", "properties": { "id": 3790, "alert_type": "Deforestation/Fire" }, "geometry": { "type": "Point", "coordinates": [ 125.290817453530437, -8.854603924037711 ] } },
{ "type": "Feature", "properties": { "id": 3791, "alert_type": "Deforestation/Fire" }, "geometry": { "type": "Point", "coordinates": [ 125.299081954144327, -8.854603924037711 ] } },
{ "type": "Feature", "properties": { "id": 3792, "alert_type": "Deforestation/Fire" }, "geometry": { "type": "Point", "coordinates": [ 125.299261617201154, -8.854603924037711 ] } },
{ "type": "Feature", "properties": { "id": 3793, "alert_type": "Deforestation/Fire" }, "geometry": { "type": "Point", "coordinates": [ 125.29944128025798, -8.854603924037711 ] } },
{ "type": "Feature", "properties": { "id": 3794, "alert_type": "Deforestation/Fire" }, "geometry": { "type": "Point", "coordinates": [ 125.299620943314807, -8.854603924037711 ] } },
{ "type": "Feature", "properties": { "id": 3795, "alert_type": "Deforestation/Fire" }, "geometry": { "type": "Point", "coordinates": [ 125.299800606371633, -8.854603924037711 ] } },
{ "type": "Feature", "properties": { "id": 3796, "alert_type": "Deforestation/Fire" }, "geometry": { "type": "Point", "coordinates": [ 125.300519258598925, -8.854603924037711 ] } },
{ "type": "Feature", "properties": { "id": 3797, "alert_type": "Deforestation/Fire" }, "geometry": { "type": "Point", "coordinates": [ 125.32261781458827, -8.854603924037711 ] } },
{ "type": "Feature", "properties": { "id": 3798, "alert_type": "Deforestation/Fire" }, "geometry": { "type": "Point", "coordinates": [ 125.291715768814555, -8.854783587094536 ] } },
{ "type": "Feature", "properties": { "id": 3799, "alert_type": "Deforestation/Fire" }, "geometry": { "type": "Point", "coordinates": [ 125.296387008291973, -8.854783587094536 ] } },
{ "type": "Feature", "properties": { "id": 3800, "alert_type": "Deforestation/Fire" }, "geometry": { "type": "Point", "coordinates": [ 125.296746334405626, -8.854783587094536 ] } },
{ "type": "Feature", "properties": { "id": 3801, "alert_type": "Deforestation/Fire" }, "geometry": { "type": "Point", "coordinates": [ 125.297644649689744, -8.854783587094536 ] } },
{ "type": "Feature", "properties": { "id": 3802, "alert_type": "Deforestation/Fire" }, "geometry": { "type": "Point", "coordinates": [ 125.299261617201154, -8.854783587094536 ] } },
{ "type": "Feature", "properties": { "id": 3803, "alert_type": "Deforestation/Fire" }, "geometry": { "type": "Point", "coordinates": [ 125.29998026942846, -8.854783587094536 ] } },
{ "type": "Feature", "properties": { "id": 3804, "alert_type": "Deforestation/Fire" }, "geometry": { "type": "Point", "coordinates": [ 125.300159932485272, -8.854783587094536 ] } },
{ "type": "Feature", "properties": { "id": 3805, "alert_type": "Deforestation/Fire" }, "geometry": { "type": "Point", "coordinates": [ 125.304471845849051, -8.854783587094536 ] } },
{ "type": "Feature", "properties": { "id": 3806, "alert_type": "Deforestation/Fire" }, "geometry": { "type": "Point", "coordinates": [ 125.296746334405626, -8.854963250151361 ] } },
{ "type": "Feature", "properties": { "id": 3807, "alert_type": "Deforestation/Fire" }, "geometry": { "type": "Point", "coordinates": [ 125.29782431274657, -8.854963250151361 ] } },
{ "type": "Feature", "properties": { "id": 3808, "alert_type": "Deforestation/Fire" }, "geometry": { "type": "Point", "coordinates": [ 125.298183638860209, -8.854963250151361 ] } },
{ "type": "Feature", "properties": { "id": 3809, "alert_type": "Deforestation/Fire" }, "geometry": { "type": "Point", "coordinates": [ 125.29998026942846, -8.854963250151361 ] } },
{ "type": "Feature", "properties": { "id": 3810, "alert_type": "Deforestation/Fire" }, "geometry": { "type": "Point", "coordinates": [ 125.300339595542098, -8.854963250151361 ] } },
{ "type": "Feature", "properties": { "id": 3811, "alert_type": "Deforestation/Fire" }, "geometry": { "type": "Point", "coordinates": [ 125.305370161133169, -8.854963250151361 ] } },
{ "type": "Feature", "properties": { "id": 3812, "alert_type": "Deforestation/Fire" }, "geometry": { "type": "Point", "coordinates": [ 125.305549824189995, -8.854963250151361 ] } },
{ "type": "Feature", "properties": { "id": 3813, "alert_type": "Deforestation/Fire" }, "geometry": { "type": "Point", "coordinates": [ 125.451256563274185, -8.854963250151361 ] } },
{ "type": "Feature", "properties": { "id": 3814, "alert_type": "Deforestation/Fire" }, "geometry": { "type": "Point", "coordinates": [ 125.291895431871382, -8.855142913208184 ] } },
{ "type": "Feature", "properties": { "id": 3815, "alert_type": "Deforestation/Fire" }, "geometry": { "type": "Point", "coordinates": [ 125.29225475798502, -8.855142913208184 ] } },
{ "type": "Feature", "properties": { "id": 3816, "alert_type": "Deforestation/Fire" }, "geometry": { "type": "Point", "coordinates": [ 125.298722628030688, -8.855142913208184 ] } },
{ "type": "Feature", "properties": { "id": 3817, "alert_type": "Deforestation/Fire" }, "geometry": { "type": "Point", "coordinates": [ 125.322258488474617, -8.855142913208184 ] } },
{ "type": "Feature", "properties": { "id": 3818, "alert_type": "Deforestation/Fire" }, "geometry": { "type": "Point", "coordinates": [ 125.439937790694273, -8.855142913208184 ] } },
{ "type": "Feature", "properties": { "id": 3819, "alert_type": "Deforestation/Fire" }, "geometry": { "type": "Point", "coordinates": [ 125.441015769035218, -8.855142913208184 ] } },
{ "type": "Feature", "properties": { "id": 3820, "alert_type": "Deforestation/Fire" }, "geometry": { "type": "Point", "coordinates": [ 125.29782431274657, -8.855322576265008 ] } },
{ "type": "Feature", "properties": { "id": 3821, "alert_type": "Deforestation/Fire" }, "geometry": { "type": "Point", "coordinates": [ 125.298003975803397, -8.855322576265008 ] } },
{ "type": "Feature", "properties": { "id": 3822, "alert_type": "Deforestation/Fire" }, "geometry": { "type": "Point", "coordinates": [ 125.298902291087515, -8.855322576265008 ] } },
{ "type": "Feature", "properties": { "id": 3823, "alert_type": "Deforestation/Fire" }, "geometry": { "type": "Point", "coordinates": [ 125.299081954144327, -8.855322576265008 ] } },
{ "type": "Feature", "properties": { "id": 3824, "alert_type": "Deforestation/Fire" }, "geometry": { "type": "Point", "coordinates": [ 125.305010835019516, -8.855322576265008 ] } },
{ "type": "Feature", "properties": { "id": 3825, "alert_type": "Deforestation/Fire" }, "geometry": { "type": "Point", "coordinates": [ 125.347051990316317, -8.855322576265008 ] } },
{ "type": "Feature", "properties": { "id": 3826, "alert_type": "Deforestation/Fire" }, "geometry": { "type": "Point", "coordinates": [ 125.389452471726756, -8.855322576265008 ] } },
{ "type": "Feature", "properties": { "id": 3827, "alert_type": "Deforestation/Fire" }, "geometry": { "type": "Point", "coordinates": [ 125.440656442921565, -8.855322576265008 ] } },
{ "type": "Feature", "properties": { "id": 3828, "alert_type": "Deforestation/Fire" }, "geometry": { "type": "Point", "coordinates": [ 125.297644649689744, -8.855502239321831 ] } },
{ "type": "Feature", "properties": { "id": 3829, "alert_type": "Deforestation/Fire" }, "geometry": { "type": "Point", "coordinates": [ 125.29782431274657, -8.855502239321831 ] } },
{ "type": "Feature", "properties": { "id": 3830, "alert_type": "Deforestation/Fire" }, "geometry": { "type": "Point", "coordinates": [ 125.298003975803397, -8.855502239321831 ] } },
{ "type": "Feature", "properties": { "id": 3831, "alert_type": "Deforestation/Fire" }, "geometry": { "type": "Point", "coordinates": [ 125.301237910826217, -8.855502239321831 ] } },
{ "type": "Feature", "properties": { "id": 3832, "alert_type": "Deforestation/Fire" }, "geometry": { "type": "Point", "coordinates": [ 125.305010835019516, -8.855502239321831 ] } },
{ "type": "Feature", "properties": { "id": 3833, "alert_type": "Deforestation/Fire" }, "geometry": { "type": "Point", "coordinates": [ 125.30662780253094, -8.855502239321831 ] } },
{ "type": "Feature", "properties": { "id": 3834, "alert_type": "Deforestation/Fire" }, "geometry": { "type": "Point", "coordinates": [ 125.347231653373143, -8.855502239321831 ] } },
{ "type": "Feature", "properties": { "id": 3835, "alert_type": "Deforestation/Fire" }, "geometry": { "type": "Point", "coordinates": [ 125.347411316429969, -8.855502239321831 ] } },
{ "type": "Feature", "properties": { "id": 3836, "alert_type": "Deforestation/Fire" }, "geometry": { "type": "Point", "coordinates": [ 125.296925997462452, -8.855681902378656 ] } },
{ "type": "Feature", "properties": { "id": 3837, "alert_type": "Deforestation/Fire" }, "geometry": { "type": "Point", "coordinates": [ 125.297105660519264, -8.855681902378656 ] } },
{ "type": "Feature", "properties": { "id": 3838, "alert_type": "Deforestation/Fire" }, "geometry": { "type": "Point", "coordinates": [ 125.298003975803397, -8.855681902378656 ] } },
{ "type": "Feature", "properties": { "id": 3839, "alert_type": "Deforestation/Fire" }, "geometry": { "type": "Point", "coordinates": [ 125.298183638860209, -8.855681902378656 ] } },
{ "type": "Feature", "properties": { "id": 3840, "alert_type": "Deforestation/Fire" }, "geometry": { "type": "Point", "coordinates": [ 125.298363301917036, -8.855681902378656 ] } },
{ "type": "Feature", "properties": { "id": 3841, "alert_type": "Deforestation/Fire" }, "geometry": { "type": "Point", "coordinates": [ 125.298003975803397, -8.855861565435479 ] } },
{ "type": "Feature", "properties": { "id": 3842, "alert_type": "Deforestation/Fire" }, "geometry": { "type": "Point", "coordinates": [ 125.305549824189995, -8.855861565435479 ] } },
{ "type": "Feature", "properties": { "id": 3843, "alert_type": "Deforestation/Fire" }, "geometry": { "type": "Point", "coordinates": [ 125.305909150303648, -8.855861565435479 ] } },
{ "type": "Feature", "properties": { "id": 3844, "alert_type": "Deforestation/Fire" }, "geometry": { "type": "Point", "coordinates": [ 125.296027682178334, -8.856041228492304 ] } },
{ "type": "Feature", "properties": { "id": 3845, "alert_type": "Deforestation/Fire" }, "geometry": { "type": "Point", "coordinates": [ 125.296387008291973, -8.856041228492304 ] } },
{ "type": "Feature", "properties": { "id": 3846, "alert_type": "Deforestation/Fire" }, "geometry": { "type": "Point", "coordinates": [ 125.29782431274657, -8.856041228492304 ] } },
{ "type": "Feature", "properties": { "id": 3847, "alert_type": "Deforestation/Fire" }, "geometry": { "type": "Point", "coordinates": [ 125.306268476417287, -8.856041228492304 ] } },
{ "type": "Feature", "properties": { "id": 3848, "alert_type": "Deforestation/Fire" }, "geometry": { "type": "Point", "coordinates": [ 125.297644649689744, -8.856220891549127 ] } },
{ "type": "Feature", "properties": { "id": 3849, "alert_type": "Deforestation/Fire" }, "geometry": { "type": "Point", "coordinates": [ 125.304651508905877, -8.856220891549127 ] } },
{ "type": "Feature", "properties": { "id": 3850, "alert_type": "Deforestation/Fire" }, "geometry": { "type": "Point", "coordinates": [ 125.312556683406129, -8.856220891549127 ] } },
{ "type": "Feature", "properties": { "id": 3851, "alert_type": "Deforestation/Fire" }, "geometry": { "type": "Point", "coordinates": [ 125.296746334405626, -8.856400554605951 ] } },
{ "type": "Feature", "properties": { "id": 3852, "alert_type": "Deforestation/Fire" }, "geometry": { "type": "Point", "coordinates": [ 125.297464986632917, -8.856400554605951 ] } },
{ "type": "Feature", "properties": { "id": 3853, "alert_type": "Deforestation/Fire" }, "geometry": { "type": "Point", "coordinates": [ 125.297644649689744, -8.856400554605951 ] } },
{ "type": "Feature", "properties": { "id": 3854, "alert_type": "Deforestation/Fire" }, "geometry": { "type": "Point", "coordinates": [ 125.29782431274657, -8.856400554605951 ] } },
{ "type": "Feature", "properties": { "id": 3855, "alert_type": "Deforestation/Fire" }, "geometry": { "type": "Point", "coordinates": [ 125.305729487246822, -8.856400554605951 ] } },
{ "type": "Feature", "properties": { "id": 3856, "alert_type": "Deforestation/Fire" }, "geometry": { "type": "Point", "coordinates": [ 125.30662780253094, -8.856400554605951 ] } },
{ "type": "Feature", "properties": { "id": 3857, "alert_type": "Deforestation/Fire" }, "geometry": { "type": "Point", "coordinates": [ 125.293871725496444, -8.856580217662774 ] } },
{ "type": "Feature", "properties": { "id": 3858, "alert_type": "Deforestation/Fire" }, "geometry": { "type": "Point", "coordinates": [ 125.297285323576091, -8.856580217662774 ] } },
{ "type": "Feature", "properties": { "id": 3859, "alert_type": "Deforestation/Fire" }, "geometry": { "type": "Point", "coordinates": [ 125.297644649689744, -8.856580217662774 ] } },
{ "type": "Feature", "properties": { "id": 3860, "alert_type": "Deforestation/Fire" }, "geometry": { "type": "Point", "coordinates": [ 125.29782431274657, -8.856580217662774 ] } },
{ "type": "Feature", "properties": { "id": 3861, "alert_type": "Deforestation/Fire" }, "geometry": { "type": "Point", "coordinates": [ 125.306987128644579, -8.856580217662774 ] } },
{ "type": "Feature", "properties": { "id": 3862, "alert_type": "Deforestation/Fire" }, "geometry": { "type": "Point", "coordinates": [ 125.356035143157513, -8.856580217662774 ] } },
{ "type": "Feature", "properties": { "id": 3863, "alert_type": "Deforestation/Fire" }, "geometry": { "type": "Point", "coordinates": [ 125.412988332170684, -8.856580217662774 ] } },
{ "type": "Feature", "properties": { "id": 3864, "alert_type": "Deforestation/Fire" }, "geometry": { "type": "Point", "coordinates": [ 125.413167995227511, -8.856580217662774 ] } },
{ "type": "Feature", "properties": { "id": 3865, "alert_type": "Deforestation/Fire" }, "geometry": { "type": "Point", "coordinates": [ 125.44892094353547, -8.856580217662774 ] } },
{ "type": "Feature", "properties": { "id": 3866, "alert_type": "Deforestation/Fire" }, "geometry": { "type": "Point", "coordinates": [ 125.297464986632917, -8.856759880719599 ] } },
{ "type": "Feature", "properties": { "id": 3867, "alert_type": "Deforestation/Fire" }, "geometry": { "type": "Point", "coordinates": [ 125.297644649689744, -8.856759880719599 ] } },
{ "type": "Feature", "properties": { "id": 3868, "alert_type": "Deforestation/Fire" }, "geometry": { "type": "Point", "coordinates": [ 125.29782431274657, -8.856759880719599 ] } },
{ "type": "Feature", "properties": { "id": 3869, "alert_type": "Deforestation/Fire" }, "geometry": { "type": "Point", "coordinates": [ 125.413347658284337, -8.856759880719599 ] } },
{ "type": "Feature", "properties": { "id": 3870, "alert_type": "Deforestation/Fire" }, "geometry": { "type": "Point", "coordinates": [ 125.443171725717107, -8.856759880719599 ] } },
{ "type": "Feature", "properties": { "id": 3871, "alert_type": "Deforestation/Fire" }, "geometry": { "type": "Point", "coordinates": [ 125.497429968877924, -8.856759880719599 ] } },
{ "type": "Feature", "properties": { "id": 3872, "alert_type": "Deforestation/Fire" }, "geometry": { "type": "Point", "coordinates": [ 125.29441071466691, -8.856939543776424 ] } },
{ "type": "Feature", "properties": { "id": 3873, "alert_type": "Deforestation/Fire" }, "geometry": { "type": "Point", "coordinates": [ 125.295488693007854, -8.856939543776424 ] } },
{ "type": "Feature", "properties": { "id": 3874, "alert_type": "Deforestation/Fire" }, "geometry": { "type": "Point", "coordinates": [ 125.29782431274657, -8.856939543776424 ] } },
{ "type": "Feature", "properties": { "id": 3875, "alert_type": "Deforestation/Fire" }, "geometry": { "type": "Point", "coordinates": [ 125.305909150303648, -8.856939543776424 ] } },
{ "type": "Feature", "properties": { "id": 3876, "alert_type": "Deforestation/Fire" }, "geometry": { "type": "Point", "coordinates": [ 125.306088813360461, -8.856939543776424 ] } },
{ "type": "Feature", "properties": { "id": 3877, "alert_type": "Deforestation/Fire" }, "geometry": { "type": "Point", "coordinates": [ 125.355136827873395, -8.856939543776424 ] } },
{ "type": "Feature", "properties": { "id": 3878, "alert_type": "Deforestation/Fire" }, "geometry": { "type": "Point", "coordinates": [ 125.495633338309688, -8.856939543776424 ] } },
{ "type": "Feature", "properties": { "id": 3879, "alert_type": "Deforestation/Fire" }, "geometry": { "type": "Point", "coordinates": [ 125.2927937471555, -8.857119206833246 ] } },
{ "type": "Feature", "properties": { "id": 3880, "alert_type": "Deforestation/Fire" }, "geometry": { "type": "Point", "coordinates": [ 125.297285323576091, -8.857119206833246 ] } },
{ "type": "Feature", "properties": { "id": 3881, "alert_type": "Deforestation/Fire" }, "geometry": { "type": "Point", "coordinates": [ 125.29782431274657, -8.857119206833246 ] } },
{ "type": "Feature", "properties": { "id": 3882, "alert_type": "Deforestation/Fire" }, "geometry": { "type": "Point", "coordinates": [ 125.306088813360461, -8.857119206833246 ] } },
{ "type": "Feature", "properties": { "id": 3883, "alert_type": "Deforestation/Fire" }, "geometry": { "type": "Point", "coordinates": [ 125.307885443928711, -8.857119206833246 ] } },
{ "type": "Feature", "properties": { "id": 3884, "alert_type": "Deforestation/Fire" }, "geometry": { "type": "Point", "coordinates": [ 125.308065106985524, -8.857119206833246 ] } },
{ "type": "Feature", "properties": { "id": 3885, "alert_type": "Deforestation/Fire" }, "geometry": { "type": "Point", "coordinates": [ 125.30824477004235, -8.857119206833246 ] } },
{ "type": "Feature", "properties": { "id": 3886, "alert_type": "Deforestation/Fire" }, "geometry": { "type": "Point", "coordinates": [ 125.2927937471555, -8.857298869890071 ] } },
{ "type": "Feature", "properties": { "id": 3887, "alert_type": "Deforestation/Fire" }, "geometry": { "type": "Point", "coordinates": [ 125.29441071466691, -8.857298869890071 ] } },
{ "type": "Feature", "properties": { "id": 3888, "alert_type": "Deforestation/Fire" }, "geometry": { "type": "Point", "coordinates": [ 125.297285323576091, -8.857298869890071 ] } },
{ "type": "Feature", "properties": { "id": 3889, "alert_type": "Deforestation/Fire" }, "geometry": { "type": "Point", "coordinates": [ 125.307885443928711, -8.857298869890071 ] } },
{ "type": "Feature", "properties": { "id": 3890, "alert_type": "Deforestation/Fire" }, "geometry": { "type": "Point", "coordinates": [ 125.308065106985524, -8.857298869890071 ] } },
{ "type": "Feature", "properties": { "id": 3891, "alert_type": "Deforestation/Fire" }, "geometry": { "type": "Point", "coordinates": [ 125.308424433099177, -8.857298869890071 ] } },
{ "type": "Feature", "properties": { "id": 3892, "alert_type": "Deforestation/Fire" }, "geometry": { "type": "Point", "coordinates": [ 125.32423478209968, -8.857298869890071 ] } },
{ "type": "Feature", "properties": { "id": 3893, "alert_type": "Deforestation/Fire" }, "geometry": { "type": "Point", "coordinates": [ 125.2927937471555, -8.857478532946894 ] } },
{ "type": "Feature", "properties": { "id": 3894, "alert_type": "Deforestation/Fire" }, "geometry": { "type": "Point", "coordinates": [ 125.295129366894201, -8.857478532946894 ] } },
{ "type": "Feature", "properties": { "id": 3895, "alert_type": "Deforestation/Fire" }, "geometry": { "type": "Point", "coordinates": [ 125.295309029951028, -8.857478532946894 ] } },
{ "type": "Feature", "properties": { "id": 3896, "alert_type": "Deforestation/Fire" }, "geometry": { "type": "Point", "coordinates": [ 125.297285323576091, -8.857478532946894 ] } },
{ "type": "Feature", "properties": { "id": 3897, "alert_type": "Deforestation/Fire" }, "geometry": { "type": "Point", "coordinates": [ 125.297464986632917, -8.857478532946894 ] } },
{ "type": "Feature", "properties": { "id": 3898, "alert_type": "Deforestation/Fire" }, "geometry": { "type": "Point", "coordinates": [ 125.297644649689744, -8.857478532946894 ] } },
{ "type": "Feature", "properties": { "id": 3899, "alert_type": "Deforestation/Fire" }, "geometry": { "type": "Point", "coordinates": [ 125.291176779644076, -8.857658196003719 ] } },
{ "type": "Feature", "properties": { "id": 3900, "alert_type": "Deforestation/Fire" }, "geometry": { "type": "Point", "coordinates": [ 125.295129366894201, -8.857658196003719 ] } },
{ "type": "Feature", "properties": { "id": 3901, "alert_type": "Deforestation/Fire" }, "geometry": { "type": "Point", "coordinates": [ 125.297285323576091, -8.857658196003719 ] } },
{ "type": "Feature", "properties": { "id": 3902, "alert_type": "Deforestation/Fire" }, "geometry": { "type": "Point", "coordinates": [ 125.297464986632917, -8.857658196003719 ] } },
{ "type": "Feature", "properties": { "id": 3903, "alert_type": "Deforestation/Fire" }, "geometry": { "type": "Point", "coordinates": [ 125.305909150303648, -8.857658196003719 ] } },
{ "type": "Feature", "properties": { "id": 3904, "alert_type": "Deforestation/Fire" }, "geometry": { "type": "Point", "coordinates": [ 125.308963422269642, -8.857658196003719 ] } },
{ "type": "Feature", "properties": { "id": 3905, "alert_type": "Deforestation/Fire" }, "geometry": { "type": "Point", "coordinates": [ 125.292973410212326, -8.857837859060542 ] } },
{ "type": "Feature", "properties": { "id": 3906, "alert_type": "Deforestation/Fire" }, "geometry": { "type": "Point", "coordinates": [ 125.293153073269139, -8.857837859060542 ] } },
{ "type": "Feature", "properties": { "id": 3907, "alert_type": "Deforestation/Fire" }, "geometry": { "type": "Point", "coordinates": [ 125.295848019121507, -8.857837859060542 ] } },
{ "type": "Feature", "properties": { "id": 3908, "alert_type": "Deforestation/Fire" }, "geometry": { "type": "Point", "coordinates": [ 125.309322748383295, -8.857837859060542 ] } },
{ "type": "Feature", "properties": { "id": 3909, "alert_type": "Deforestation/Fire" }, "geometry": { "type": "Point", "coordinates": [ 125.372025155214843, -8.857837859060542 ] } },
{ "type": "Feature", "properties": { "id": 3910, "alert_type": "Deforestation/Fire" }, "geometry": { "type": "Point", "coordinates": [ 125.372204818271669, -8.857837859060542 ] } },
{ "type": "Feature", "properties": { "id": 3911, "alert_type": "Deforestation/Fire" }, "geometry": { "type": "Point", "coordinates": [ 125.307705780871885, -8.858017522117366 ] } },
{ "type": "Feature", "properties": { "id": 3912, "alert_type": "Deforestation/Fire" }, "geometry": { "type": "Point", "coordinates": [ 125.309322748383295, -8.858017522117366 ] } },
{ "type": "Feature", "properties": { "id": 3913, "alert_type": "Deforestation/Fire" }, "geometry": { "type": "Point", "coordinates": [ 125.309502411440121, -8.858017522117366 ] } },
{ "type": "Feature", "properties": { "id": 3914, "alert_type": "Deforestation/Fire" }, "geometry": { "type": "Point", "coordinates": [ 125.314712640088018, -8.858017522117366 ] } },
{ "type": "Feature", "properties": { "id": 3915, "alert_type": "Deforestation/Fire" }, "geometry": { "type": "Point", "coordinates": [ 125.421791821955054, -8.858017522117366 ] } },
{ "type": "Feature", "properties": { "id": 3916, "alert_type": "Deforestation/Fire" }, "geometry": { "type": "Point", "coordinates": [ 125.296387008291973, -8.858197185174189 ] } },
{ "type": "Feature", "properties": { "id": 3917, "alert_type": "Deforestation/Fire" }, "geometry": { "type": "Point", "coordinates": [ 125.296566671348799, -8.858197185174189 ] } },
{ "type": "Feature", "properties": { "id": 3918, "alert_type": "Deforestation/Fire" }, "geometry": { "type": "Point", "coordinates": [ 125.296746334405626, -8.858197185174189 ] } },
{ "type": "Feature", "properties": { "id": 3919, "alert_type": "Deforestation/Fire" }, "geometry": { "type": "Point", "coordinates": [ 125.421791821955054, -8.858197185174189 ] } },
{ "type": "Feature", "properties": { "id": 3920, "alert_type": "Deforestation/Fire" }, "geometry": { "type": "Point", "coordinates": [ 125.293332736325965, -8.858376848231014 ] } },
{ "type": "Feature", "properties": { "id": 3921, "alert_type": "Deforestation/Fire" }, "geometry": { "type": "Point", "coordinates": [ 125.293512399382792, -8.858376848231014 ] } },
{ "type": "Feature", "properties": { "id": 3922, "alert_type": "Deforestation/Fire" }, "geometry": { "type": "Point", "coordinates": [ 125.295668356064681, -8.858376848231014 ] } },
{ "type": "Feature", "properties": { "id": 3923, "alert_type": "Deforestation/Fire" }, "geometry": { "type": "Point", "coordinates": [ 125.295848019121507, -8.858376848231014 ] } },
{ "type": "Feature", "properties": { "id": 3924, "alert_type": "Deforestation/Fire" }, "geometry": { "type": "Point", "coordinates": [ 125.307526117815058, -8.858376848231014 ] } },
{ "type": "Feature", "properties": { "id": 3925, "alert_type": "Deforestation/Fire" }, "geometry": { "type": "Point", "coordinates": [ 125.369330209362474, -8.858376848231014 ] } },
{ "type": "Feature", "properties": { "id": 3926, "alert_type": "Deforestation/Fire" }, "geometry": { "type": "Point", "coordinates": [ 125.292614084098673, -8.858556511287837 ] } },
{ "type": "Feature", "properties": { "id": 3927, "alert_type": "Deforestation/Fire" }, "geometry": { "type": "Point", "coordinates": [ 125.292973410212326, -8.858556511287837 ] } },
{ "type": "Feature", "properties": { "id": 3928, "alert_type": "Deforestation/Fire" }, "geometry": { "type": "Point", "coordinates": [ 125.296027682178334, -8.858556511287837 ] } },
{ "type": "Feature", "properties": { "id": 3929, "alert_type": "Deforestation/Fire" }, "geometry": { "type": "Point", "coordinates": [ 125.296207345235146, -8.858556511287837 ] } },
{ "type": "Feature", "properties": { "id": 3930, "alert_type": "Deforestation/Fire" }, "geometry": { "type": "Point", "coordinates": [ 125.316329607599428, -8.858556511287837 ] } },
{ "type": "Feature", "properties": { "id": 3931, "alert_type": "Deforestation/Fire" }, "geometry": { "type": "Point", "coordinates": [ 125.290458127416784, -8.858736174344662 ] } },
{ "type": "Feature", "properties": { "id": 3932, "alert_type": "Deforestation/Fire" }, "geometry": { "type": "Point", "coordinates": [ 125.293332736325965, -8.858736174344662 ] } },
{ "type": "Feature", "properties": { "id": 3933, "alert_type": "Deforestation/Fire" }, "geometry": { "type": "Point", "coordinates": [ 125.293512399382792, -8.858736174344662 ] } },
{ "type": "Feature", "properties": { "id": 3934, "alert_type": "Deforestation/Fire" }, "geometry": { "type": "Point", "coordinates": [ 125.296387008291973, -8.858736174344662 ] } },
{ "type": "Feature", "properties": { "id": 3935, "alert_type": "Deforestation/Fire" }, "geometry": { "type": "Point", "coordinates": [ 125.290458127416784, -8.858915837401486 ] } },
{ "type": "Feature", "properties": { "id": 3936, "alert_type": "Deforestation/Fire" }, "geometry": { "type": "Point", "coordinates": [ 125.296387008291973, -8.858915837401486 ] } },
{ "type": "Feature", "properties": { "id": 3937, "alert_type": "Deforestation/Fire" }, "geometry": { "type": "Point", "coordinates": [ 125.296566671348799, -8.858915837401486 ] } },
{ "type": "Feature", "properties": { "id": 3938, "alert_type": "Deforestation/Fire" }, "geometry": { "type": "Point", "coordinates": [ 125.296746334405626, -8.858915837401486 ] } },
{ "type": "Feature", "properties": { "id": 3939, "alert_type": "Deforestation/Fire" }, "geometry": { "type": "Point", "coordinates": [ 125.495453675252861, -8.858915837401486 ] } },
{ "type": "Feature", "properties": { "id": 3940, "alert_type": "Deforestation/Fire" }, "geometry": { "type": "Point", "coordinates": [ 125.296207345235146, -8.859095500458309 ] } },
{ "type": "Feature", "properties": { "id": 3941, "alert_type": "Deforestation/Fire" }, "geometry": { "type": "Point", "coordinates": [ 125.296387008291973, -8.859095500458309 ] } },
{ "type": "Feature", "properties": { "id": 3942, "alert_type": "Deforestation/Fire" }, "geometry": { "type": "Point", "coordinates": [ 125.296566671348799, -8.859095500458309 ] } },
{ "type": "Feature", "properties": { "id": 3943, "alert_type": "Deforestation/Fire" }, "geometry": { "type": "Point", "coordinates": [ 125.296027682178334, -8.859275163515134 ] } },
{ "type": "Feature", "properties": { "id": 3944, "alert_type": "Deforestation/Fire" }, "geometry": { "type": "Point", "coordinates": [ 125.307885443928711, -8.859454826571957 ] } },
{ "type": "Feature", "properties": { "id": 3945, "alert_type": "Deforestation/Fire" }, "geometry": { "type": "Point", "coordinates": [ 125.294770040780563, -8.859634489628782 ] } },
{ "type": "Feature", "properties": { "id": 3946, "alert_type": "Deforestation/Fire" }, "geometry": { "type": "Point", "coordinates": [ 125.296207345235146, -8.859634489628782 ] } },
{ "type": "Feature", "properties": { "id": 3947, "alert_type": "Deforestation/Fire" }, "geometry": { "type": "Point", "coordinates": [ 125.296387008291973, -8.859634489628782 ] } },
{ "type": "Feature", "properties": { "id": 3948, "alert_type": "Deforestation/Fire" }, "geometry": { "type": "Point", "coordinates": [ 125.310939715894705, -8.859634489628782 ] } },
{ "type": "Feature", "properties": { "id": 3949, "alert_type": "Deforestation/Fire" }, "geometry": { "type": "Point", "coordinates": [ 125.321000847076846, -8.859814152685605 ] } },
{ "type": "Feature", "properties": { "id": 3950, "alert_type": "Deforestation/Fire" }, "geometry": { "type": "Point", "coordinates": [ 125.295668356064681, -8.859993815742429 ] } },
{ "type": "Feature", "properties": { "id": 3951, "alert_type": "Deforestation/Fire" }, "geometry": { "type": "Point", "coordinates": [ 125.296207345235146, -8.859993815742429 ] } },
{ "type": "Feature", "properties": { "id": 3952, "alert_type": "Deforestation/Fire" }, "geometry": { "type": "Point", "coordinates": [ 125.296387008291973, -8.859993815742429 ] } },
{ "type": "Feature", "properties": { "id": 3953, "alert_type": "Deforestation/Fire" }, "geometry": { "type": "Point", "coordinates": [ 125.294949703837389, -8.860173478799252 ] } },
{ "type": "Feature", "properties": { "id": 3954, "alert_type": "Deforestation/Fire" }, "geometry": { "type": "Point", "coordinates": [ 125.308604096156003, -8.860173478799252 ] } },
{ "type": "Feature", "properties": { "id": 3955, "alert_type": "Deforestation/Fire" }, "geometry": { "type": "Point", "coordinates": [ 125.309682074496948, -8.860173478799252 ] } },
{ "type": "Feature", "properties": { "id": 3956, "alert_type": "Deforestation/Fire" }, "geometry": { "type": "Point", "coordinates": [ 125.311299042008358, -8.860173478799252 ] } },
{ "type": "Feature", "properties": { "id": 3957, "alert_type": "Deforestation/Fire" }, "geometry": { "type": "Point", "coordinates": [ 125.331780630486278, -8.860173478799252 ] } },
{ "type": "Feature", "properties": { "id": 3958, "alert_type": "Deforestation/Fire" }, "geometry": { "type": "Point", "coordinates": [ 125.308604096156003, -8.860353141856077 ] } },
{ "type": "Feature", "properties": { "id": 3959, "alert_type": "Deforestation/Fire" }, "geometry": { "type": "Point", "coordinates": [ 125.308963422269642, -8.860353141856077 ] } },
{ "type": "Feature", "properties": { "id": 3960, "alert_type": "Deforestation/Fire" }, "geometry": { "type": "Point", "coordinates": [ 125.374899764124024, -8.860353141856077 ] } },
{ "type": "Feature", "properties": { "id": 3961, "alert_type": "Deforestation/Fire" }, "geometry": { "type": "Point", "coordinates": [ 125.295668356064681, -8.8605328049129 ] } },
{ "type": "Feature", "properties": { "id": 3962, "alert_type": "Deforestation/Fire" }, "geometry": { "type": "Point", "coordinates": [ 125.309861737553774, -8.8605328049129 ] } },
{ "type": "Feature", "properties": { "id": 3963, "alert_type": "Deforestation/Fire" }, "geometry": { "type": "Point", "coordinates": [ 125.317407585940373, -8.8605328049129 ] } },
{ "type": "Feature", "properties": { "id": 3964, "alert_type": "Deforestation/Fire" }, "geometry": { "type": "Point", "coordinates": [ 125.294231051610083, -8.860712467969725 ] } },
{ "type": "Feature", "properties": { "id": 3965, "alert_type": "Deforestation/Fire" }, "geometry": { "type": "Point", "coordinates": [ 125.308963422269642, -8.860712467969725 ] } },
{ "type": "Feature", "properties": { "id": 3966, "alert_type": "Deforestation/Fire" }, "geometry": { "type": "Point", "coordinates": [ 125.310939715894705, -8.860712467969725 ] } },
{ "type": "Feature", "properties": { "id": 3967, "alert_type": "Deforestation/Fire" }, "geometry": { "type": "Point", "coordinates": [ 125.312197357292476, -8.860712467969725 ] } },
{ "type": "Feature", "properties": { "id": 3968, "alert_type": "Deforestation/Fire" }, "geometry": { "type": "Point", "coordinates": [ 125.333756924111341, -8.860712467969725 ] } },
{ "type": "Feature", "properties": { "id": 3969, "alert_type": "Deforestation/Fire" }, "geometry": { "type": "Point", "coordinates": [ 125.291895431871382, -8.860892131026549 ] } },
{ "type": "Feature", "properties": { "id": 3970, "alert_type": "Deforestation/Fire" }, "geometry": { "type": "Point", "coordinates": [ 125.311119378951531, -8.860892131026549 ] } },
{ "type": "Feature", "properties": { "id": 3971, "alert_type": "Deforestation/Fire" }, "geometry": { "type": "Point", "coordinates": [ 125.311299042008358, -8.860892131026549 ] } },
{ "type": "Feature", "properties": { "id": 3972, "alert_type": "Deforestation/Fire" }, "geometry": { "type": "Point", "coordinates": [ 125.312017694235649, -8.860892131026549 ] } },
{ "type": "Feature", "properties": { "id": 3973, "alert_type": "Deforestation/Fire" }, "geometry": { "type": "Point", "coordinates": [ 125.331960293543105, -8.860892131026549 ] } },
{ "type": "Feature", "properties": { "id": 3974, "alert_type": "Deforestation/Fire" }, "geometry": { "type": "Point", "coordinates": [ 125.332139956599931, -8.860892131026549 ] } },
{ "type": "Feature", "properties": { "id": 3975, "alert_type": "Deforestation/Fire" }, "geometry": { "type": "Point", "coordinates": [ 125.486650185468491, -8.860892131026549 ] } },
{ "type": "Feature", "properties": { "id": 3976, "alert_type": "Deforestation/Fire" }, "geometry": { "type": "Point", "coordinates": [ 125.291895431871382, -8.861071794083372 ] } },
{ "type": "Feature", "properties": { "id": 3977, "alert_type": "Deforestation/Fire" }, "geometry": { "type": "Point", "coordinates": [ 125.311478705065184, -8.861071794083372 ] } },
{ "type": "Feature", "properties": { "id": 3978, "alert_type": "Deforestation/Fire" }, "geometry": { "type": "Point", "coordinates": [ 125.312556683406129, -8.861071794083372 ] } },
{ "type": "Feature", "properties": { "id": 3979, "alert_type": "Deforestation/Fire" }, "geometry": { "type": "Point", "coordinates": [ 125.292434421041847, -8.861251457140197 ] } },
{ "type": "Feature", "properties": { "id": 3980, "alert_type": "Deforestation/Fire" }, "geometry": { "type": "Point", "coordinates": [ 125.309143085326468, -8.861251457140197 ] } },
{ "type": "Feature", "properties": { "id": 3981, "alert_type": "Deforestation/Fire" }, "geometry": { "type": "Point", "coordinates": [ 125.312916009519768, -8.86143112019702 ] } },
{ "type": "Feature", "properties": { "id": 3982, "alert_type": "Deforestation/Fire" }, "geometry": { "type": "Point", "coordinates": [ 125.313095672576594, -8.86143112019702 ] } },
{ "type": "Feature", "properties": { "id": 3983, "alert_type": "Deforestation/Fire" }, "geometry": { "type": "Point", "coordinates": [ 125.313275335633421, -8.86143112019702 ] } },
{ "type": "Feature", "properties": { "id": 3984, "alert_type": "Deforestation/Fire" }, "geometry": { "type": "Point", "coordinates": [ 125.313634661747074, -8.86143112019702 ] } },
{ "type": "Feature", "properties": { "id": 3985, "alert_type": "Deforestation/Fire" }, "geometry": { "type": "Point", "coordinates": [ 125.312197357292476, -8.861610783253845 ] } },
{ "type": "Feature", "properties": { "id": 3986, "alert_type": "Deforestation/Fire" }, "geometry": { "type": "Point", "coordinates": [ 125.312736346462955, -8.861610783253845 ] } },
{ "type": "Feature", "properties": { "id": 3987, "alert_type": "Deforestation/Fire" }, "geometry": { "type": "Point", "coordinates": [ 125.312916009519768, -8.861610783253845 ] } },
{ "type": "Feature", "properties": { "id": 3988, "alert_type": "Deforestation/Fire" }, "geometry": { "type": "Point", "coordinates": [ 125.3138143248039, -8.861610783253845 ] } },
{ "type": "Feature", "properties": { "id": 3989, "alert_type": "Deforestation/Fire" }, "geometry": { "type": "Point", "coordinates": [ 125.313993987860712, -8.861610783253845 ] } },
{ "type": "Feature", "properties": { "id": 3990, "alert_type": "Deforestation/Fire" }, "geometry": { "type": "Point", "coordinates": [ 125.320821184020019, -8.861610783253845 ] } },
{ "type": "Feature", "properties": { "id": 3991, "alert_type": "Deforestation/Fire" }, "geometry": { "type": "Point", "coordinates": [ 125.3138143248039, -8.861790446310668 ] } },
{ "type": "Feature", "properties": { "id": 3992, "alert_type": "Deforestation/Fire" }, "geometry": { "type": "Point", "coordinates": [ 125.316688933713081, -8.861790446310668 ] } },
{ "type": "Feature", "properties": { "id": 3993, "alert_type": "Deforestation/Fire" }, "geometry": { "type": "Point", "coordinates": [ 125.317407585940373, -8.861790446310668 ] } },
{ "type": "Feature", "properties": { "id": 3994, "alert_type": "Deforestation/Fire" }, "geometry": { "type": "Point", "coordinates": [ 125.3138143248039, -8.861970109367492 ] } },
{ "type": "Feature", "properties": { "id": 3995, "alert_type": "Deforestation/Fire" }, "geometry": { "type": "Point", "coordinates": [ 125.314712640088018, -8.861970109367492 ] } },
{ "type": "Feature", "properties": { "id": 3996, "alert_type": "Deforestation/Fire" }, "geometry": { "type": "Point", "coordinates": [ 125.3138143248039, -8.862149772424315 ] } },
{ "type": "Feature", "properties": { "id": 3997, "alert_type": "Deforestation/Fire" }, "geometry": { "type": "Point", "coordinates": [ 125.315970281485775, -8.862149772424315 ] } },
{ "type": "Feature", "properties": { "id": 3998, "alert_type": "Deforestation/Fire" }, "geometry": { "type": "Point", "coordinates": [ 125.313993987860712, -8.86232943548114 ] } },
{ "type": "Feature", "properties": { "id": 3999, "alert_type": "Deforestation/Fire" }, "geometry": { "type": "Point", "coordinates": [ 125.314353313974365, -8.86232943548114 ] } },
{ "type": "Feature", "properties": { "id": 4000, "alert_type": "Deforestation/Fire" }, "geometry": { "type": "Point", "coordinates": [ 125.315610955372136, -8.86232943548114 ] } },
{ "type": "Feature", "properties": { "id": 4001, "alert_type": "Deforestation/Fire" }, "geometry": { "type": "Point", "coordinates": [ 125.315790618428963, -8.86232943548114 ] } },
{ "type": "Feature", "properties": { "id": 4002, "alert_type": "Deforestation/Fire" }, "geometry": { "type": "Point", "coordinates": [ 125.328906021577097, -8.86232943548114 ] } },
{ "type": "Feature", "properties": { "id": 4003, "alert_type": "Deforestation/Fire" }, "geometry": { "type": "Point", "coordinates": [ 125.315970281485775, -8.862688761594788 ] } },
{ "type": "Feature", "properties": { "id": 4004, "alert_type": "Deforestation/Fire" }, "geometry": { "type": "Point", "coordinates": [ 125.332499282713584, -8.862688761594788 ] } },
{ "type": "Feature", "properties": { "id": 4005, "alert_type": "Deforestation/Fire" }, "geometry": { "type": "Point", "coordinates": [ 125.502460534468995, -8.862688761594788 ] } },
{ "type": "Feature", "properties": { "id": 4006, "alert_type": "Deforestation/Fire" }, "geometry": { "type": "Point", "coordinates": [ 125.491680751059562, -8.862868424651612 ] } },
{ "type": "Feature", "properties": { "id": 4007, "alert_type": "Deforestation/Fire" }, "geometry": { "type": "Point", "coordinates": [ 125.455927802751603, -8.86322775076526 ] } },
{ "type": "Feature", "properties": { "id": 4008, "alert_type": "Deforestation/Fire" }, "geometry": { "type": "Point", "coordinates": [ 125.324953434326972, -8.863946402992555 ] } },
{ "type": "Feature", "properties": { "id": 4009, "alert_type": "Deforestation/Fire" }, "geometry": { "type": "Point", "coordinates": [ 125.414964625795747, -8.863946402992555 ] } },
{ "type": "Feature", "properties": { "id": 4010, "alert_type": "Deforestation/Fire" }, "geometry": { "type": "Point", "coordinates": [ 125.324055119042853, -8.864305729106203 ] } },
{ "type": "Feature", "properties": { "id": 4011, "alert_type": "Deforestation/Fire" }, "geometry": { "type": "Point", "coordinates": [ 125.450537911046879, -8.864305729106203 ] } },
{ "type": "Feature", "properties": { "id": 4012, "alert_type": "Deforestation/Fire" }, "geometry": { "type": "Point", "coordinates": [ 125.450897237160532, -8.864305729106203 ] } },
{ "type": "Feature", "properties": { "id": 4013, "alert_type": "Deforestation/Fire" }, "geometry": { "type": "Point", "coordinates": [ 125.414605299682108, -8.864485392163028 ] } },
{ "type": "Feature", "properties": { "id": 4014, "alert_type": "Deforestation/Fire" }, "geometry": { "type": "Point", "coordinates": [ 125.46275499891091, -8.864844718276675 ] } },
{ "type": "Feature", "properties": { "id": 4015, "alert_type": "Deforestation/Fire" }, "geometry": { "type": "Point", "coordinates": [ 125.489345131320846, -8.864844718276675 ] } },
{ "type": "Feature", "properties": { "id": 4016, "alert_type": "Deforestation/Fire" }, "geometry": { "type": "Point", "coordinates": [ 125.45233454161513, -8.86556337050397 ] } },
{ "type": "Feature", "properties": { "id": 4017, "alert_type": "Deforestation/Fire" }, "geometry": { "type": "Point", "coordinates": [ 125.441015769035218, -8.865743033560793 ] } },
{ "type": "Feature", "properties": { "id": 4018, "alert_type": "Deforestation/Fire" }, "geometry": { "type": "Point", "coordinates": [ 125.453053193842422, -8.865922696617618 ] } },
{ "type": "Feature", "properties": { "id": 4019, "alert_type": "Deforestation/Fire" }, "geometry": { "type": "Point", "coordinates": [ 125.452154878558304, -8.866102359674441 ] } },
{ "type": "Feature", "properties": { "id": 4020, "alert_type": "Deforestation/Fire" }, "geometry": { "type": "Point", "coordinates": [ 125.452873530785595, -8.866102359674441 ] } },
{ "type": "Feature", "properties": { "id": 4021, "alert_type": "Deforestation/Fire" }, "geometry": { "type": "Point", "coordinates": [ 125.426463061432486, -8.86646168578809 ] } },
{ "type": "Feature", "properties": { "id": 4022, "alert_type": "Deforestation/Fire" }, "geometry": { "type": "Point", "coordinates": [ 125.426463061432486, -8.866641348844913 ] } },
{ "type": "Feature", "properties": { "id": 4023, "alert_type": "Deforestation/Fire" }, "geometry": { "type": "Point", "coordinates": [ 125.457544770263013, -8.868258316356329 ] } },
{ "type": "Feature", "properties": { "id": 4024, "alert_type": "Deforestation/Fire" }, "geometry": { "type": "Point", "coordinates": [ 125.457724433319839, -8.868258316356329 ] } },
{ "type": "Feature", "properties": { "id": 4025, "alert_type": "Deforestation/Fire" }, "geometry": { "type": "Point", "coordinates": [ 125.458622748603958, -8.868617642469976 ] } },
{ "type": "Feature", "properties": { "id": 4026, "alert_type": "Deforestation/Fire" }, "geometry": { "type": "Point", "coordinates": [ 125.483236587388831, -8.868617642469976 ] } },
{ "type": "Feature", "properties": { "id": 4027, "alert_type": "Deforestation/Fire" }, "geometry": { "type": "Point", "coordinates": [ 125.457005781092548, -8.868797305526801 ] } },
{ "type": "Feature", "properties": { "id": 4028, "alert_type": "Deforestation/Fire" }, "geometry": { "type": "Point", "coordinates": [ 125.513060654821601, -8.868797305526801 ] } },
{ "type": "Feature", "properties": { "id": 4029, "alert_type": "Deforestation/Fire" }, "geometry": { "type": "Point", "coordinates": [ 125.459700726944902, -8.868976968583624 ] } },
{ "type": "Feature", "properties": { "id": 4030, "alert_type": "Deforestation/Fire" }, "geometry": { "type": "Point", "coordinates": [ 125.425205420034715, -8.869156631640449 ] } },
{ "type": "Feature", "properties": { "id": 4031, "alert_type": "Deforestation/Fire" }, "geometry": { "type": "Point", "coordinates": [ 125.457544770263013, -8.869156631640449 ] } },
{ "type": "Feature", "properties": { "id": 4032, "alert_type": "Deforestation/Fire" }, "geometry": { "type": "Point", "coordinates": [ 125.513958970105719, -8.869156631640449 ] } },
{ "type": "Feature", "properties": { "id": 4033, "alert_type": "Deforestation/Fire" }, "geometry": { "type": "Point", "coordinates": [ 125.457365107206186, -8.869336294697272 ] } },
{ "type": "Feature", "properties": { "id": 4034, "alert_type": "Deforestation/Fire" }, "geometry": { "type": "Point", "coordinates": [ 125.457544770263013, -8.869336294697272 ] } },
{ "type": "Feature", "properties": { "id": 4035, "alert_type": "Deforestation/Fire" }, "geometry": { "type": "Point", "coordinates": [ 125.323336466815562, -8.869695620810919 ] } },
{ "type": "Feature", "properties": { "id": 4036, "alert_type": "Deforestation/Fire" }, "geometry": { "type": "Point", "coordinates": [ 125.360167393464465, -8.869695620810919 ] } },
{ "type": "Feature", "properties": { "id": 4037, "alert_type": "Deforestation/Fire" }, "geometry": { "type": "Point", "coordinates": [ 125.486650185468491, -8.869695620810919 ] } },
{ "type": "Feature", "properties": { "id": 4038, "alert_type": "Deforestation/Fire" }, "geometry": { "type": "Point", "coordinates": [ 125.462934661967736, -8.869875283867744 ] } },
{ "type": "Feature", "properties": { "id": 4039, "alert_type": "Deforestation/Fire" }, "geometry": { "type": "Point", "coordinates": [ 125.483955239616137, -8.869875283867744 ] } },
{ "type": "Feature", "properties": { "id": 4040, "alert_type": "Deforestation/Fire" }, "geometry": { "type": "Point", "coordinates": [ 125.486111196298012, -8.870414273038216 ] } },
{ "type": "Feature", "properties": { "id": 4041, "alert_type": "Deforestation/Fire" }, "geometry": { "type": "Point", "coordinates": [ 125.486290859354838, -8.870414273038216 ] } },
{ "type": "Feature", "properties": { "id": 4042, "alert_type": "Deforestation/Fire" }, "geometry": { "type": "Point", "coordinates": [ 125.309322748383295, -8.870593936095039 ] } },
{ "type": "Feature", "properties": { "id": 4043, "alert_type": "Deforestation/Fire" }, "geometry": { "type": "Point", "coordinates": [ 125.377954036090031, -8.870593936095039 ] } },
{ "type": "Feature", "properties": { "id": 4044, "alert_type": "Deforestation/Fire" }, "geometry": { "type": "Point", "coordinates": [ 125.404184842386314, -8.870773599151864 ] } },
{ "type": "Feature", "properties": { "id": 4045, "alert_type": "Deforestation/Fire" }, "geometry": { "type": "Point", "coordinates": [ 125.46275499891091, -8.870773599151864 ] } },
{ "type": "Feature", "properties": { "id": 4046, "alert_type": "Deforestation/Fire" }, "geometry": { "type": "Point", "coordinates": [ 125.35567581704386, -8.870953262208687 ] } },
{ "type": "Feature", "properties": { "id": 4047, "alert_type": "Deforestation/Fire" }, "geometry": { "type": "Point", "coordinates": [ 125.46275499891091, -8.870953262208687 ] } },
{ "type": "Feature", "properties": { "id": 4048, "alert_type": "Deforestation/Fire" }, "geometry": { "type": "Point", "coordinates": [ 125.458982074717611, -8.871312588322334 ] } },
{ "type": "Feature", "properties": { "id": 4049, "alert_type": "Deforestation/Fire" }, "geometry": { "type": "Point", "coordinates": [ 125.327289054065687, -8.872210903606454 ] } },
{ "type": "Feature", "properties": { "id": 4050, "alert_type": "Deforestation/Fire" }, "geometry": { "type": "Point", "coordinates": [ 125.328007706292979, -8.872390566663279 ] } },
{ "type": "Feature", "properties": { "id": 4051, "alert_type": "Deforestation/Fire" }, "geometry": { "type": "Point", "coordinates": [ 125.458263422490319, -8.872749892776927 ] } },
{ "type": "Feature", "properties": { "id": 4052, "alert_type": "Deforestation/Fire" }, "geometry": { "type": "Point", "coordinates": [ 125.453592183012887, -8.873288881947397 ] } },
{ "type": "Feature", "properties": { "id": 4053, "alert_type": "Deforestation/Fire" }, "geometry": { "type": "Point", "coordinates": [ 125.432032616194022, -8.87382787111787 ] } },
{ "type": "Feature", "properties": { "id": 4054, "alert_type": "Deforestation/Fire" }, "geometry": { "type": "Point", "coordinates": [ 125.328367032406632, -8.874905849458813 ] } },
{ "type": "Feature", "properties": { "id": 4055, "alert_type": "Deforestation/Fire" }, "geometry": { "type": "Point", "coordinates": [ 125.478026358740948, -8.874905849458813 ] } },
{ "type": "Feature", "properties": { "id": 4056, "alert_type": "Deforestation/Fire" }, "geometry": { "type": "Point", "coordinates": [ 125.29441071466691, -8.875085512515637 ] } },
{ "type": "Feature", "properties": { "id": 4057, "alert_type": "Deforestation/Fire" }, "geometry": { "type": "Point", "coordinates": [ 125.411551027716101, -8.875624501686108 ] } },
{ "type": "Feature", "properties": { "id": 4058, "alert_type": "Deforestation/Fire" }, "geometry": { "type": "Point", "coordinates": [ 125.41370698439799, -8.875983827799757 ] } },
{ "type": "Feature", "properties": { "id": 4059, "alert_type": "Deforestation/Fire" }, "geometry": { "type": "Point", "coordinates": [ 125.414425636625282, -8.87616349085658 ] } },
{ "type": "Feature", "properties": { "id": 4060, "alert_type": "Deforestation/Fire" }, "geometry": { "type": "Point", "coordinates": [ 125.400591581249842, -8.876343153913405 ] } },
{ "type": "Feature", "properties": { "id": 4061, "alert_type": "Deforestation/Fire" }, "geometry": { "type": "Point", "coordinates": [ 125.414245973568455, -8.876343153913405 ] } },
{ "type": "Feature", "properties": { "id": 4062, "alert_type": "Deforestation/Fire" }, "geometry": { "type": "Point", "coordinates": [ 125.409035744920558, -8.876522816970228 ] } },
{ "type": "Feature", "properties": { "id": 4063, "alert_type": "Deforestation/Fire" }, "geometry": { "type": "Point", "coordinates": [ 125.412090016886566, -8.876522816970228 ] } },
{ "type": "Feature", "properties": { "id": 4064, "alert_type": "Deforestation/Fire" }, "geometry": { "type": "Point", "coordinates": [ 125.409215407977385, -8.876882143083876 ] } },
{ "type": "Feature", "properties": { "id": 4065, "alert_type": "Deforestation/Fire" }, "geometry": { "type": "Point", "coordinates": [ 125.443531051830746, -8.8770618061407 ] } },
{ "type": "Feature", "properties": { "id": 4066, "alert_type": "Deforestation/Fire" }, "geometry": { "type": "Point", "coordinates": [ 125.451795552444651, -8.877421132254348 ] } },
{ "type": "Feature", "properties": { "id": 4067, "alert_type": "Deforestation/Fire" }, "geometry": { "type": "Point", "coordinates": [ 125.428619018114375, -8.877780458367996 ] } },
{ "type": "Feature", "properties": { "id": 4068, "alert_type": "Deforestation/Fire" }, "geometry": { "type": "Point", "coordinates": [ 125.400411918193015, -8.878139784481643 ] } },
{ "type": "Feature", "properties": { "id": 4069, "alert_type": "Deforestation/Fire" }, "geometry": { "type": "Point", "coordinates": [ 125.421612158898242, -8.878139784481643 ] } },
{ "type": "Feature", "properties": { "id": 4070, "alert_type": "Deforestation/Fire" }, "geometry": { "type": "Point", "coordinates": [ 125.421791821955054, -8.878139784481643 ] } },
{ "type": "Feature", "properties": { "id": 4071, "alert_type": "Deforestation/Fire" }, "geometry": { "type": "Point", "coordinates": [ 125.398615287624779, -8.878319447538468 ] } },
{ "type": "Feature", "properties": { "id": 4072, "alert_type": "Deforestation/Fire" }, "geometry": { "type": "Point", "coordinates": [ 125.451076900217359, -8.878319447538468 ] } },
{ "type": "Feature", "properties": { "id": 4073, "alert_type": "Deforestation/Fire" }, "geometry": { "type": "Point", "coordinates": [ 125.441554758205683, -8.878499110595291 ] } },
{ "type": "Feature", "properties": { "id": 4074, "alert_type": "Deforestation/Fire" }, "geometry": { "type": "Point", "coordinates": [ 125.464012640308681, -8.878499110595291 ] } },
{ "type": "Feature", "properties": { "id": 4075, "alert_type": "Deforestation/Fire" }, "geometry": { "type": "Point", "coordinates": [ 125.44676498685358, -8.878678773652116 ] } },
{ "type": "Feature", "properties": { "id": 4076, "alert_type": "Deforestation/Fire" }, "geometry": { "type": "Point", "coordinates": [ 125.398255961511126, -8.878858436708938 ] } },
{ "type": "Feature", "properties": { "id": 4077, "alert_type": "Deforestation/Fire" }, "geometry": { "type": "Point", "coordinates": [ 125.434008909819084, -8.878858436708938 ] } },
{ "type": "Feature", "properties": { "id": 4078, "alert_type": "Deforestation/Fire" }, "geometry": { "type": "Point", "coordinates": [ 125.434368235932737, -8.878858436708938 ] } },
{ "type": "Feature", "properties": { "id": 4079, "alert_type": "Deforestation/Fire" }, "geometry": { "type": "Point", "coordinates": [ 125.441195432092044, -8.878858436708938 ] } },
{ "type": "Feature", "properties": { "id": 4080, "alert_type": "Deforestation/Fire" }, "geometry": { "type": "Point", "coordinates": [ 125.441375095148871, -8.878858436708938 ] } },
{ "type": "Feature", "properties": { "id": 4081, "alert_type": "Deforestation/Fire" }, "geometry": { "type": "Point", "coordinates": [ 125.44173442126251, -8.878858436708938 ] } },
{ "type": "Feature", "properties": { "id": 4082, "alert_type": "Deforestation/Fire" }, "geometry": { "type": "Point", "coordinates": [ 125.446585323796754, -8.879038099765763 ] } },
{ "type": "Feature", "properties": { "id": 4083, "alert_type": "Deforestation/Fire" }, "geometry": { "type": "Point", "coordinates": [ 125.439398801523808, -8.879217762822586 ] } },
{ "type": "Feature", "properties": { "id": 4084, "alert_type": "Deforestation/Fire" }, "geometry": { "type": "Point", "coordinates": [ 125.440656442921565, -8.879577088936234 ] } },
{ "type": "Feature", "properties": { "id": 4085, "alert_type": "Deforestation/Fire" }, "geometry": { "type": "Point", "coordinates": [ 125.446405660739941, -8.879577088936234 ] } },
{ "type": "Feature", "properties": { "id": 4086, "alert_type": "Deforestation/Fire" }, "geometry": { "type": "Point", "coordinates": [ 125.369689535476127, -8.880116078106706 ] } },
{ "type": "Feature", "properties": { "id": 4087, "alert_type": "Deforestation/Fire" }, "geometry": { "type": "Point", "coordinates": [ 125.441914084319336, -8.880475404220354 ] } },
{ "type": "Feature", "properties": { "id": 4088, "alert_type": "Deforestation/Fire" }, "geometry": { "type": "Point", "coordinates": [ 125.497789294991577, -8.880475404220354 ] } },
{ "type": "Feature", "properties": { "id": 4089, "alert_type": "Deforestation/Fire" }, "geometry": { "type": "Point", "coordinates": [ 125.442992062660281, -8.880834730334001 ] } },
{ "type": "Feature", "properties": { "id": 4090, "alert_type": "Deforestation/Fire" }, "geometry": { "type": "Point", "coordinates": [ 125.304651508905877, -8.881733045618121 ] } },
{ "type": "Feature", "properties": { "id": 4091, "alert_type": "Deforestation/Fire" }, "geometry": { "type": "Point", "coordinates": [ 125.419995191386818, -8.881912708674946 ] } },
{ "type": "Feature", "properties": { "id": 4092, "alert_type": "Deforestation/Fire" }, "geometry": { "type": "Point", "coordinates": [ 125.434907225103203, -8.881912708674946 ] } },
{ "type": "Feature", "properties": { "id": 4093, "alert_type": "Deforestation/Fire" }, "geometry": { "type": "Point", "coordinates": [ 125.462934661967736, -8.881912708674946 ] } },
{ "type": "Feature", "properties": { "id": 4094, "alert_type": "Deforestation/Fire" }, "geometry": { "type": "Point", "coordinates": [ 125.462036346683618, -8.882092371731769 ] } },
{ "type": "Feature", "properties": { "id": 4095, "alert_type": "Deforestation/Fire" }, "geometry": { "type": "Point", "coordinates": [ 125.44676498685358, -8.882272034788594 ] } },
{ "type": "Feature", "properties": { "id": 4096, "alert_type": "Deforestation/Fire" }, "geometry": { "type": "Point", "coordinates": [ 125.342021424725246, -8.882451697845417 ] } },
{ "type": "Feature", "properties": { "id": 4097, "alert_type": "Deforestation/Fire" }, "geometry": { "type": "Point", "coordinates": [ 125.435086888160029, -8.882631360902241 ] } },
{ "type": "Feature", "properties": { "id": 4098, "alert_type": "Deforestation/Fire" }, "geometry": { "type": "Point", "coordinates": [ 125.434907225103203, -8.882811023959064 ] } },
{ "type": "Feature", "properties": { "id": 4099, "alert_type": "Deforestation/Fire" }, "geometry": { "type": "Point", "coordinates": [ 125.430954637853077, -8.883170350072712 ] } },
{ "type": "Feature", "properties": { "id": 4100, "alert_type": "Deforestation/Fire" }, "geometry": { "type": "Point", "coordinates": [ 125.434907225103203, -8.883170350072712 ] } },
{ "type": "Feature", "properties": { "id": 4101, "alert_type": "Deforestation/Fire" }, "geometry": { "type": "Point", "coordinates": [ 125.463473651138202, -8.883170350072712 ] } },
{ "type": "Feature", "properties": { "id": 4102, "alert_type": "Deforestation/Fire" }, "geometry": { "type": "Point", "coordinates": [ 125.337889174418294, -8.883350013129537 ] } },
{ "type": "Feature", "properties": { "id": 4103, "alert_type": "Deforestation/Fire" }, "geometry": { "type": "Point", "coordinates": [ 125.338248500531947, -8.883529676186361 ] } },
{ "type": "Feature", "properties": { "id": 4104, "alert_type": "Deforestation/Fire" }, "geometry": { "type": "Point", "coordinates": [ 125.338428163588773, -8.883529676186361 ] } },
{ "type": "Feature", "properties": { "id": 4105, "alert_type": "Deforestation/Fire" }, "geometry": { "type": "Point", "coordinates": [ 125.463293988081375, -8.883529676186361 ] } },
{ "type": "Feature", "properties": { "id": 4106, "alert_type": "Deforestation/Fire" }, "geometry": { "type": "Point", "coordinates": [ 125.463473651138202, -8.883529676186361 ] } },
{ "type": "Feature", "properties": { "id": 4107, "alert_type": "Deforestation/Fire" }, "geometry": { "type": "Point", "coordinates": [ 125.429696996455306, -8.883709339243184 ] } },
{ "type": "Feature", "properties": { "id": 4108, "alert_type": "Deforestation/Fire" }, "geometry": { "type": "Point", "coordinates": [ 125.431673290080369, -8.883709339243184 ] } },
{ "type": "Feature", "properties": { "id": 4109, "alert_type": "Deforestation/Fire" }, "geometry": { "type": "Point", "coordinates": [ 125.440297116807926, -8.883889002300009 ] } },
{ "type": "Feature", "properties": { "id": 4110, "alert_type": "Deforestation/Fire" }, "geometry": { "type": "Point", "coordinates": [ 125.455927802751603, -8.883889002300009 ] } },
{ "type": "Feature", "properties": { "id": 4111, "alert_type": "Deforestation/Fire" }, "geometry": { "type": "Point", "coordinates": [ 125.463293988081375, -8.883889002300009 ] } },
{ "type": "Feature", "properties": { "id": 4112, "alert_type": "Deforestation/Fire" }, "geometry": { "type": "Point", "coordinates": [ 125.417300245534463, -8.884068665356832 ] } },
{ "type": "Feature", "properties": { "id": 4113, "alert_type": "Deforestation/Fire" }, "geometry": { "type": "Point", "coordinates": [ 125.446225997683115, -8.884068665356832 ] } },
{ "type": "Feature", "properties": { "id": 4114, "alert_type": "Deforestation/Fire" }, "geometry": { "type": "Point", "coordinates": [ 125.456107465808429, -8.884068665356832 ] } },
{ "type": "Feature", "properties": { "id": 4115, "alert_type": "Deforestation/Fire" }, "geometry": { "type": "Point", "coordinates": [ 125.432391942307675, -8.884248328413657 ] } },
{ "type": "Feature", "properties": { "id": 4116, "alert_type": "Deforestation/Fire" }, "geometry": { "type": "Point", "coordinates": [ 125.455927802751603, -8.884248328413657 ] } },
{ "type": "Feature", "properties": { "id": 4117, "alert_type": "Deforestation/Fire" }, "geometry": { "type": "Point", "coordinates": [ 125.463832977251855, -8.884248328413657 ] } },
{ "type": "Feature", "properties": { "id": 4118, "alert_type": "Deforestation/Fire" }, "geometry": { "type": "Point", "coordinates": [ 125.455388813581123, -8.88442799147048 ] } },
{ "type": "Feature", "properties": { "id": 4119, "alert_type": "Deforestation/Fire" }, "geometry": { "type": "Point", "coordinates": [ 125.463653314195028, -8.884607654527304 ] } },
{ "type": "Feature", "properties": { "id": 4120, "alert_type": "Deforestation/Fire" }, "geometry": { "type": "Point", "coordinates": [ 125.463832977251855, -8.884607654527304 ] } },
{ "type": "Feature", "properties": { "id": 4121, "alert_type": "Deforestation/Fire" }, "geometry": { "type": "Point", "coordinates": [ 125.351004577566442, -8.884966980640952 ] } },
{ "type": "Feature", "properties": { "id": 4122, "alert_type": "Deforestation/Fire" }, "geometry": { "type": "Point", "coordinates": [ 125.351363903680095, -8.884966980640952 ] } },
{ "type": "Feature", "properties": { "id": 4123, "alert_type": "Deforestation/Fire" }, "geometry": { "type": "Point", "coordinates": [ 125.463653314195028, -8.884966980640952 ] } },
{ "type": "Feature", "properties": { "id": 4124, "alert_type": "Deforestation/Fire" }, "geometry": { "type": "Point", "coordinates": [ 125.464551629479146, -8.884966980640952 ] } },
{ "type": "Feature", "properties": { "id": 4125, "alert_type": "Deforestation/Fire" }, "geometry": { "type": "Point", "coordinates": [ 125.477128043456815, -8.884966980640952 ] } },
{ "type": "Feature", "properties": { "id": 4126, "alert_type": "Deforestation/Fire" }, "geometry": { "type": "Point", "coordinates": [ 125.347950305600435, -8.885146643697775 ] } },
{ "type": "Feature", "properties": { "id": 4127, "alert_type": "Deforestation/Fire" }, "geometry": { "type": "Point", "coordinates": [ 125.477128043456815, -8.885146643697775 ] } },
{ "type": "Feature", "properties": { "id": 4128, "alert_type": "Deforestation/Fire" }, "geometry": { "type": "Point", "coordinates": [ 125.351363903680095, -8.8853263067546 ] } },
{ "type": "Feature", "properties": { "id": 4129, "alert_type": "Deforestation/Fire" }, "geometry": { "type": "Point", "coordinates": [ 125.411012038545621, -8.886044958981895 ] } },
{ "type": "Feature", "properties": { "id": 4130, "alert_type": "Deforestation/Fire" }, "geometry": { "type": "Point", "coordinates": [ 125.412449343000219, -8.886044958981895 ] } },
{ "type": "Feature", "properties": { "id": 4131, "alert_type": "Deforestation/Fire" }, "geometry": { "type": "Point", "coordinates": [ 125.46437196642232, -8.886044958981895 ] } },
{ "type": "Feature", "properties": { "id": 4132, "alert_type": "Deforestation/Fire" }, "geometry": { "type": "Point", "coordinates": [ 125.400591581249842, -8.886404285095542 ] } },
{ "type": "Feature", "properties": { "id": 4133, "alert_type": "Deforestation/Fire" }, "geometry": { "type": "Point", "coordinates": [ 125.434727562046376, -8.886404285095542 ] } },
{ "type": "Feature", "properties": { "id": 4134, "alert_type": "Deforestation/Fire" }, "geometry": { "type": "Point", "coordinates": [ 125.463653314195028, -8.886404285095542 ] } },
{ "type": "Feature", "properties": { "id": 4135, "alert_type": "Deforestation/Fire" }, "geometry": { "type": "Point", "coordinates": [ 125.390710113124527, -8.886583948152367 ] } },
{ "type": "Feature", "properties": { "id": 4136, "alert_type": "Deforestation/Fire" }, "geometry": { "type": "Point", "coordinates": [ 125.398974613738417, -8.886583948152367 ] } },
{ "type": "Feature", "properties": { "id": 4137, "alert_type": "Deforestation/Fire" }, "geometry": { "type": "Point", "coordinates": [ 125.38388291696522, -8.887302600379662 ] } },
{ "type": "Feature", "properties": { "id": 4138, "alert_type": "Deforestation/Fire" }, "geometry": { "type": "Point", "coordinates": [ 125.384781232249338, -8.887302600379662 ] } },
{ "type": "Feature", "properties": { "id": 4139, "alert_type": "Deforestation/Fire" }, "geometry": { "type": "Point", "coordinates": [ 125.383523590851567, -8.887482263436487 ] } },
{ "type": "Feature", "properties": { "id": 4140, "alert_type": "Deforestation/Fire" }, "geometry": { "type": "Point", "coordinates": [ 125.369689535476127, -8.888021252606958 ] } },
{ "type": "Feature", "properties": { "id": 4141, "alert_type": "Deforestation/Fire" }, "geometry": { "type": "Point", "coordinates": [ 125.379391340544615, -8.888021252606958 ] } },
{ "type": "Feature", "properties": { "id": 4142, "alert_type": "Deforestation/Fire" }, "geometry": { "type": "Point", "coordinates": [ 125.390171123954048, -8.888021252606958 ] } },
{ "type": "Feature", "properties": { "id": 4143, "alert_type": "Deforestation/Fire" }, "geometry": { "type": "Point", "coordinates": [ 125.420893506670936, -8.888021252606958 ] } },
{ "type": "Feature", "properties": { "id": 4144, "alert_type": "Deforestation/Fire" }, "geometry": { "type": "Point", "coordinates": [ 125.386038873647109, -8.888200915663782 ] } },
{ "type": "Feature", "properties": { "id": 4145, "alert_type": "Deforestation/Fire" }, "geometry": { "type": "Point", "coordinates": [ 125.415144288852574, -8.888739904834253 ] } },
{ "type": "Feature", "properties": { "id": 4146, "alert_type": "Deforestation/Fire" }, "geometry": { "type": "Point", "coordinates": [ 125.359808067350812, -8.88945855706155 ] } },
{ "type": "Feature", "properties": { "id": 4147, "alert_type": "Deforestation/Fire" }, "geometry": { "type": "Point", "coordinates": [ 125.378493025260497, -8.889638220118373 ] } },
{ "type": "Feature", "properties": { "id": 4148, "alert_type": "Deforestation/Fire" }, "geometry": { "type": "Point", "coordinates": [ 125.416042604136692, -8.889638220118373 ] } },
{ "type": "Feature", "properties": { "id": 4149, "alert_type": "Deforestation/Fire" }, "geometry": { "type": "Point", "coordinates": [ 125.406161136011377, -8.889997546232021 ] } },
{ "type": "Feature", "properties": { "id": 4150, "alert_type": "Deforestation/Fire" }, "geometry": { "type": "Point", "coordinates": [ 125.434547898989564, -8.890177209288845 ] } },
{ "type": "Feature", "properties": { "id": 4151, "alert_type": "Deforestation/Fire" }, "geometry": { "type": "Point", "coordinates": [ 125.459521063888076, -8.890177209288845 ] } },
{ "type": "Feature", "properties": { "id": 4152, "alert_type": "Deforestation/Fire" }, "geometry": { "type": "Point", "coordinates": [ 125.423229126409652, -8.890356872345668 ] } },
{ "type": "Feature", "properties": { "id": 4153, "alert_type": "Deforestation/Fire" }, "geometry": { "type": "Point", "coordinates": [ 125.373821785783079, -8.890536535402493 ] } },
{ "type": "Feature", "properties": { "id": 4154, "alert_type": "Deforestation/Fire" }, "geometry": { "type": "Point", "coordinates": [ 125.411012038545621, -8.890536535402493 ] } },
{ "type": "Feature", "properties": { "id": 4155, "alert_type": "Deforestation/Fire" }, "geometry": { "type": "Point", "coordinates": [ 125.405262820727259, -8.890716198459316 ] } },
{ "type": "Feature", "properties": { "id": 4156, "alert_type": "Deforestation/Fire" }, "geometry": { "type": "Point", "coordinates": [ 125.410473049375156, -8.890716198459316 ] } },
{ "type": "Feature", "properties": { "id": 4157, "alert_type": "Deforestation/Fire" }, "geometry": { "type": "Point", "coordinates": [ 125.41029338631833, -8.890895861516141 ] } },
{ "type": "Feature", "properties": { "id": 4158, "alert_type": "Deforestation/Fire" }, "geometry": { "type": "Point", "coordinates": [ 125.405801809897739, -8.891255187629788 ] } },
{ "type": "Feature", "properties": { "id": 4159, "alert_type": "Deforestation/Fire" }, "geometry": { "type": "Point", "coordinates": [ 125.418917213045873, -8.891434850686613 ] } },
{ "type": "Feature", "properties": { "id": 4160, "alert_type": "Deforestation/Fire" }, "geometry": { "type": "Point", "coordinates": [ 125.419096876102699, -8.891614513743436 ] } },
{ "type": "Feature", "properties": { "id": 4161, "alert_type": "Deforestation/Fire" }, "geometry": { "type": "Point", "coordinates": [ 125.419096876102699, -8.891794176800261 ] } },
{ "type": "Feature", "properties": { "id": 4162, "alert_type": "Deforestation/Fire" }, "geometry": { "type": "Point", "coordinates": [ 125.418737549989061, -8.891973839857084 ] } },
{ "type": "Feature", "properties": { "id": 4163, "alert_type": "Deforestation/Fire" }, "geometry": { "type": "Point", "coordinates": [ 125.409395071034211, -8.892153502913908 ] } },
{ "type": "Feature", "properties": { "id": 4164, "alert_type": "Deforestation/Fire" }, "geometry": { "type": "Point", "coordinates": [ 125.418917213045873, -8.892153502913908 ] } },
{ "type": "Feature", "properties": { "id": 4165, "alert_type": "Deforestation/Fire" }, "geometry": { "type": "Point", "coordinates": [ 125.344536707520774, -8.892333165970731 ] } },
{ "type": "Feature", "properties": { "id": 4166, "alert_type": "Deforestation/Fire" }, "geometry": { "type": "Point", "coordinates": [ 125.419096876102699, -8.892512829027556 ] } },
{ "type": "Feature", "properties": { "id": 4167, "alert_type": "Deforestation/Fire" }, "geometry": { "type": "Point", "coordinates": [ 125.317946575110838, -8.892872155141204 ] } },
{ "type": "Feature", "properties": { "id": 4168, "alert_type": "Deforestation/Fire" }, "geometry": { "type": "Point", "coordinates": [ 125.434907225103203, -8.893231481254851 ] } },
{ "type": "Feature", "properties": { "id": 4169, "alert_type": "Deforestation/Fire" }, "geometry": { "type": "Point", "coordinates": [ 125.435086888160029, -8.893231481254851 ] } },
{ "type": "Feature", "properties": { "id": 4170, "alert_type": "Deforestation/Fire" }, "geometry": { "type": "Point", "coordinates": [ 125.410113723261503, -8.893590807368499 ] } },
{ "type": "Feature", "properties": { "id": 4171, "alert_type": "Deforestation/Fire" }, "geometry": { "type": "Point", "coordinates": [ 125.459700726944902, -8.893590807368499 ] } },
{ "type": "Feature", "properties": { "id": 4172, "alert_type": "Deforestation/Fire" }, "geometry": { "type": "Point", "coordinates": [ 125.410113723261503, -8.893770470425324 ] } },
{ "type": "Feature", "properties": { "id": 4173, "alert_type": "Deforestation/Fire" }, "geometry": { "type": "Point", "coordinates": [ 125.459700726944902, -8.893770470425324 ] } },
{ "type": "Feature", "properties": { "id": 4174, "alert_type": "Deforestation/Fire" }, "geometry": { "type": "Point", "coordinates": [ 125.411551027716101, -8.893950133482146 ] } },
{ "type": "Feature", "properties": { "id": 4175, "alert_type": "Deforestation/Fire" }, "geometry": { "type": "Point", "coordinates": [ 125.410113723261503, -8.894129796538971 ] } },
{ "type": "Feature", "properties": { "id": 4176, "alert_type": "Deforestation/Fire" }, "geometry": { "type": "Point", "coordinates": [ 125.395381352601945, -8.894489122652619 ] } },
{ "type": "Feature", "properties": { "id": 4177, "alert_type": "Deforestation/Fire" }, "geometry": { "type": "Point", "coordinates": [ 125.436883518728266, -8.894489122652619 ] } },
{ "type": "Feature", "properties": { "id": 4178, "alert_type": "Deforestation/Fire" }, "geometry": { "type": "Point", "coordinates": [ 125.457005781092548, -8.894489122652619 ] } },
{ "type": "Feature", "properties": { "id": 4179, "alert_type": "Deforestation/Fire" }, "geometry": { "type": "Point", "coordinates": [ 125.355496153987033, -8.894668785709442 ] } },
{ "type": "Feature", "properties": { "id": 4180, "alert_type": "Deforestation/Fire" }, "geometry": { "type": "Point", "coordinates": [ 125.35567581704386, -8.894668785709442 ] } },
{ "type": "Feature", "properties": { "id": 4181, "alert_type": "Deforestation/Fire" }, "geometry": { "type": "Point", "coordinates": [ 125.457185444149374, -8.894668785709442 ] } },
{ "type": "Feature", "properties": { "id": 4182, "alert_type": "Deforestation/Fire" }, "geometry": { "type": "Point", "coordinates": [ 125.374540438010371, -8.895028111823091 ] } },
{ "type": "Feature", "properties": { "id": 4183, "alert_type": "Deforestation/Fire" }, "geometry": { "type": "Point", "coordinates": [ 125.434547898989564, -8.895207774879914 ] } },
{ "type": "Feature", "properties": { "id": 4184, "alert_type": "Deforestation/Fire" }, "geometry": { "type": "Point", "coordinates": [ 125.435805540387321, -8.895207774879914 ] } },
{ "type": "Feature", "properties": { "id": 4185, "alert_type": "Deforestation/Fire" }, "geometry": { "type": "Point", "coordinates": [ 125.435985203444147, -8.895207774879914 ] } },
{ "type": "Feature", "properties": { "id": 4186, "alert_type": "Deforestation/Fire" }, "geometry": { "type": "Point", "coordinates": [ 125.394662700374653, -8.895387437936739 ] } },
{ "type": "Feature", "properties": { "id": 4187, "alert_type": "Deforestation/Fire" }, "geometry": { "type": "Point", "coordinates": [ 125.435985203444147, -8.895746764050386 ] } },
{ "type": "Feature", "properties": { "id": 4188, "alert_type": "Deforestation/Fire" }, "geometry": { "type": "Point", "coordinates": [ 125.379391340544615, -8.895926427107209 ] } },
{ "type": "Feature", "properties": { "id": 4189, "alert_type": "Deforestation/Fire" }, "geometry": { "type": "Point", "coordinates": [ 125.305010835019516, -8.896106090164034 ] } },
{ "type": "Feature", "properties": { "id": 4190, "alert_type": "Deforestation/Fire" }, "geometry": { "type": "Point", "coordinates": [ 125.43796149706921, -8.896824742391329 ] } },
{ "type": "Feature", "properties": { "id": 4191, "alert_type": "Deforestation/Fire" }, "geometry": { "type": "Point", "coordinates": [ 125.306448139474114, -8.897004405448154 ] } },
{ "type": "Feature", "properties": { "id": 4192, "alert_type": "Deforestation/Fire" }, "geometry": { "type": "Point", "coordinates": [ 125.385140558362977, -8.897363731561802 ] } },
{ "type": "Feature", "properties": { "id": 4193, "alert_type": "Deforestation/Fire" }, "geometry": { "type": "Point", "coordinates": [ 125.4363445295578, -8.897363731561802 ] } },
{ "type": "Feature", "properties": { "id": 4194, "alert_type": "Deforestation/Fire" }, "geometry": { "type": "Point", "coordinates": [ 125.34184176166842, -8.897543394618625 ] } },
{ "type": "Feature", "properties": { "id": 4195, "alert_type": "Deforestation/Fire" }, "geometry": { "type": "Point", "coordinates": [ 125.342021424725246, -8.897543394618625 ] } },
{ "type": "Feature", "properties": { "id": 4196, "alert_type": "Deforestation/Fire" }, "geometry": { "type": "Point", "coordinates": [ 125.4363445295578, -8.897543394618625 ] } },
{ "type": "Feature", "properties": { "id": 4197, "alert_type": "Deforestation/Fire" }, "geometry": { "type": "Point", "coordinates": [ 125.462216009740445, -8.897543394618625 ] } },
{ "type": "Feature", "properties": { "id": 4198, "alert_type": "Deforestation/Fire" }, "geometry": { "type": "Point", "coordinates": [ 125.395740678715597, -8.897902720732272 ] } },
{ "type": "Feature", "properties": { "id": 4199, "alert_type": "Deforestation/Fire" }, "geometry": { "type": "Point", "coordinates": [ 125.336092543850057, -8.898621372959569 ] } },
{ "type": "Feature", "properties": { "id": 4200, "alert_type": "Deforestation/Fire" }, "geometry": { "type": "Point", "coordinates": [ 125.393584722033708, -8.898801036016392 ] } },
{ "type": "Feature", "properties": { "id": 4201, "alert_type": "Deforestation/Fire" }, "geometry": { "type": "Point", "coordinates": [ 125.476768717343177, -8.898801036016392 ] } },
{ "type": "Feature", "properties": { "id": 4202, "alert_type": "Deforestation/Fire" }, "geometry": { "type": "Point", "coordinates": [ 125.335733217736404, -8.899340025186865 ] } },
{ "type": "Feature", "properties": { "id": 4203, "alert_type": "Deforestation/Fire" }, "geometry": { "type": "Point", "coordinates": [ 125.335733217736404, -8.899519688243688 ] } },
{ "type": "Feature", "properties": { "id": 4204, "alert_type": "Deforestation/Fire" }, "geometry": { "type": "Point", "coordinates": [ 125.314353313974365, -8.899879014357335 ] } },
{ "type": "Feature", "properties": { "id": 4205, "alert_type": "Deforestation/Fire" }, "geometry": { "type": "Point", "coordinates": [ 125.337170522191002, -8.899879014357335 ] } },
{ "type": "Feature", "properties": { "id": 4206, "alert_type": "Deforestation/Fire" }, "geometry": { "type": "Point", "coordinates": [ 125.324953434326972, -8.900238340470983 ] } },
{ "type": "Feature", "properties": { "id": 4207, "alert_type": "Deforestation/Fire" }, "geometry": { "type": "Point", "coordinates": [ 125.324953434326972, -8.900418003527808 ] } },
{ "type": "Feature", "properties": { "id": 4208, "alert_type": "Deforestation/Fire" }, "geometry": { "type": "Point", "coordinates": [ 125.325133097383798, -8.900418003527808 ] } },
{ "type": "Feature", "properties": { "id": 4209, "alert_type": "Deforestation/Fire" }, "geometry": { "type": "Point", "coordinates": [ 125.33806883747512, -8.900418003527808 ] } },
{ "type": "Feature", "properties": { "id": 4210, "alert_type": "Deforestation/Fire" }, "geometry": { "type": "Point", "coordinates": [ 125.337529848304655, -8.900597666584632 ] } },
{ "type": "Feature", "properties": { "id": 4211, "alert_type": "Deforestation/Fire" }, "geometry": { "type": "Point", "coordinates": [ 125.400411918193015, -8.900597666584632 ] } },
{ "type": "Feature", "properties": { "id": 4212, "alert_type": "Deforestation/Fire" }, "geometry": { "type": "Point", "coordinates": [ 125.417300245534463, -8.90095699269828 ] } },
{ "type": "Feature", "properties": { "id": 4213, "alert_type": "Deforestation/Fire" }, "geometry": { "type": "Point", "coordinates": [ 125.336272206906884, -8.901136655755103 ] } },
{ "type": "Feature", "properties": { "id": 4214, "alert_type": "Deforestation/Fire" }, "geometry": { "type": "Point", "coordinates": [ 125.337350185247828, -8.901136655755103 ] } },
{ "type": "Feature", "properties": { "id": 4215, "alert_type": "Deforestation/Fire" }, "geometry": { "type": "Point", "coordinates": [ 125.390171123954048, -8.901136655755103 ] } },
{ "type": "Feature", "properties": { "id": 4216, "alert_type": "Deforestation/Fire" }, "geometry": { "type": "Point", "coordinates": [ 125.41191035382974, -8.901136655755103 ] } },
{ "type": "Feature", "properties": { "id": 4217, "alert_type": "Deforestation/Fire" }, "geometry": { "type": "Point", "coordinates": [ 125.331960293543105, -8.90149598186875 ] } },
{ "type": "Feature", "properties": { "id": 4218, "alert_type": "Deforestation/Fire" }, "geometry": { "type": "Point", "coordinates": [ 125.400411918193015, -8.90149598186875 ] } },
{ "type": "Feature", "properties": { "id": 4219, "alert_type": "Deforestation/Fire" }, "geometry": { "type": "Point", "coordinates": [ 125.41694091942081, -8.90149598186875 ] } },
{ "type": "Feature", "properties": { "id": 4220, "alert_type": "Deforestation/Fire" }, "geometry": { "type": "Point", "coordinates": [ 125.330522989088522, -8.901675644925575 ] } },
{ "type": "Feature", "properties": { "id": 4221, "alert_type": "Deforestation/Fire" }, "geometry": { "type": "Point", "coordinates": [ 125.33142130437264, -8.901675644925575 ] } },
{ "type": "Feature", "properties": { "id": 4222, "alert_type": "Deforestation/Fire" }, "geometry": { "type": "Point", "coordinates": [ 125.41694091942081, -8.901675644925575 ] } },
{ "type": "Feature", "properties": { "id": 4223, "alert_type": "Deforestation/Fire" }, "geometry": { "type": "Point", "coordinates": [ 125.432032616194022, -8.901675644925575 ] } },
{ "type": "Feature", "properties": { "id": 4224, "alert_type": "Deforestation/Fire" }, "geometry": { "type": "Point", "coordinates": [ 125.401669559590786, -8.902034971039223 ] } },
{ "type": "Feature", "properties": { "id": 4225, "alert_type": "Deforestation/Fire" }, "geometry": { "type": "Point", "coordinates": [ 125.458083759433492, -8.902034971039223 ] } },
{ "type": "Feature", "properties": { "id": 4226, "alert_type": "Deforestation/Fire" }, "geometry": { "type": "Point", "coordinates": [ 125.404364505443141, -8.902573960209695 ] } },
{ "type": "Feature", "properties": { "id": 4227, "alert_type": "Deforestation/Fire" }, "geometry": { "type": "Point", "coordinates": [ 125.458622748603958, -8.902573960209695 ] } },
{ "type": "Feature", "properties": { "id": 4228, "alert_type": "Deforestation/Fire" }, "geometry": { "type": "Point", "coordinates": [ 125.404364505443141, -8.902753623266518 ] } },
{ "type": "Feature", "properties": { "id": 4229, "alert_type": "Deforestation/Fire" }, "geometry": { "type": "Point", "coordinates": [ 125.322438151531443, -8.903112949380166 ] } },
{ "type": "Feature", "properties": { "id": 4230, "alert_type": "Deforestation/Fire" }, "geometry": { "type": "Point", "coordinates": [ 125.326211075724743, -8.903112949380166 ] } },
{ "type": "Feature", "properties": { "id": 4231, "alert_type": "Deforestation/Fire" }, "geometry": { "type": "Point", "coordinates": [ 125.337889174418294, -8.903112949380166 ] } },
{ "type": "Feature", "properties": { "id": 4232, "alert_type": "Deforestation/Fire" }, "geometry": { "type": "Point", "coordinates": [ 125.356753795384805, -8.903112949380166 ] } },
{ "type": "Feature", "properties": { "id": 4233, "alert_type": "Deforestation/Fire" }, "geometry": { "type": "Point", "coordinates": [ 125.367353915737411, -8.903112949380166 ] } },
{ "type": "Feature", "properties": { "id": 4234, "alert_type": "Deforestation/Fire" }, "geometry": { "type": "Point", "coordinates": [ 125.381367634169678, -8.90329261243699 ] } },
{ "type": "Feature", "properties": { "id": 4235, "alert_type": "Deforestation/Fire" }, "geometry": { "type": "Point", "coordinates": [ 125.328726358520271, -8.903651938550638 ] } },
{ "type": "Feature", "properties": { "id": 4236, "alert_type": "Deforestation/Fire" }, "geometry": { "type": "Point", "coordinates": [ 125.328906021577097, -8.903651938550638 ] } },
{ "type": "Feature", "properties": { "id": 4237, "alert_type": "Deforestation/Fire" }, "geometry": { "type": "Point", "coordinates": [ 125.338248500531947, -8.903651938550638 ] } },
{ "type": "Feature", "properties": { "id": 4238, "alert_type": "Deforestation/Fire" }, "geometry": { "type": "Point", "coordinates": [ 125.354597838702915, -8.903651938550638 ] } },
{ "type": "Feature", "properties": { "id": 4239, "alert_type": "Deforestation/Fire" }, "geometry": { "type": "Point", "coordinates": [ 125.337889174418294, -8.903831601607461 ] } },
{ "type": "Feature", "properties": { "id": 4240, "alert_type": "Deforestation/Fire" }, "geometry": { "type": "Point", "coordinates": [ 125.33806883747512, -8.903831601607461 ] } },
{ "type": "Feature", "properties": { "id": 4241, "alert_type": "Deforestation/Fire" }, "geometry": { "type": "Point", "coordinates": [ 125.338248500531947, -8.903831601607461 ] } },
{ "type": "Feature", "properties": { "id": 4242, "alert_type": "Deforestation/Fire" }, "geometry": { "type": "Point", "coordinates": [ 125.367174252680599, -8.903831601607461 ] } },
{ "type": "Feature", "properties": { "id": 4243, "alert_type": "Deforestation/Fire" }, "geometry": { "type": "Point", "coordinates": [ 125.367174252680599, -8.904011264664286 ] } },
{ "type": "Feature", "properties": { "id": 4244, "alert_type": "Deforestation/Fire" }, "geometry": { "type": "Point", "coordinates": [ 125.341123109441128, -8.90419092772111 ] } },
{ "type": "Feature", "properties": { "id": 4245, "alert_type": "Deforestation/Fire" }, "geometry": { "type": "Point", "coordinates": [ 125.490602772718617, -8.90419092772111 ] } },
{ "type": "Feature", "properties": { "id": 4246, "alert_type": "Deforestation/Fire" }, "geometry": { "type": "Point", "coordinates": [ 125.316329607599428, -8.904370590777933 ] } },
{ "type": "Feature", "properties": { "id": 4247, "alert_type": "Deforestation/Fire" }, "geometry": { "type": "Point", "coordinates": [ 125.327109391008861, -8.904550253834758 ] } },
{ "type": "Feature", "properties": { "id": 4248, "alert_type": "Deforestation/Fire" }, "geometry": { "type": "Point", "coordinates": [ 125.490243446604964, -8.904550253834758 ] } },
{ "type": "Feature", "properties": { "id": 4249, "alert_type": "Deforestation/Fire" }, "geometry": { "type": "Point", "coordinates": [ 125.415683278023053, -8.905089243005229 ] } },
{ "type": "Feature", "properties": { "id": 4250, "alert_type": "Deforestation/Fire" }, "geometry": { "type": "Point", "coordinates": [ 125.491321424945909, -8.905089243005229 ] } },
{ "type": "Feature", "properties": { "id": 4251, "alert_type": "Deforestation/Fire" }, "geometry": { "type": "Point", "coordinates": [ 125.327468717122514, -8.905268906062053 ] } },
{ "type": "Feature", "properties": { "id": 4252, "alert_type": "Deforestation/Fire" }, "geometry": { "type": "Point", "coordinates": [ 125.380109992771921, -8.905268906062053 ] } },
{ "type": "Feature", "properties": { "id": 4253, "alert_type": "Deforestation/Fire" }, "geometry": { "type": "Point", "coordinates": [ 125.380109992771921, -8.905628232175701 ] } },
{ "type": "Feature", "properties": { "id": 4254, "alert_type": "Deforestation/Fire" }, "geometry": { "type": "Point", "coordinates": [ 125.491680751059562, -8.905628232175701 ] } },
{ "type": "Feature", "properties": { "id": 4255, "alert_type": "Deforestation/Fire" }, "geometry": { "type": "Point", "coordinates": [ 125.338607826645585, -8.905987558289349 ] } },
{ "type": "Feature", "properties": { "id": 4256, "alert_type": "Deforestation/Fire" }, "geometry": { "type": "Point", "coordinates": [ 125.338787489702412, -8.905987558289349 ] } },
{ "type": "Feature", "properties": { "id": 4257, "alert_type": "Deforestation/Fire" }, "geometry": { "type": "Point", "coordinates": [ 125.379032014430976, -8.905987558289349 ] } },
{ "type": "Feature", "properties": { "id": 4258, "alert_type": "Deforestation/Fire" }, "geometry": { "type": "Point", "coordinates": [ 125.326031412667916, -8.906167221346173 ] } },
{ "type": "Feature", "properties": { "id": 4259, "alert_type": "Deforestation/Fire" }, "geometry": { "type": "Point", "coordinates": [ 125.378493025260497, -8.906167221346173 ] } },
{ "type": "Feature", "properties": { "id": 4260, "alert_type": "Deforestation/Fire" }, "geometry": { "type": "Point", "coordinates": [ 125.376516731635434, -8.906346884402996 ] } },
{ "type": "Feature", "properties": { "id": 4261, "alert_type": "Deforestation/Fire" }, "geometry": { "type": "Point", "coordinates": [ 125.33645186996371, -8.906706210516644 ] } },
{ "type": "Feature", "properties": { "id": 4262, "alert_type": "Deforestation/Fire" }, "geometry": { "type": "Point", "coordinates": [ 125.414964625795747, -8.906706210516644 ] } },
{ "type": "Feature", "properties": { "id": 4263, "alert_type": "Deforestation/Fire" }, "geometry": { "type": "Point", "coordinates": [ 125.330702652145334, -8.906885873573469 ] } },
{ "type": "Feature", "properties": { "id": 4264, "alert_type": "Deforestation/Fire" }, "geometry": { "type": "Point", "coordinates": [ 125.375977742464968, -8.906885873573469 ] } },
{ "type": "Feature", "properties": { "id": 4265, "alert_type": "Deforestation/Fire" }, "geometry": { "type": "Point", "coordinates": [ 125.335733217736404, -8.907065536630292 ] } },
{ "type": "Feature", "properties": { "id": 4266, "alert_type": "Deforestation/Fire" }, "geometry": { "type": "Point", "coordinates": [ 125.337529848304655, -8.907065536630292 ] } },
{ "type": "Feature", "properties": { "id": 4267, "alert_type": "Deforestation/Fire" }, "geometry": { "type": "Point", "coordinates": [ 125.411371364659274, -8.907065536630292 ] } },
{ "type": "Feature", "properties": { "id": 4268, "alert_type": "Deforestation/Fire" }, "geometry": { "type": "Point", "coordinates": [ 125.337350185247828, -8.907245199687116 ] } },
{ "type": "Feature", "properties": { "id": 4269, "alert_type": "Deforestation/Fire" }, "geometry": { "type": "Point", "coordinates": [ 125.381726960283331, -8.907245199687116 ] } },
{ "type": "Feature", "properties": { "id": 4270, "alert_type": "Deforestation/Fire" }, "geometry": { "type": "Point", "coordinates": [ 125.425205420034715, -8.907245199687116 ] } },
{ "type": "Feature", "properties": { "id": 4271, "alert_type": "Deforestation/Fire" }, "geometry": { "type": "Point", "coordinates": [ 125.334475576338647, -8.907604525800764 ] } },
{ "type": "Feature", "properties": { "id": 4272, "alert_type": "Deforestation/Fire" }, "geometry": { "type": "Point", "coordinates": [ 125.335014565509113, -8.907604525800764 ] } },
{ "type": "Feature", "properties": { "id": 4273, "alert_type": "Deforestation/Fire" }, "geometry": { "type": "Point", "coordinates": [ 125.335194228565939, -8.907604525800764 ] } },
{ "type": "Feature", "properties": { "id": 4274, "alert_type": "Deforestation/Fire" }, "geometry": { "type": "Point", "coordinates": [ 125.336272206906884, -8.907963851914412 ] } },
{ "type": "Feature", "properties": { "id": 4275, "alert_type": "Deforestation/Fire" }, "geometry": { "type": "Point", "coordinates": [ 125.385320221419803, -8.907963851914412 ] } },
{ "type": "Feature", "properties": { "id": 4276, "alert_type": "Deforestation/Fire" }, "geometry": { "type": "Point", "coordinates": [ 125.335912880793231, -8.908323178028059 ] } },
{ "type": "Feature", "properties": { "id": 4277, "alert_type": "Deforestation/Fire" }, "geometry": { "type": "Point", "coordinates": [ 125.359448741237159, -8.908682504141707 ] } },
{ "type": "Feature", "properties": { "id": 4278, "alert_type": "Deforestation/Fire" }, "geometry": { "type": "Point", "coordinates": [ 125.369330209362474, -8.910119808596299 ] } },
{ "type": "Feature", "properties": { "id": 4279, "alert_type": "Deforestation/Fire" }, "geometry": { "type": "Point", "coordinates": [ 125.385679547533456, -8.910119808596299 ] } },
{ "type": "Feature", "properties": { "id": 4280, "alert_type": "Deforestation/Fire" }, "geometry": { "type": "Point", "coordinates": [ 125.473534782320343, -8.910119808596299 ] } },
{ "type": "Feature", "properties": { "id": 4281, "alert_type": "Deforestation/Fire" }, "geometry": { "type": "Point", "coordinates": [ 125.358011436782576, -8.910299471653122 ] } },
{ "type": "Feature", "properties": { "id": 4282, "alert_type": "Deforestation/Fire" }, "geometry": { "type": "Point", "coordinates": [ 125.368970883248835, -8.910299471653122 ] } },
{ "type": "Feature", "properties": { "id": 4283, "alert_type": "Deforestation/Fire" }, "geometry": { "type": "Point", "coordinates": [ 125.472456803979398, -8.91065879776677 ] } },
{ "type": "Feature", "properties": { "id": 4284, "alert_type": "Deforestation/Fire" }, "geometry": { "type": "Point", "coordinates": [ 125.340763783327475, -8.91155711305089 ] } },
{ "type": "Feature", "properties": { "id": 4285, "alert_type": "Deforestation/Fire" }, "geometry": { "type": "Point", "coordinates": [ 125.402388211818078, -8.911916439164537 ] } },
{ "type": "Feature", "properties": { "id": 4286, "alert_type": "Deforestation/Fire" }, "geometry": { "type": "Point", "coordinates": [ 125.351723229793734, -8.912096102221362 ] } },
{ "type": "Feature", "properties": { "id": 4287, "alert_type": "Deforestation/Fire" }, "geometry": { "type": "Point", "coordinates": [ 125.459161737774437, -8.912096102221362 ] } },
{ "type": "Feature", "properties": { "id": 4288, "alert_type": "Deforestation/Fire" }, "geometry": { "type": "Point", "coordinates": [ 125.402208548761251, -8.912275765278185 ] } },
{ "type": "Feature", "properties": { "id": 4289, "alert_type": "Deforestation/Fire" }, "geometry": { "type": "Point", "coordinates": [ 125.393764385090535, -8.91245542833501 ] } },
{ "type": "Feature", "properties": { "id": 4290, "alert_type": "Deforestation/Fire" }, "geometry": { "type": "Point", "coordinates": [ 125.458443085547131, -8.91299441750548 ] } },
{ "type": "Feature", "properties": { "id": 4291, "alert_type": "Deforestation/Fire" }, "geometry": { "type": "Point", "coordinates": [ 125.339865468043357, -8.913174080562305 ] } },
{ "type": "Feature", "properties": { "id": 4292, "alert_type": "Deforestation/Fire" }, "geometry": { "type": "Point", "coordinates": [ 125.348129968657261, -8.913174080562305 ] } },
{ "type": "Feature", "properties": { "id": 4293, "alert_type": "Deforestation/Fire" }, "geometry": { "type": "Point", "coordinates": [ 125.348309631714088, -8.913174080562305 ] } },
{ "type": "Feature", "properties": { "id": 4294, "alert_type": "Deforestation/Fire" }, "geometry": { "type": "Point", "coordinates": [ 125.400232255136189, -8.913353743619128 ] } },
{ "type": "Feature", "properties": { "id": 4295, "alert_type": "Deforestation/Fire" }, "geometry": { "type": "Point", "coordinates": [ 125.340763783327475, -8.913533406675953 ] } },
{ "type": "Feature", "properties": { "id": 4296, "alert_type": "Deforestation/Fire" }, "geometry": { "type": "Point", "coordinates": [ 125.342201087782072, -8.9138927327896 ] } },
{ "type": "Feature", "properties": { "id": 4297, "alert_type": "Deforestation/Fire" }, "geometry": { "type": "Point", "coordinates": [ 125.348129968657261, -8.914072395846425 ] } },
{ "type": "Feature", "properties": { "id": 4298, "alert_type": "Deforestation/Fire" }, "geometry": { "type": "Point", "coordinates": [ 125.348309631714088, -8.914431721960073 ] } },
{ "type": "Feature", "properties": { "id": 4299, "alert_type": "Deforestation/Fire" }, "geometry": { "type": "Point", "coordinates": [ 125.342919740009364, -8.914611385016896 ] } },
{ "type": "Feature", "properties": { "id": 4300, "alert_type": "Deforestation/Fire" }, "geometry": { "type": "Point", "coordinates": [ 125.343279066123017, -8.91479104807372 ] } },
{ "type": "Feature", "properties": { "id": 4301, "alert_type": "Deforestation/Fire" }, "geometry": { "type": "Point", "coordinates": [ 125.420713843614124, -8.914970711130543 ] } },
{ "type": "Feature", "properties": { "id": 4302, "alert_type": "Deforestation/Fire" }, "geometry": { "type": "Point", "coordinates": [ 125.412808669113858, -8.916048689471488 ] } },
{ "type": "Feature", "properties": { "id": 4303, "alert_type": "Deforestation/Fire" }, "geometry": { "type": "Point", "coordinates": [ 125.423588452523305, -8.916228352528311 ] } },
{ "type": "Feature", "properties": { "id": 4304, "alert_type": "Deforestation/Fire" }, "geometry": { "type": "Point", "coordinates": [ 125.345974011975372, -8.916587678641958 ] } },
{ "type": "Feature", "properties": { "id": 4305, "alert_type": "Deforestation/Fire" }, "geometry": { "type": "Point", "coordinates": [ 125.415683278023053, -8.916587678641958 ] } },
{ "type": "Feature", "properties": { "id": 4306, "alert_type": "Deforestation/Fire" }, "geometry": { "type": "Point", "coordinates": [ 125.346692664202664, -8.916767341698783 ] } },
{ "type": "Feature", "properties": { "id": 4307, "alert_type": "Deforestation/Fire" }, "geometry": { "type": "Point", "coordinates": [ 125.347231653373143, -8.916767341698783 ] } },
{ "type": "Feature", "properties": { "id": 4308, "alert_type": "Deforestation/Fire" }, "geometry": { "type": "Point", "coordinates": [ 125.370947176873898, -8.916947004755606 ] } },
{ "type": "Feature", "properties": { "id": 4309, "alert_type": "Deforestation/Fire" }, "geometry": { "type": "Point", "coordinates": [ 125.421971485011881, -8.916947004755606 ] } },
{ "type": "Feature", "properties": { "id": 4310, "alert_type": "Deforestation/Fire" }, "geometry": { "type": "Point", "coordinates": [ 125.325492423497451, -8.917126667812431 ] } },
{ "type": "Feature", "properties": { "id": 4311, "alert_type": "Deforestation/Fire" }, "geometry": { "type": "Point", "coordinates": [ 125.368791220192008, -8.917126667812431 ] } },
{ "type": "Feature", "properties": { "id": 4312, "alert_type": "Deforestation/Fire" }, "geometry": { "type": "Point", "coordinates": [ 125.370947176873898, -8.917126667812431 ] } },
{ "type": "Feature", "properties": { "id": 4313, "alert_type": "Deforestation/Fire" }, "geometry": { "type": "Point", "coordinates": [ 125.418198560818581, -8.917665656982903 ] } },
{ "type": "Feature", "properties": { "id": 4314, "alert_type": "Deforestation/Fire" }, "geometry": { "type": "Point", "coordinates": [ 125.32926534769075, -8.917845320039726 ] } },
{ "type": "Feature", "properties": { "id": 4315, "alert_type": "Deforestation/Fire" }, "geometry": { "type": "Point", "coordinates": [ 125.432212279250848, -8.917845320039726 ] } },
{ "type": "Feature", "properties": { "id": 4316, "alert_type": "Deforestation/Fire" }, "geometry": { "type": "Point", "coordinates": [ 125.331241641315813, -8.918024983096551 ] } },
{ "type": "Feature", "properties": { "id": 4317, "alert_type": "Deforestation/Fire" }, "geometry": { "type": "Point", "coordinates": [ 125.350465588395963, -8.918204646153374 ] } },
{ "type": "Feature", "properties": { "id": 4318, "alert_type": "Deforestation/Fire" }, "geometry": { "type": "Point", "coordinates": [ 125.350285925339151, -8.918384309210198 ] } },
{ "type": "Feature", "properties": { "id": 4319, "alert_type": "Deforestation/Fire" }, "geometry": { "type": "Point", "coordinates": [ 125.410473049375156, -8.918563972267021 ] } },
{ "type": "Feature", "properties": { "id": 4320, "alert_type": "Deforestation/Fire" }, "geometry": { "type": "Point", "coordinates": [ 125.410473049375156, -8.918743635323846 ] } },
{ "type": "Feature", "properties": { "id": 4321, "alert_type": "Deforestation/Fire" }, "geometry": { "type": "Point", "coordinates": [ 125.395920341772424, -8.918923298380669 ] } },
{ "type": "Feature", "properties": { "id": 4322, "alert_type": "Deforestation/Fire" }, "geometry": { "type": "Point", "coordinates": [ 125.399154276795244, -8.918923298380669 ] } },
{ "type": "Feature", "properties": { "id": 4323, "alert_type": "Deforestation/Fire" }, "geometry": { "type": "Point", "coordinates": [ 125.407957766579614, -8.918923298380669 ] } },
{ "type": "Feature", "properties": { "id": 4324, "alert_type": "Deforestation/Fire" }, "geometry": { "type": "Point", "coordinates": [ 125.41029338631833, -8.918923298380669 ] } },
{ "type": "Feature", "properties": { "id": 4325, "alert_type": "Deforestation/Fire" }, "geometry": { "type": "Point", "coordinates": [ 125.400771244306668, -8.919102961437494 ] } },
{ "type": "Feature", "properties": { "id": 4326, "alert_type": "Deforestation/Fire" }, "geometry": { "type": "Point", "coordinates": [ 125.407957766579614, -8.919102961437494 ] } },
{ "type": "Feature", "properties": { "id": 4327, "alert_type": "Deforestation/Fire" }, "geometry": { "type": "Point", "coordinates": [ 125.40813742963644, -8.919102961437494 ] } },
{ "type": "Feature", "properties": { "id": 4328, "alert_type": "Deforestation/Fire" }, "geometry": { "type": "Point", "coordinates": [ 125.428619018114375, -8.919102961437494 ] } },
{ "type": "Feature", "properties": { "id": 4329, "alert_type": "Deforestation/Fire" }, "geometry": { "type": "Point", "coordinates": [ 125.365916611282827, -8.919282624494318 ] } },
{ "type": "Feature", "properties": { "id": 4330, "alert_type": "Deforestation/Fire" }, "geometry": { "type": "Point", "coordinates": [ 125.400052592079362, -8.919282624494318 ] } },
{ "type": "Feature", "properties": { "id": 4331, "alert_type": "Deforestation/Fire" }, "geometry": { "type": "Point", "coordinates": [ 125.402208548761251, -8.919282624494318 ] } },
{ "type": "Feature", "properties": { "id": 4332, "alert_type": "Deforestation/Fire" }, "geometry": { "type": "Point", "coordinates": [ 125.411191701602448, -8.919282624494318 ] } },
{ "type": "Feature", "properties": { "id": 4333, "alert_type": "Deforestation/Fire" }, "geometry": { "type": "Point", "coordinates": [ 125.398615287624779, -8.919462287551141 ] } },
{ "type": "Feature", "properties": { "id": 4334, "alert_type": "Deforestation/Fire" }, "geometry": { "type": "Point", "coordinates": [ 125.411551027716101, -8.919641950607966 ] } },
{ "type": "Feature", "properties": { "id": 4335, "alert_type": "Deforestation/Fire" }, "geometry": { "type": "Point", "coordinates": [ 125.41191035382974, -8.919641950607966 ] } },
{ "type": "Feature", "properties": { "id": 4336, "alert_type": "Deforestation/Fire" }, "geometry": { "type": "Point", "coordinates": [ 125.460958368342673, -8.919641950607966 ] } },
{ "type": "Feature", "properties": { "id": 4337, "alert_type": "Deforestation/Fire" }, "geometry": { "type": "Point", "coordinates": [ 125.484134902672949, -8.919641950607966 ] } },
{ "type": "Feature", "properties": { "id": 4338, "alert_type": "Deforestation/Fire" }, "geometry": { "type": "Point", "coordinates": [ 125.410832375488795, -8.919821613664789 ] } },
{ "type": "Feature", "properties": { "id": 4339, "alert_type": "Deforestation/Fire" }, "geometry": { "type": "Point", "coordinates": [ 125.41191035382974, -8.919821613664789 ] } },
{ "type": "Feature", "properties": { "id": 4340, "alert_type": "Deforestation/Fire" }, "geometry": { "type": "Point", "coordinates": [ 125.460239716115382, -8.919821613664789 ] } },
{ "type": "Feature", "properties": { "id": 4341, "alert_type": "Deforestation/Fire" }, "geometry": { "type": "Point", "coordinates": [ 125.326390738781569, -8.920001276721614 ] } },
{ "type": "Feature", "properties": { "id": 4342, "alert_type": "Deforestation/Fire" }, "geometry": { "type": "Point", "coordinates": [ 125.410473049375156, -8.920180939778437 ] } },
{ "type": "Feature", "properties": { "id": 4343, "alert_type": "Deforestation/Fire" }, "geometry": { "type": "Point", "coordinates": [ 125.402208548761251, -8.920360602835261 ] } },
{ "type": "Feature", "properties": { "id": 4344, "alert_type": "Deforestation/Fire" }, "geometry": { "type": "Point", "coordinates": [ 125.482517935161539, -8.920360602835261 ] } },
{ "type": "Feature", "properties": { "id": 4345, "alert_type": "Deforestation/Fire" }, "geometry": { "type": "Point", "coordinates": [ 125.432751268421313, -8.920540265892084 ] } },
{ "type": "Feature", "properties": { "id": 4346, "alert_type": "Deforestation/Fire" }, "geometry": { "type": "Point", "coordinates": [ 125.482517935161539, -8.920540265892084 ] } },
{ "type": "Feature", "properties": { "id": 4347, "alert_type": "Deforestation/Fire" }, "geometry": { "type": "Point", "coordinates": [ 125.482697598218365, -8.920719928948909 ] } },
{ "type": "Feature", "properties": { "id": 4348, "alert_type": "Deforestation/Fire" }, "geometry": { "type": "Point", "coordinates": [ 125.407778103522801, -8.920899592005732 ] } },
{ "type": "Feature", "properties": { "id": 4349, "alert_type": "Deforestation/Fire" }, "geometry": { "type": "Point", "coordinates": [ 125.462575335854083, -8.920899592005732 ] } },
{ "type": "Feature", "properties": { "id": 4350, "alert_type": "Deforestation/Fire" }, "geometry": { "type": "Point", "coordinates": [ 125.407778103522801, -8.921079255062557 ] } },
{ "type": "Feature", "properties": { "id": 4351, "alert_type": "Deforestation/Fire" }, "geometry": { "type": "Point", "coordinates": [ 125.397896635397487, -8.921438581176204 ] } },
{ "type": "Feature", "properties": { "id": 4352, "alert_type": "Deforestation/Fire" }, "geometry": { "type": "Point", "coordinates": [ 125.327289054065687, -8.921618244233029 ] } },
{ "type": "Feature", "properties": { "id": 4353, "alert_type": "Deforestation/Fire" }, "geometry": { "type": "Point", "coordinates": [ 125.441375095148871, -8.921618244233029 ] } },
{ "type": "Feature", "properties": { "id": 4354, "alert_type": "Deforestation/Fire" }, "geometry": { "type": "Point", "coordinates": [ 125.375798079408142, -8.921797907289852 ] } },
{ "type": "Feature", "properties": { "id": 4355, "alert_type": "Deforestation/Fire" }, "geometry": { "type": "Point", "coordinates": [ 125.409754397147864, -8.921797907289852 ] } },
{ "type": "Feature", "properties": { "id": 4356, "alert_type": "Deforestation/Fire" }, "geometry": { "type": "Point", "coordinates": [ 125.441375095148871, -8.921797907289852 ] } },
{ "type": "Feature", "properties": { "id": 4357, "alert_type": "Deforestation/Fire" }, "geometry": { "type": "Point", "coordinates": [ 125.376337068578607, -8.9221572334035 ] } },
{ "type": "Feature", "properties": { "id": 4358, "alert_type": "Deforestation/Fire" }, "geometry": { "type": "Point", "coordinates": [ 125.376516731635434, -8.9221572334035 ] } },
{ "type": "Feature", "properties": { "id": 4359, "alert_type": "Deforestation/Fire" }, "geometry": { "type": "Point", "coordinates": [ 125.399513602908897, -8.9221572334035 ] } },
{ "type": "Feature", "properties": { "id": 4360, "alert_type": "Deforestation/Fire" }, "geometry": { "type": "Point", "coordinates": [ 125.337350185247828, -8.922516559517147 ] } },
{ "type": "Feature", "properties": { "id": 4361, "alert_type": "Deforestation/Fire" }, "geometry": { "type": "Point", "coordinates": [ 125.33088231520216, -8.922696222573972 ] } },
{ "type": "Feature", "properties": { "id": 4362, "alert_type": "Deforestation/Fire" }, "geometry": { "type": "Point", "coordinates": [ 125.443351388773934, -8.922696222573972 ] } },
{ "type": "Feature", "properties": { "id": 4363, "alert_type": "Deforestation/Fire" }, "geometry": { "type": "Point", "coordinates": [ 125.449998921876414, -8.922696222573972 ] } },
{ "type": "Feature", "properties": { "id": 4364, "alert_type": "Deforestation/Fire" }, "geometry": { "type": "Point", "coordinates": [ 125.375618416351315, -8.922875885630795 ] } },
{ "type": "Feature", "properties": { "id": 4365, "alert_type": "Deforestation/Fire" }, "geometry": { "type": "Point", "coordinates": [ 125.443531051830746, -8.922875885630795 ] } },
{ "type": "Feature", "properties": { "id": 4366, "alert_type": "Deforestation/Fire" }, "geometry": { "type": "Point", "coordinates": [ 125.443710714887573, -8.922875885630795 ] } },
{ "type": "Feature", "properties": { "id": 4367, "alert_type": "Deforestation/Fire" }, "geometry": { "type": "Point", "coordinates": [ 125.449998921876414, -8.922875885630795 ] } },
{ "type": "Feature", "properties": { "id": 4368, "alert_type": "Deforestation/Fire" }, "geometry": { "type": "Point", "coordinates": [ 125.444249704058052, -8.923414874801267 ] } },
{ "type": "Feature", "properties": { "id": 4369, "alert_type": "Deforestation/Fire" }, "geometry": { "type": "Point", "coordinates": [ 125.426283398375659, -8.923774200914915 ] } },
{ "type": "Feature", "properties": { "id": 4370, "alert_type": "Deforestation/Fire" }, "geometry": { "type": "Point", "coordinates": [ 125.443531051830746, -8.923774200914915 ] } },
{ "type": "Feature", "properties": { "id": 4371, "alert_type": "Deforestation/Fire" }, "geometry": { "type": "Point", "coordinates": [ 125.437422507898745, -8.92395386397174 ] } },
{ "type": "Feature", "properties": { "id": 4372, "alert_type": "Deforestation/Fire" }, "geometry": { "type": "Point", "coordinates": [ 125.437602170955557, -8.92395386397174 ] } },
{ "type": "Feature", "properties": { "id": 4373, "alert_type": "Deforestation/Fire" }, "geometry": { "type": "Point", "coordinates": [ 125.437781834012384, -8.92395386397174 ] } },
{ "type": "Feature", "properties": { "id": 4374, "alert_type": "Deforestation/Fire" }, "geometry": { "type": "Point", "coordinates": [ 125.442992062660281, -8.92449285314221 ] } },
{ "type": "Feature", "properties": { "id": 4375, "alert_type": "Deforestation/Fire" }, "geometry": { "type": "Point", "coordinates": [ 125.443171725717107, -8.92449285314221 ] } },
{ "type": "Feature", "properties": { "id": 4376, "alert_type": "Deforestation/Fire" }, "geometry": { "type": "Point", "coordinates": [ 125.442992062660281, -8.924672516199035 ] } },
{ "type": "Feature", "properties": { "id": 4377, "alert_type": "Deforestation/Fire" }, "geometry": { "type": "Point", "coordinates": [ 125.395740678715597, -8.924852179255858 ] } },
{ "type": "Feature", "properties": { "id": 4378, "alert_type": "Deforestation/Fire" }, "geometry": { "type": "Point", "coordinates": [ 125.396638993999716, -8.924852179255858 ] } },
{ "type": "Feature", "properties": { "id": 4379, "alert_type": "Deforestation/Fire" }, "geometry": { "type": "Point", "coordinates": [ 125.425385083091541, -8.924852179255858 ] } },
{ "type": "Feature", "properties": { "id": 4380, "alert_type": "Deforestation/Fire" }, "geometry": { "type": "Point", "coordinates": [ 125.425564746148368, -8.924852179255858 ] } },
{ "type": "Feature", "properties": { "id": 4381, "alert_type": "Deforestation/Fire" }, "geometry": { "type": "Point", "coordinates": [ 125.421971485011881, -8.925031842312682 ] } },
{ "type": "Feature", "properties": { "id": 4382, "alert_type": "Deforestation/Fire" }, "geometry": { "type": "Point", "coordinates": [ 125.34525535974808, -8.925211505369507 ] } },
{ "type": "Feature", "properties": { "id": 4383, "alert_type": "Deforestation/Fire" }, "geometry": { "type": "Point", "coordinates": [ 125.389272808669929, -8.925211505369507 ] } },
{ "type": "Feature", "properties": { "id": 4384, "alert_type": "Deforestation/Fire" }, "geometry": { "type": "Point", "coordinates": [ 125.425205420034715, -8.925211505369507 ] } },
{ "type": "Feature", "properties": { "id": 4385, "alert_type": "Deforestation/Fire" }, "geometry": { "type": "Point", "coordinates": [ 125.39771697234066, -8.925570831483155 ] } },
{ "type": "Feature", "properties": { "id": 4386, "alert_type": "Deforestation/Fire" }, "geometry": { "type": "Point", "coordinates": [ 125.406161136011377, -8.925570831483155 ] } },
{ "type": "Feature", "properties": { "id": 4387, "alert_type": "Deforestation/Fire" }, "geometry": { "type": "Point", "coordinates": [ 125.388374493385811, -8.925750494539978 ] } },
{ "type": "Feature", "properties": { "id": 4388, "alert_type": "Deforestation/Fire" }, "geometry": { "type": "Point", "coordinates": [ 125.420713843614124, -8.925750494539978 ] } },
{ "type": "Feature", "properties": { "id": 4389, "alert_type": "Deforestation/Fire" }, "geometry": { "type": "Point", "coordinates": [ 125.421252832784589, -8.925750494539978 ] } },
{ "type": "Feature", "properties": { "id": 4390, "alert_type": "Deforestation/Fire" }, "geometry": { "type": "Point", "coordinates": [ 125.429517333398493, -8.925930157596802 ] } },
{ "type": "Feature", "properties": { "id": 4391, "alert_type": "Deforestation/Fire" }, "geometry": { "type": "Point", "coordinates": [ 125.431134300909903, -8.925930157596802 ] } },
{ "type": "Feature", "properties": { "id": 4392, "alert_type": "Deforestation/Fire" }, "geometry": { "type": "Point", "coordinates": [ 125.344357044463962, -8.926109820653625 ] } },
{ "type": "Feature", "properties": { "id": 4393, "alert_type": "Deforestation/Fire" }, "geometry": { "type": "Point", "coordinates": [ 125.401130570420307, -8.926109820653625 ] } },
{ "type": "Feature", "properties": { "id": 4394, "alert_type": "Deforestation/Fire" }, "geometry": { "type": "Point", "coordinates": [ 125.344536707520774, -8.92628948371045 ] } },
{ "type": "Feature", "properties": { "id": 4395, "alert_type": "Deforestation/Fire" }, "geometry": { "type": "Point", "coordinates": [ 125.417120582477637, -8.92628948371045 ] } },
{ "type": "Feature", "properties": { "id": 4396, "alert_type": "Deforestation/Fire" }, "geometry": { "type": "Point", "coordinates": [ 125.425385083091541, -8.926469146767273 ] } },
{ "type": "Feature", "properties": { "id": 4397, "alert_type": "Deforestation/Fire" }, "geometry": { "type": "Point", "coordinates": [ 125.344536707520774, -8.926648809824098 ] } },
{ "type": "Feature", "properties": { "id": 4398, "alert_type": "Deforestation/Fire" }, "geometry": { "type": "Point", "coordinates": [ 125.382445612510622, -8.926648809824098 ] } },
{ "type": "Feature", "properties": { "id": 4399, "alert_type": "Deforestation/Fire" }, "geometry": { "type": "Point", "coordinates": [ 125.394662700374653, -8.926648809824098 ] } },
{ "type": "Feature", "properties": { "id": 4400, "alert_type": "Deforestation/Fire" }, "geometry": { "type": "Point", "coordinates": [ 125.394842363431479, -8.926648809824098 ] } },
{ "type": "Feature", "properties": { "id": 4401, "alert_type": "Deforestation/Fire" }, "geometry": { "type": "Point", "coordinates": [ 125.395022026488292, -8.926648809824098 ] } },
{ "type": "Feature", "properties": { "id": 4402, "alert_type": "Deforestation/Fire" }, "geometry": { "type": "Point", "coordinates": [ 125.395381352601945, -8.926648809824098 ] } },
{ "type": "Feature", "properties": { "id": 4403, "alert_type": "Deforestation/Fire" }, "geometry": { "type": "Point", "coordinates": [ 125.344357044463962, -8.926828472880921 ] } },
{ "type": "Feature", "properties": { "id": 4404, "alert_type": "Deforestation/Fire" }, "geometry": { "type": "Point", "coordinates": [ 125.382445612510622, -8.926828472880921 ] } },
{ "type": "Feature", "properties": { "id": 4405, "alert_type": "Deforestation/Fire" }, "geometry": { "type": "Point", "coordinates": [ 125.393944048147361, -8.926828472880921 ] } },
{ "type": "Feature", "properties": { "id": 4406, "alert_type": "Deforestation/Fire" }, "geometry": { "type": "Point", "coordinates": [ 125.395201689545118, -8.926828472880921 ] } },
{ "type": "Feature", "properties": { "id": 4407, "alert_type": "Deforestation/Fire" }, "geometry": { "type": "Point", "coordinates": [ 125.407059451295495, -8.926828472880921 ] } },
{ "type": "Feature", "properties": { "id": 4408, "alert_type": "Deforestation/Fire" }, "geometry": { "type": "Point", "coordinates": [ 125.422690137239186, -8.926828472880921 ] } },
{ "type": "Feature", "properties": { "id": 4409, "alert_type": "Deforestation/Fire" }, "geometry": { "type": "Point", "coordinates": [ 125.438320823182863, -8.926828472880921 ] } },
{ "type": "Feature", "properties": { "id": 4410, "alert_type": "Deforestation/Fire" }, "geometry": { "type": "Point", "coordinates": [ 125.344357044463962, -8.927008135937745 ] } },
{ "type": "Feature", "properties": { "id": 4411, "alert_type": "Deforestation/Fire" }, "geometry": { "type": "Point", "coordinates": [ 125.393944048147361, -8.927008135937745 ] } },
{ "type": "Feature", "properties": { "id": 4412, "alert_type": "Deforestation/Fire" }, "geometry": { "type": "Point", "coordinates": [ 125.431493627023556, -8.927008135937745 ] } },
{ "type": "Feature", "properties": { "id": 4413, "alert_type": "Deforestation/Fire" }, "geometry": { "type": "Point", "coordinates": [ 125.381367634169678, -8.92718779899457 ] } },
{ "type": "Feature", "properties": { "id": 4414, "alert_type": "Deforestation/Fire" }, "geometry": { "type": "Point", "coordinates": [ 125.406879788238669, -8.92718779899457 ] } },
{ "type": "Feature", "properties": { "id": 4415, "alert_type": "Deforestation/Fire" }, "geometry": { "type": "Point", "coordinates": [ 125.345075696691254, -8.927367462051393 ] } },
{ "type": "Feature", "properties": { "id": 4416, "alert_type": "Deforestation/Fire" }, "geometry": { "type": "Point", "coordinates": [ 125.438680149296502, -8.927367462051393 ] } },
{ "type": "Feature", "properties": { "id": 4417, "alert_type": "Deforestation/Fire" }, "geometry": { "type": "Point", "coordinates": [ 125.394483037317826, -8.927547125108218 ] } },
{ "type": "Feature", "properties": { "id": 4418, "alert_type": "Deforestation/Fire" }, "geometry": { "type": "Point", "coordinates": [ 125.432212279250848, -8.927547125108218 ] } },
{ "type": "Feature", "properties": { "id": 4419, "alert_type": "Deforestation/Fire" }, "geometry": { "type": "Point", "coordinates": [ 125.432391942307675, -8.927547125108218 ] } },
{ "type": "Feature", "properties": { "id": 4420, "alert_type": "Deforestation/Fire" }, "geometry": { "type": "Point", "coordinates": [ 125.439758127637447, -8.927726788165041 ] } },
{ "type": "Feature", "properties": { "id": 4421, "alert_type": "Deforestation/Fire" }, "geometry": { "type": "Point", "coordinates": [ 125.440297116807926, -8.927726788165041 ] } },
{ "type": "Feature", "properties": { "id": 4422, "alert_type": "Deforestation/Fire" }, "geometry": { "type": "Point", "coordinates": [ 125.425924072262006, -8.928086114278688 ] } },
{ "type": "Feature", "properties": { "id": 4423, "alert_type": "Deforestation/Fire" }, "geometry": { "type": "Point", "coordinates": [ 125.419815528329991, -8.928265777335513 ] } },
{ "type": "Feature", "properties": { "id": 4424, "alert_type": "Deforestation/Fire" }, "geometry": { "type": "Point", "coordinates": [ 125.383164264737914, -8.928445440392336 ] } },
{ "type": "Feature", "properties": { "id": 4425, "alert_type": "Deforestation/Fire" }, "geometry": { "type": "Point", "coordinates": [ 125.419815528329991, -8.928445440392336 ] } },
{ "type": "Feature", "properties": { "id": 4426, "alert_type": "Deforestation/Fire" }, "geometry": { "type": "Point", "coordinates": [ 125.405262820727259, -8.928625103449161 ] } },
{ "type": "Feature", "properties": { "id": 4427, "alert_type": "Deforestation/Fire" }, "geometry": { "type": "Point", "coordinates": [ 125.430954637853077, -8.928804766505984 ] } },
{ "type": "Feature", "properties": { "id": 4428, "alert_type": "Deforestation/Fire" }, "geometry": { "type": "Point", "coordinates": [ 125.399154276795244, -8.928984429562808 ] } },
{ "type": "Feature", "properties": { "id": 4429, "alert_type": "Deforestation/Fire" }, "geometry": { "type": "Point", "coordinates": [ 125.430954637853077, -8.929164092619633 ] } },
{ "type": "Feature", "properties": { "id": 4430, "alert_type": "Deforestation/Fire" }, "geometry": { "type": "Point", "coordinates": [ 125.43131396396673, -8.929164092619633 ] } },
{ "type": "Feature", "properties": { "id": 4431, "alert_type": "Deforestation/Fire" }, "geometry": { "type": "Point", "coordinates": [ 125.431493627023556, -8.929164092619633 ] } },
{ "type": "Feature", "properties": { "id": 4432, "alert_type": "Deforestation/Fire" }, "geometry": { "type": "Point", "coordinates": [ 125.349926599225498, -8.929343755676456 ] } },
{ "type": "Feature", "properties": { "id": 4433, "alert_type": "Deforestation/Fire" }, "geometry": { "type": "Point", "coordinates": [ 125.420893506670936, -8.929343755676456 ] } },
{ "type": "Feature", "properties": { "id": 4434, "alert_type": "Deforestation/Fire" }, "geometry": { "type": "Point", "coordinates": [ 125.433290257591793, -8.929343755676456 ] } },
{ "type": "Feature", "properties": { "id": 4435, "alert_type": "Deforestation/Fire" }, "geometry": { "type": "Point", "coordinates": [ 125.420713843614124, -8.929523418733281 ] } },
{ "type": "Feature", "properties": { "id": 4436, "alert_type": "Deforestation/Fire" }, "geometry": { "type": "Point", "coordinates": [ 125.431852953137195, -8.929523418733281 ] } },
{ "type": "Feature", "properties": { "id": 4437, "alert_type": "Deforestation/Fire" }, "geometry": { "type": "Point", "coordinates": [ 125.43957846458062, -8.929703081790104 ] } },
{ "type": "Feature", "properties": { "id": 4438, "alert_type": "Deforestation/Fire" }, "geometry": { "type": "Point", "coordinates": [ 125.439758127637447, -8.929703081790104 ] } },
{ "type": "Feature", "properties": { "id": 4439, "alert_type": "Deforestation/Fire" }, "geometry": { "type": "Point", "coordinates": [ 125.396100004829236, -8.930062407903751 ] } },
{ "type": "Feature", "properties": { "id": 4440, "alert_type": "Deforestation/Fire" }, "geometry": { "type": "Point", "coordinates": [ 125.396279667886063, -8.930062407903751 ] } },
{ "type": "Feature", "properties": { "id": 4441, "alert_type": "Deforestation/Fire" }, "geometry": { "type": "Point", "coordinates": [ 125.43131396396673, -8.930242070960576 ] } },
{ "type": "Feature", "properties": { "id": 4442, "alert_type": "Deforestation/Fire" }, "geometry": { "type": "Point", "coordinates": [ 125.431673290080369, -8.930242070960576 ] } },
{ "type": "Feature", "properties": { "id": 4443, "alert_type": "Deforestation/Fire" }, "geometry": { "type": "Point", "coordinates": [ 125.432751268421313, -8.930781060131048 ] } },
{ "type": "Feature", "properties": { "id": 4444, "alert_type": "Deforestation/Fire" }, "geometry": { "type": "Point", "coordinates": [ 125.430954637853077, -8.930960723187871 ] } },
{ "type": "Feature", "properties": { "id": 4445, "alert_type": "Deforestation/Fire" }, "geometry": { "type": "Point", "coordinates": [ 125.337709511361467, -8.931320049301519 ] } },
{ "type": "Feature", "properties": { "id": 4446, "alert_type": "Deforestation/Fire" }, "geometry": { "type": "Point", "coordinates": [ 125.432391942307675, -8.932218364585639 ] } },
{ "type": "Feature", "properties": { "id": 4447, "alert_type": "Deforestation/Fire" }, "geometry": { "type": "Point", "coordinates": [ 125.434008909819084, -8.932577690699286 ] } },
{ "type": "Feature", "properties": { "id": 4448, "alert_type": "Deforestation/Fire" }, "geometry": { "type": "Point", "coordinates": [ 125.377954036090031, -8.932757353756111 ] } },
{ "type": "Feature", "properties": { "id": 4449, "alert_type": "Deforestation/Fire" }, "geometry": { "type": "Point", "coordinates": [ 125.434368235932737, -8.932757353756111 ] } },
{ "type": "Feature", "properties": { "id": 4450, "alert_type": "Deforestation/Fire" }, "geometry": { "type": "Point", "coordinates": [ 125.356574132327978, -8.932937016812934 ] } },
{ "type": "Feature", "properties": { "id": 4451, "alert_type": "Deforestation/Fire" }, "geometry": { "type": "Point", "coordinates": [ 125.437602170955557, -8.933116679869759 ] } },
{ "type": "Feature", "properties": { "id": 4452, "alert_type": "Deforestation/Fire" }, "geometry": { "type": "Point", "coordinates": [ 125.321539836247325, -8.933296342926582 ] } },
{ "type": "Feature", "properties": { "id": 4453, "alert_type": "Deforestation/Fire" }, "geometry": { "type": "Point", "coordinates": [ 125.356574132327978, -8.933296342926582 ] } },
{ "type": "Feature", "properties": { "id": 4454, "alert_type": "Deforestation/Fire" }, "geometry": { "type": "Point", "coordinates": [ 125.435985203444147, -8.933835332097054 ] } },
{ "type": "Feature", "properties": { "id": 4455, "alert_type": "Deforestation/Fire" }, "geometry": { "type": "Point", "coordinates": [ 125.340404457213836, -8.934014995153877 ] } },
{ "type": "Feature", "properties": { "id": 4456, "alert_type": "Deforestation/Fire" }, "geometry": { "type": "Point", "coordinates": [ 125.434907225103203, -8.934014995153877 ] } },
{ "type": "Feature", "properties": { "id": 4457, "alert_type": "Deforestation/Fire" }, "geometry": { "type": "Point", "coordinates": [ 125.435805540387321, -8.934014995153877 ] } },
{ "type": "Feature", "properties": { "id": 4458, "alert_type": "Deforestation/Fire" }, "geometry": { "type": "Point", "coordinates": [ 125.3905304500677, -8.934194658210702 ] } },
{ "type": "Feature", "properties": { "id": 4459, "alert_type": "Deforestation/Fire" }, "geometry": { "type": "Point", "coordinates": [ 125.436164866500974, -8.934194658210702 ] } },
{ "type": "Feature", "properties": { "id": 4460, "alert_type": "Deforestation/Fire" }, "geometry": { "type": "Point", "coordinates": [ 125.39214741757911, -8.934374321267525 ] } },
{ "type": "Feature", "properties": { "id": 4461, "alert_type": "Deforestation/Fire" }, "geometry": { "type": "Point", "coordinates": [ 125.432032616194022, -8.934374321267525 ] } },
{ "type": "Feature", "properties": { "id": 4462, "alert_type": "Deforestation/Fire" }, "geometry": { "type": "Point", "coordinates": [ 125.436164866500974, -8.934374321267525 ] } },
{ "type": "Feature", "properties": { "id": 4463, "alert_type": "Deforestation/Fire" }, "geometry": { "type": "Point", "coordinates": [ 125.4363445295578, -8.934374321267525 ] } },
{ "type": "Feature", "properties": { "id": 4464, "alert_type": "Deforestation/Fire" }, "geometry": { "type": "Point", "coordinates": [ 125.4363445295578, -8.934553984324349 ] } },
{ "type": "Feature", "properties": { "id": 4465, "alert_type": "Deforestation/Fire" }, "geometry": { "type": "Point", "coordinates": [ 125.342560413895711, -8.934733647381174 ] } },
{ "type": "Feature", "properties": { "id": 4466, "alert_type": "Deforestation/Fire" }, "geometry": { "type": "Point", "coordinates": [ 125.432032616194022, -8.934733647381174 ] } },
{ "type": "Feature", "properties": { "id": 4467, "alert_type": "Deforestation/Fire" }, "geometry": { "type": "Point", "coordinates": [ 125.347590979486782, -8.934913310437997 ] } },
{ "type": "Feature", "properties": { "id": 4468, "alert_type": "Deforestation/Fire" }, "geometry": { "type": "Point", "coordinates": [ 125.350465588395963, -8.934913310437997 ] } },
{ "type": "Feature", "properties": { "id": 4469, "alert_type": "Deforestation/Fire" }, "geometry": { "type": "Point", "coordinates": [ 125.432391942307675, -8.934913310437997 ] } },
{ "type": "Feature", "properties": { "id": 4470, "alert_type": "Deforestation/Fire" }, "geometry": { "type": "Point", "coordinates": [ 125.355316490930221, -8.935092973494822 ] } },
{ "type": "Feature", "properties": { "id": 4471, "alert_type": "Deforestation/Fire" }, "geometry": { "type": "Point", "coordinates": [ 125.357113121498458, -8.935092973494822 ] } },
{ "type": "Feature", "properties": { "id": 4472, "alert_type": "Deforestation/Fire" }, "geometry": { "type": "Point", "coordinates": [ 125.349746936168671, -8.935272636551645 ] } },
{ "type": "Feature", "properties": { "id": 4473, "alert_type": "Deforestation/Fire" }, "geometry": { "type": "Point", "coordinates": [ 125.350106262282324, -8.935272636551645 ] } },
{ "type": "Feature", "properties": { "id": 4474, "alert_type": "Deforestation/Fire" }, "geometry": { "type": "Point", "coordinates": [ 125.350645251452789, -8.935272636551645 ] } },
{ "type": "Feature", "properties": { "id": 4475, "alert_type": "Deforestation/Fire" }, "geometry": { "type": "Point", "coordinates": [ 125.350645251452789, -8.935452299608469 ] } },
{ "type": "Feature", "properties": { "id": 4476, "alert_type": "Deforestation/Fire" }, "geometry": { "type": "Point", "coordinates": [ 125.356394469271166, -8.935452299608469 ] } },
{ "type": "Feature", "properties": { "id": 4477, "alert_type": "Deforestation/Fire" }, "geometry": { "type": "Point", "coordinates": [ 125.356753795384805, -8.935452299608469 ] } },
{ "type": "Feature", "properties": { "id": 4478, "alert_type": "Deforestation/Fire" }, "geometry": { "type": "Point", "coordinates": [ 125.32764838017934, -8.935631962665292 ] } },
{ "type": "Feature", "properties": { "id": 4479, "alert_type": "Deforestation/Fire" }, "geometry": { "type": "Point", "coordinates": [ 125.35567581704386, -8.935631962665292 ] } },
{ "type": "Feature", "properties": { "id": 4480, "alert_type": "Deforestation/Fire" }, "geometry": { "type": "Point", "coordinates": [ 125.431852953137195, -8.935631962665292 ] } },
{ "type": "Feature", "properties": { "id": 4481, "alert_type": "Deforestation/Fire" }, "geometry": { "type": "Point", "coordinates": [ 125.350824914509616, -8.935811625722117 ] } },
{ "type": "Feature", "properties": { "id": 4482, "alert_type": "Deforestation/Fire" }, "geometry": { "type": "Point", "coordinates": [ 125.406161136011377, -8.93599128877894 ] } },
{ "type": "Feature", "properties": { "id": 4483, "alert_type": "Deforestation/Fire" }, "geometry": { "type": "Point", "coordinates": [ 125.433649583705431, -8.93599128877894 ] } },
{ "type": "Feature", "properties": { "id": 4484, "alert_type": "Deforestation/Fire" }, "geometry": { "type": "Point", "coordinates": [ 125.351902892850561, -8.936350614892589 ] } },
{ "type": "Feature", "properties": { "id": 4485, "alert_type": "Deforestation/Fire" }, "geometry": { "type": "Point", "coordinates": [ 125.355496153987033, -8.936350614892589 ] } },
{ "type": "Feature", "properties": { "id": 4486, "alert_type": "Deforestation/Fire" }, "geometry": { "type": "Point", "coordinates": [ 125.380289655828733, -8.936530277949412 ] } },
{ "type": "Feature", "properties": { "id": 4487, "alert_type": "Deforestation/Fire" }, "geometry": { "type": "Point", "coordinates": [ 125.355136827873395, -8.936709941006237 ] } },
{ "type": "Feature", "properties": { "id": 4488, "alert_type": "Deforestation/Fire" }, "geometry": { "type": "Point", "coordinates": [ 125.35567581704386, -8.936709941006237 ] } },
{ "type": "Feature", "properties": { "id": 4489, "alert_type": "Deforestation/Fire" }, "geometry": { "type": "Point", "coordinates": [ 125.380289655828733, -8.936709941006237 ] } },
{ "type": "Feature", "properties": { "id": 4490, "alert_type": "Deforestation/Fire" }, "geometry": { "type": "Point", "coordinates": [ 125.434368235932737, -8.936709941006237 ] } },
{ "type": "Feature", "properties": { "id": 4491, "alert_type": "Deforestation/Fire" }, "geometry": { "type": "Point", "coordinates": [ 125.438320823182863, -8.936709941006237 ] } },
{ "type": "Feature", "properties": { "id": 4492, "alert_type": "Deforestation/Fire" }, "geometry": { "type": "Point", "coordinates": [ 125.355136827873395, -8.93688960406306 ] } },
{ "type": "Feature", "properties": { "id": 4493, "alert_type": "Deforestation/Fire" }, "geometry": { "type": "Point", "coordinates": [ 125.377954036090031, -8.93688960406306 ] } },
{ "type": "Feature", "properties": { "id": 4494, "alert_type": "Deforestation/Fire" }, "geometry": { "type": "Point", "coordinates": [ 125.437781834012384, -8.93688960406306 ] } },
{ "type": "Feature", "properties": { "id": 4495, "alert_type": "Deforestation/Fire" }, "geometry": { "type": "Point", "coordinates": [ 125.438320823182863, -8.93688960406306 ] } },
{ "type": "Feature", "properties": { "id": 4496, "alert_type": "Deforestation/Fire" }, "geometry": { "type": "Point", "coordinates": [ 125.379750666658268, -8.937069267119885 ] } },
{ "type": "Feature", "properties": { "id": 4497, "alert_type": "Deforestation/Fire" }, "geometry": { "type": "Point", "coordinates": [ 125.380648981942386, -8.937428593233532 ] } },
{ "type": "Feature", "properties": { "id": 4498, "alert_type": "Deforestation/Fire" }, "geometry": { "type": "Point", "coordinates": [ 125.380828644999212, -8.93778791934718 ] } },
{ "type": "Feature", "properties": { "id": 4499, "alert_type": "Deforestation/Fire" }, "geometry": { "type": "Point", "coordinates": [ 125.38388291696522, -8.93778791934718 ] } },
{ "type": "Feature", "properties": { "id": 4500, "alert_type": "Deforestation/Fire" }, "geometry": { "type": "Point", "coordinates": [ 125.381008308056039, -8.937967582404003 ] } },
{ "type": "Feature", "properties": { "id": 4501, "alert_type": "Deforestation/Fire" }, "geometry": { "type": "Point", "coordinates": [ 125.384781232249338, -8.937967582404003 ] } },
{ "type": "Feature", "properties": { "id": 4502, "alert_type": "Deforestation/Fire" }, "geometry": { "type": "Point", "coordinates": [ 125.43850048623969, -8.937967582404003 ] } },
{ "type": "Feature", "properties": { "id": 4503, "alert_type": "Deforestation/Fire" }, "geometry": { "type": "Point", "coordinates": [ 125.472456803979398, -8.937967582404003 ] } },
{ "type": "Feature", "properties": { "id": 4504, "alert_type": "Deforestation/Fire" }, "geometry": { "type": "Point", "coordinates": [ 125.472636467036224, -8.937967582404003 ] } },
{ "type": "Feature", "properties": { "id": 4505, "alert_type": "Deforestation/Fire" }, "geometry": { "type": "Point", "coordinates": [ 125.381008308056039, -8.938147245460828 ] } },
{ "type": "Feature", "properties": { "id": 4506, "alert_type": "Deforestation/Fire" }, "geometry": { "type": "Point", "coordinates": [ 125.43850048623969, -8.938147245460828 ] } },
{ "type": "Feature", "properties": { "id": 4507, "alert_type": "Deforestation/Fire" }, "geometry": { "type": "Point", "coordinates": [ 125.472277140922571, -8.938147245460828 ] } },
{ "type": "Feature", "properties": { "id": 4508, "alert_type": "Deforestation/Fire" }, "geometry": { "type": "Point", "coordinates": [ 125.472456803979398, -8.938147245460828 ] } },
{ "type": "Feature", "properties": { "id": 4509, "alert_type": "Deforestation/Fire" }, "geometry": { "type": "Point", "coordinates": [ 125.472277140922571, -8.938326908517652 ] } },
{ "type": "Feature", "properties": { "id": 4510, "alert_type": "Deforestation/Fire" }, "geometry": { "type": "Point", "coordinates": [ 125.351363903680095, -8.938506571574475 ] } },
{ "type": "Feature", "properties": { "id": 4511, "alert_type": "Deforestation/Fire" }, "geometry": { "type": "Point", "coordinates": [ 125.472816130093051, -8.938506571574475 ] } },
{ "type": "Feature", "properties": { "id": 4512, "alert_type": "Deforestation/Fire" }, "geometry": { "type": "Point", "coordinates": [ 125.472636467036224, -8.9386862346313 ] } },
{ "type": "Feature", "properties": { "id": 4513, "alert_type": "Deforestation/Fire" }, "geometry": { "type": "Point", "coordinates": [ 125.330702652145334, -8.938865897688123 ] } },
{ "type": "Feature", "properties": { "id": 4514, "alert_type": "Deforestation/Fire" }, "geometry": { "type": "Point", "coordinates": [ 125.347411316429969, -8.938865897688123 ] } },
{ "type": "Feature", "properties": { "id": 4515, "alert_type": "Deforestation/Fire" }, "geometry": { "type": "Point", "coordinates": [ 125.347590979486782, -8.938865897688123 ] } },
{ "type": "Feature", "properties": { "id": 4516, "alert_type": "Deforestation/Fire" }, "geometry": { "type": "Point", "coordinates": [ 125.472816130093051, -8.938865897688123 ] } },
{ "type": "Feature", "properties": { "id": 4517, "alert_type": "Deforestation/Fire" }, "geometry": { "type": "Point", "coordinates": [ 125.377055720805913, -8.939045560744947 ] } },
{ "type": "Feature", "properties": { "id": 4518, "alert_type": "Deforestation/Fire" }, "geometry": { "type": "Point", "coordinates": [ 125.342560413895711, -8.939404886858595 ] } },
{ "type": "Feature", "properties": { "id": 4519, "alert_type": "Deforestation/Fire" }, "geometry": { "type": "Point", "coordinates": [ 125.397357646227007, -8.939584549915418 ] } },
{ "type": "Feature", "properties": { "id": 4520, "alert_type": "Deforestation/Fire" }, "geometry": { "type": "Point", "coordinates": [ 125.338607826645585, -8.939943876029066 ] } },
{ "type": "Feature", "properties": { "id": 4521, "alert_type": "Deforestation/Fire" }, "geometry": { "type": "Point", "coordinates": [ 125.388913482556291, -8.939943876029066 ] } },
{ "type": "Feature", "properties": { "id": 4522, "alert_type": "Deforestation/Fire" }, "geometry": { "type": "Point", "coordinates": [ 125.390889776181353, -8.939943876029066 ] } },
{ "type": "Feature", "properties": { "id": 4523, "alert_type": "Deforestation/Fire" }, "geometry": { "type": "Point", "coordinates": [ 125.391069439238166, -8.939943876029066 ] } },
{ "type": "Feature", "properties": { "id": 4524, "alert_type": "Deforestation/Fire" }, "geometry": { "type": "Point", "coordinates": [ 125.323336466815562, -8.94012353908589 ] } },
{ "type": "Feature", "properties": { "id": 4525, "alert_type": "Deforestation/Fire" }, "geometry": { "type": "Point", "coordinates": [ 125.384960895306165, -8.94012353908589 ] } },
{ "type": "Feature", "properties": { "id": 4526, "alert_type": "Deforestation/Fire" }, "geometry": { "type": "Point", "coordinates": [ 125.317766912054026, -8.940303202142715 ] } },
{ "type": "Feature", "properties": { "id": 4527, "alert_type": "Deforestation/Fire" }, "geometry": { "type": "Point", "coordinates": [ 125.385320221419803, -8.940303202142715 ] } },
{ "type": "Feature", "properties": { "id": 4528, "alert_type": "Deforestation/Fire" }, "geometry": { "type": "Point", "coordinates": [ 125.38549988447663, -8.940303202142715 ] } },
{ "type": "Feature", "properties": { "id": 4529, "alert_type": "Deforestation/Fire" }, "geometry": { "type": "Point", "coordinates": [ 125.385679547533456, -8.940482865199538 ] } },
{ "type": "Feature", "properties": { "id": 4530, "alert_type": "Deforestation/Fire" }, "geometry": { "type": "Point", "coordinates": [ 125.385859210590283, -8.940482865199538 ] } },
{ "type": "Feature", "properties": { "id": 4531, "alert_type": "Deforestation/Fire" }, "geometry": { "type": "Point", "coordinates": [ 125.395561015658771, -8.940482865199538 ] } },
{ "type": "Feature", "properties": { "id": 4532, "alert_type": "Deforestation/Fire" }, "geometry": { "type": "Point", "coordinates": [ 125.385859210590283, -8.940662528256363 ] } },
{ "type": "Feature", "properties": { "id": 4533, "alert_type": "Deforestation/Fire" }, "geometry": { "type": "Point", "coordinates": [ 125.384242243078859, -8.940842191313186 ] } },
{ "type": "Feature", "properties": { "id": 4534, "alert_type": "Deforestation/Fire" }, "geometry": { "type": "Point", "coordinates": [ 125.384421906135685, -8.940842191313186 ] } },
{ "type": "Feature", "properties": { "id": 4535, "alert_type": "Deforestation/Fire" }, "geometry": { "type": "Point", "coordinates": [ 125.386218536703922, -8.940842191313186 ] } },
{ "type": "Feature", "properties": { "id": 4536, "alert_type": "Deforestation/Fire" }, "geometry": { "type": "Point", "coordinates": [ 125.350465588395963, -8.94102185437001 ] } },
{ "type": "Feature", "properties": { "id": 4537, "alert_type": "Deforestation/Fire" }, "geometry": { "type": "Point", "coordinates": [ 125.350645251452789, -8.94102185437001 ] } },
{ "type": "Feature", "properties": { "id": 4538, "alert_type": "Deforestation/Fire" }, "geometry": { "type": "Point", "coordinates": [ 125.384062580022047, -8.94102185437001 ] } },
{ "type": "Feature", "properties": { "id": 4539, "alert_type": "Deforestation/Fire" }, "geometry": { "type": "Point", "coordinates": [ 125.384242243078859, -8.94102185437001 ] } },
{ "type": "Feature", "properties": { "id": 4540, "alert_type": "Deforestation/Fire" }, "geometry": { "type": "Point", "coordinates": [ 125.396638993999716, -8.94102185437001 ] } },
{ "type": "Feature", "properties": { "id": 4541, "alert_type": "Deforestation/Fire" }, "geometry": { "type": "Point", "coordinates": [ 125.421791821955054, -8.94102185437001 ] } },
{ "type": "Feature", "properties": { "id": 4542, "alert_type": "Deforestation/Fire" }, "geometry": { "type": "Point", "coordinates": [ 125.349567273111845, -8.941201517426833 ] } },
{ "type": "Feature", "properties": { "id": 4543, "alert_type": "Deforestation/Fire" }, "geometry": { "type": "Point", "coordinates": [ 125.384242243078859, -8.941201517426833 ] } },
{ "type": "Feature", "properties": { "id": 4544, "alert_type": "Deforestation/Fire" }, "geometry": { "type": "Point", "coordinates": [ 125.386218536703922, -8.941201517426833 ] } },
{ "type": "Feature", "properties": { "id": 4545, "alert_type": "Deforestation/Fire" }, "geometry": { "type": "Point", "coordinates": [ 125.386577862817575, -8.941201517426833 ] } },
{ "type": "Feature", "properties": { "id": 4546, "alert_type": "Deforestation/Fire" }, "geometry": { "type": "Point", "coordinates": [ 125.396279667886063, -8.941201517426833 ] } },
{ "type": "Feature", "properties": { "id": 4547, "alert_type": "Deforestation/Fire" }, "geometry": { "type": "Point", "coordinates": [ 125.423408789466478, -8.941201517426833 ] } },
{ "type": "Feature", "properties": { "id": 4548, "alert_type": "Deforestation/Fire" }, "geometry": { "type": "Point", "coordinates": [ 125.339326478872891, -8.941381180483658 ] } },
{ "type": "Feature", "properties": { "id": 4549, "alert_type": "Deforestation/Fire" }, "geometry": { "type": "Point", "coordinates": [ 125.339506141929718, -8.941381180483658 ] } },
{ "type": "Feature", "properties": { "id": 4550, "alert_type": "Deforestation/Fire" }, "geometry": { "type": "Point", "coordinates": [ 125.349567273111845, -8.941381180483658 ] } },
{ "type": "Feature", "properties": { "id": 4551, "alert_type": "Deforestation/Fire" }, "geometry": { "type": "Point", "coordinates": [ 125.386218536703922, -8.941381180483658 ] } },
{ "type": "Feature", "properties": { "id": 4552, "alert_type": "Deforestation/Fire" }, "geometry": { "type": "Point", "coordinates": [ 125.386398199760748, -8.941381180483658 ] } },
{ "type": "Feature", "properties": { "id": 4553, "alert_type": "Deforestation/Fire" }, "geometry": { "type": "Point", "coordinates": [ 125.423768115580117, -8.941381180483658 ] } },
{ "type": "Feature", "properties": { "id": 4554, "alert_type": "Deforestation/Fire" }, "geometry": { "type": "Point", "coordinates": [ 125.423947778636943, -8.941381180483658 ] } },
{ "type": "Feature", "properties": { "id": 4555, "alert_type": "Deforestation/Fire" }, "geometry": { "type": "Point", "coordinates": [ 125.339506141929718, -8.941560843540481 ] } },
{ "type": "Feature", "properties": { "id": 4556, "alert_type": "Deforestation/Fire" }, "geometry": { "type": "Point", "coordinates": [ 125.349746936168671, -8.941560843540481 ] } },
{ "type": "Feature", "properties": { "id": 4557, "alert_type": "Deforestation/Fire" }, "geometry": { "type": "Point", "coordinates": [ 125.355136827873395, -8.941560843540481 ] } },
{ "type": "Feature", "properties": { "id": 4558, "alert_type": "Deforestation/Fire" }, "geometry": { "type": "Point", "coordinates": [ 125.386757525874401, -8.941560843540481 ] } },
{ "type": "Feature", "properties": { "id": 4559, "alert_type": "Deforestation/Fire" }, "geometry": { "type": "Point", "coordinates": [ 125.395381352601945, -8.941560843540481 ] } },
{ "type": "Feature", "properties": { "id": 4560, "alert_type": "Deforestation/Fire" }, "geometry": { "type": "Point", "coordinates": [ 125.423947778636943, -8.941560843540481 ] } },
{ "type": "Feature", "properties": { "id": 4561, "alert_type": "Deforestation/Fire" }, "geometry": { "type": "Point", "coordinates": [ 125.339865468043357, -8.941740506597306 ] } },
{ "type": "Feature", "properties": { "id": 4562, "alert_type": "Deforestation/Fire" }, "geometry": { "type": "Point", "coordinates": [ 125.356933458441631, -8.941740506597306 ] } },
{ "type": "Feature", "properties": { "id": 4563, "alert_type": "Deforestation/Fire" }, "geometry": { "type": "Point", "coordinates": [ 125.357113121498458, -8.941740506597306 ] } },
{ "type": "Feature", "properties": { "id": 4564, "alert_type": "Deforestation/Fire" }, "geometry": { "type": "Point", "coordinates": [ 125.386937188931228, -8.941740506597306 ] } },
{ "type": "Feature", "properties": { "id": 4565, "alert_type": "Deforestation/Fire" }, "geometry": { "type": "Point", "coordinates": [ 125.412808669113858, -8.941740506597306 ] } },
{ "type": "Feature", "properties": { "id": 4566, "alert_type": "Deforestation/Fire" }, "geometry": { "type": "Point", "coordinates": [ 125.318844890394956, -8.941920169654129 ] } },
{ "type": "Feature", "properties": { "id": 4567, "alert_type": "Deforestation/Fire" }, "geometry": { "type": "Point", "coordinates": [ 125.354957164816568, -8.941920169654129 ] } },
{ "type": "Feature", "properties": { "id": 4568, "alert_type": "Deforestation/Fire" }, "geometry": { "type": "Point", "coordinates": [ 125.355316490930221, -8.941920169654129 ] } },
{ "type": "Feature", "properties": { "id": 4569, "alert_type": "Deforestation/Fire" }, "geometry": { "type": "Point", "coordinates": [ 125.356933458441631, -8.941920169654129 ] } },
{ "type": "Feature", "properties": { "id": 4570, "alert_type": "Deforestation/Fire" }, "geometry": { "type": "Point", "coordinates": [ 125.357472447612096, -8.941920169654129 ] } },
{ "type": "Feature", "properties": { "id": 4571, "alert_type": "Deforestation/Fire" }, "geometry": { "type": "Point", "coordinates": [ 125.357831773725749, -8.941920169654129 ] } },
{ "type": "Feature", "properties": { "id": 4572, "alert_type": "Deforestation/Fire" }, "geometry": { "type": "Point", "coordinates": [ 125.386757525874401, -8.941920169654129 ] } },
{ "type": "Feature", "properties": { "id": 4573, "alert_type": "Deforestation/Fire" }, "geometry": { "type": "Point", "coordinates": [ 125.35567581704386, -8.942099832710953 ] } },
{ "type": "Feature", "properties": { "id": 4574, "alert_type": "Deforestation/Fire" }, "geometry": { "type": "Point", "coordinates": [ 125.356933458441631, -8.942099832710953 ] } },
{ "type": "Feature", "properties": { "id": 4575, "alert_type": "Deforestation/Fire" }, "geometry": { "type": "Point", "coordinates": [ 125.357652110668923, -8.942099832710953 ] } },
{ "type": "Feature", "properties": { "id": 4576, "alert_type": "Deforestation/Fire" }, "geometry": { "type": "Point", "coordinates": [ 125.377415046919552, -8.942099832710953 ] } },
{ "type": "Feature", "properties": { "id": 4577, "alert_type": "Deforestation/Fire" }, "geometry": { "type": "Point", "coordinates": [ 125.398974613738417, -8.942099832710953 ] } },
{ "type": "Feature", "properties": { "id": 4578, "alert_type": "Deforestation/Fire" }, "geometry": { "type": "Point", "coordinates": [ 125.458443085547131, -8.942099832710953 ] } },
{ "type": "Feature", "properties": { "id": 4579, "alert_type": "Deforestation/Fire" }, "geometry": { "type": "Point", "coordinates": [ 125.355496153987033, -8.942279495767778 ] } },
{ "type": "Feature", "properties": { "id": 4580, "alert_type": "Deforestation/Fire" }, "geometry": { "type": "Point", "coordinates": [ 125.356574132327978, -8.942279495767778 ] } },
{ "type": "Feature", "properties": { "id": 4581, "alert_type": "Deforestation/Fire" }, "geometry": { "type": "Point", "coordinates": [ 125.357472447612096, -8.942279495767778 ] } },
{ "type": "Feature", "properties": { "id": 4582, "alert_type": "Deforestation/Fire" }, "geometry": { "type": "Point", "coordinates": [ 125.357831773725749, -8.942279495767778 ] } },
{ "type": "Feature", "properties": { "id": 4583, "alert_type": "Deforestation/Fire" }, "geometry": { "type": "Point", "coordinates": [ 125.458443085547131, -8.942279495767778 ] } },
{ "type": "Feature", "properties": { "id": 4584, "alert_type": "Deforestation/Fire" }, "geometry": { "type": "Point", "coordinates": [ 125.356753795384805, -8.942459158824601 ] } },
{ "type": "Feature", "properties": { "id": 4585, "alert_type": "Deforestation/Fire" }, "geometry": { "type": "Point", "coordinates": [ 125.357472447612096, -8.942459158824601 ] } },
{ "type": "Feature", "properties": { "id": 4586, "alert_type": "Deforestation/Fire" }, "geometry": { "type": "Point", "coordinates": [ 125.358011436782576, -8.942459158824601 ] } },
{ "type": "Feature", "properties": { "id": 4587, "alert_type": "Deforestation/Fire" }, "geometry": { "type": "Point", "coordinates": [ 125.375259090237662, -8.942459158824601 ] } },
{ "type": "Feature", "properties": { "id": 4588, "alert_type": "Deforestation/Fire" }, "geometry": { "type": "Point", "coordinates": [ 125.457005781092548, -8.942459158824601 ] } },
{ "type": "Feature", "properties": { "id": 4589, "alert_type": "Deforestation/Fire" }, "geometry": { "type": "Point", "coordinates": [ 125.457904096376666, -8.942459158824601 ] } },
{ "type": "Feature", "properties": { "id": 4590, "alert_type": "Deforestation/Fire" }, "geometry": { "type": "Point", "coordinates": [ 125.458083759433492, -8.942459158824601 ] } },
{ "type": "Feature", "properties": { "id": 4591, "alert_type": "Deforestation/Fire" }, "geometry": { "type": "Point", "coordinates": [ 125.458263422490319, -8.942459158824601 ] } },
{ "type": "Feature", "properties": { "id": 4592, "alert_type": "Deforestation/Fire" }, "geometry": { "type": "Point", "coordinates": [ 125.458443085547131, -8.942459158824601 ] } },
{ "type": "Feature", "properties": { "id": 4593, "alert_type": "Deforestation/Fire" }, "geometry": { "type": "Point", "coordinates": [ 125.356753795384805, -8.942638821881426 ] } },
{ "type": "Feature", "properties": { "id": 4594, "alert_type": "Deforestation/Fire" }, "geometry": { "type": "Point", "coordinates": [ 125.458263422490319, -8.942638821881426 ] } },
{ "type": "Feature", "properties": { "id": 4595, "alert_type": "Deforestation/Fire" }, "geometry": { "type": "Point", "coordinates": [ 125.458443085547131, -8.942638821881426 ] } },
{ "type": "Feature", "properties": { "id": 4596, "alert_type": "Deforestation/Fire" }, "geometry": { "type": "Point", "coordinates": [ 125.343458729179844, -8.942818484938249 ] } },
{ "type": "Feature", "properties": { "id": 4597, "alert_type": "Deforestation/Fire" }, "geometry": { "type": "Point", "coordinates": [ 125.356394469271166, -8.942818484938249 ] } },
{ "type": "Feature", "properties": { "id": 4598, "alert_type": "Deforestation/Fire" }, "geometry": { "type": "Point", "coordinates": [ 125.356574132327978, -8.942818484938249 ] } },
{ "type": "Feature", "properties": { "id": 4599, "alert_type": "Deforestation/Fire" }, "geometry": { "type": "Point", "coordinates": [ 125.356753795384805, -8.942818484938249 ] } },
{ "type": "Feature", "properties": { "id": 4600, "alert_type": "Deforestation/Fire" }, "geometry": { "type": "Point", "coordinates": [ 125.356933458441631, -8.942818484938249 ] } },
{ "type": "Feature", "properties": { "id": 4601, "alert_type": "Deforestation/Fire" }, "geometry": { "type": "Point", "coordinates": [ 125.357472447612096, -8.942818484938249 ] } },
{ "type": "Feature", "properties": { "id": 4602, "alert_type": "Deforestation/Fire" }, "geometry": { "type": "Point", "coordinates": [ 125.379211677487788, -8.942818484938249 ] } },
{ "type": "Feature", "properties": { "id": 4603, "alert_type": "Deforestation/Fire" }, "geometry": { "type": "Point", "coordinates": [ 125.355136827873395, -8.942998147995073 ] } },
{ "type": "Feature", "properties": { "id": 4604, "alert_type": "Deforestation/Fire" }, "geometry": { "type": "Point", "coordinates": [ 125.356753795384805, -8.942998147995073 ] } },
{ "type": "Feature", "properties": { "id": 4605, "alert_type": "Deforestation/Fire" }, "geometry": { "type": "Point", "coordinates": [ 125.357472447612096, -8.942998147995073 ] } },
{ "type": "Feature", "properties": { "id": 4606, "alert_type": "Deforestation/Fire" }, "geometry": { "type": "Point", "coordinates": [ 125.379391340544615, -8.942998147995073 ] } },
{ "type": "Feature", "properties": { "id": 4607, "alert_type": "Deforestation/Fire" }, "geometry": { "type": "Point", "coordinates": [ 125.356574132327978, -8.943177811051896 ] } },
{ "type": "Feature", "properties": { "id": 4608, "alert_type": "Deforestation/Fire" }, "geometry": { "type": "Point", "coordinates": [ 125.357472447612096, -8.943177811051896 ] } },
{ "type": "Feature", "properties": { "id": 4609, "alert_type": "Deforestation/Fire" }, "geometry": { "type": "Point", "coordinates": [ 125.398255961511126, -8.943177811051896 ] } },
{ "type": "Feature", "properties": { "id": 4610, "alert_type": "Deforestation/Fire" }, "geometry": { "type": "Point", "coordinates": [ 125.413347658284337, -8.943177811051896 ] } },
{ "type": "Feature", "properties": { "id": 4611, "alert_type": "Deforestation/Fire" }, "geometry": { "type": "Point", "coordinates": [ 125.357472447612096, -8.943357474108721 ] } },
{ "type": "Feature", "properties": { "id": 4612, "alert_type": "Deforestation/Fire" }, "geometry": { "type": "Point", "coordinates": [ 125.4153239519094, -8.943357474108721 ] } },
{ "type": "Feature", "properties": { "id": 4613, "alert_type": "Deforestation/Fire" }, "geometry": { "type": "Point", "coordinates": [ 125.365377622112348, -8.943537137165544 ] } },
{ "type": "Feature", "properties": { "id": 4614, "alert_type": "Deforestation/Fire" }, "geometry": { "type": "Point", "coordinates": [ 125.422151148068707, -8.943716800222369 ] } },
{ "type": "Feature", "properties": { "id": 4615, "alert_type": "Deforestation/Fire" }, "geometry": { "type": "Point", "coordinates": [ 125.41191035382974, -8.943896463279192 ] } },
{ "type": "Feature", "properties": { "id": 4616, "alert_type": "Deforestation/Fire" }, "geometry": { "type": "Point", "coordinates": [ 125.391249102294992, -8.944076126336016 ] } },
{ "type": "Feature", "properties": { "id": 4617, "alert_type": "Deforestation/Fire" }, "geometry": { "type": "Point", "coordinates": [ 125.400591581249842, -8.944076126336016 ] } },
{ "type": "Feature", "properties": { "id": 4618, "alert_type": "Deforestation/Fire" }, "geometry": { "type": "Point", "coordinates": [ 125.414964625795747, -8.944076126336016 ] } },
{ "type": "Feature", "properties": { "id": 4619, "alert_type": "Deforestation/Fire" }, "geometry": { "type": "Point", "coordinates": [ 125.388374493385811, -8.944435452449664 ] } },
{ "type": "Feature", "properties": { "id": 4620, "alert_type": "Deforestation/Fire" }, "geometry": { "type": "Point", "coordinates": [ 125.41370698439799, -8.944974441620136 ] } },
{ "type": "Feature", "properties": { "id": 4621, "alert_type": "Deforestation/Fire" }, "geometry": { "type": "Point", "coordinates": [ 125.387835504215346, -8.945333767733784 ] } },
{ "type": "Feature", "properties": { "id": 4622, "alert_type": "Deforestation/Fire" }, "geometry": { "type": "Point", "coordinates": [ 125.388194830328985, -8.945513430790607 ] } },
{ "type": "Feature", "properties": { "id": 4623, "alert_type": "Deforestation/Fire" }, "geometry": { "type": "Point", "coordinates": [ 125.417659571648116, -8.945513430790607 ] } },
{ "type": "Feature", "properties": { "id": 4624, "alert_type": "Deforestation/Fire" }, "geometry": { "type": "Point", "coordinates": [ 125.458083759433492, -8.945513430790607 ] } },
{ "type": "Feature", "properties": { "id": 4625, "alert_type": "Deforestation/Fire" }, "geometry": { "type": "Point", "coordinates": [ 125.458443085547131, -8.945513430790607 ] } },
{ "type": "Feature", "properties": { "id": 4626, "alert_type": "Deforestation/Fire" }, "geometry": { "type": "Point", "coordinates": [ 125.343279066123017, -8.945693093847431 ] } },
{ "type": "Feature", "properties": { "id": 4627, "alert_type": "Deforestation/Fire" }, "geometry": { "type": "Point", "coordinates": [ 125.388913482556291, -8.945693093847431 ] } },
{ "type": "Feature", "properties": { "id": 4628, "alert_type": "Deforestation/Fire" }, "geometry": { "type": "Point", "coordinates": [ 125.388194830328985, -8.945872756904256 ] } },
{ "type": "Feature", "properties": { "id": 4629, "alert_type": "Deforestation/Fire" }, "geometry": { "type": "Point", "coordinates": [ 125.388913482556291, -8.945872756904256 ] } },
{ "type": "Feature", "properties": { "id": 4630, "alert_type": "Deforestation/Fire" }, "geometry": { "type": "Point", "coordinates": [ 125.458443085547131, -8.945872756904256 ] } },
{ "type": "Feature", "properties": { "id": 4631, "alert_type": "Deforestation/Fire" }, "geometry": { "type": "Point", "coordinates": [ 125.458802411660784, -8.945872756904256 ] } },
{ "type": "Feature", "properties": { "id": 4632, "alert_type": "Deforestation/Fire" }, "geometry": { "type": "Point", "coordinates": [ 125.458982074717611, -8.945872756904256 ] } },
{ "type": "Feature", "properties": { "id": 4633, "alert_type": "Deforestation/Fire" }, "geometry": { "type": "Point", "coordinates": [ 125.360526719578104, -8.946052419961079 ] } },
{ "type": "Feature", "properties": { "id": 4634, "alert_type": "Deforestation/Fire" }, "geometry": { "type": "Point", "coordinates": [ 125.458263422490319, -8.946052419961079 ] } },
{ "type": "Feature", "properties": { "id": 4635, "alert_type": "Deforestation/Fire" }, "geometry": { "type": "Point", "coordinates": [ 125.458802411660784, -8.946052419961079 ] } },
{ "type": "Feature", "properties": { "id": 4636, "alert_type": "Deforestation/Fire" }, "geometry": { "type": "Point", "coordinates": [ 125.458083759433492, -8.946232083017904 ] } },
{ "type": "Feature", "properties": { "id": 4637, "alert_type": "Deforestation/Fire" }, "geometry": { "type": "Point", "coordinates": [ 125.458263422490319, -8.946232083017904 ] } },
{ "type": "Feature", "properties": { "id": 4638, "alert_type": "Deforestation/Fire" }, "geometry": { "type": "Point", "coordinates": [ 125.401310233477133, -8.946411746074727 ] } },
{ "type": "Feature", "properties": { "id": 4639, "alert_type": "Deforestation/Fire" }, "geometry": { "type": "Point", "coordinates": [ 125.414605299682108, -8.946411746074727 ] } },
{ "type": "Feature", "properties": { "id": 4640, "alert_type": "Deforestation/Fire" }, "geometry": { "type": "Point", "coordinates": [ 125.385679547533456, -8.946591409131551 ] } },
{ "type": "Feature", "properties": { "id": 4641, "alert_type": "Deforestation/Fire" }, "geometry": { "type": "Point", "coordinates": [ 125.386937188931228, -8.946591409131551 ] } },
{ "type": "Feature", "properties": { "id": 4642, "alert_type": "Deforestation/Fire" }, "geometry": { "type": "Point", "coordinates": [ 125.364658969885056, -8.946771072188374 ] } },
{ "type": "Feature", "properties": { "id": 4643, "alert_type": "Deforestation/Fire" }, "geometry": { "type": "Point", "coordinates": [ 125.361604697919049, -8.947310061358847 ] } },
{ "type": "Feature", "properties": { "id": 4644, "alert_type": "Deforestation/Fire" }, "geometry": { "type": "Point", "coordinates": [ 125.413527321341164, -8.947669387472494 ] } },
{ "type": "Feature", "properties": { "id": 4645, "alert_type": "Deforestation/Fire" }, "geometry": { "type": "Point", "coordinates": [ 125.361604697919049, -8.947849050529319 ] } },
{ "type": "Feature", "properties": { "id": 4646, "alert_type": "Deforestation/Fire" }, "geometry": { "type": "Point", "coordinates": [ 125.418737549989061, -8.949645681097557 ] } },
{ "type": "Feature", "properties": { "id": 4647, "alert_type": "Deforestation/Fire" }, "geometry": { "type": "Point", "coordinates": [ 125.331780630486278, -8.949825344154382 ] } },
{ "type": "Feature", "properties": { "id": 4648, "alert_type": "Deforestation/Fire" }, "geometry": { "type": "Point", "coordinates": [ 125.331960293543105, -8.950364333324853 ] } },
{ "type": "Feature", "properties": { "id": 4649, "alert_type": "Deforestation/Fire" }, "geometry": { "type": "Point", "coordinates": [ 125.332319619656758, -8.950364333324853 ] } },
{ "type": "Feature", "properties": { "id": 4650, "alert_type": "Deforestation/Fire" }, "geometry": { "type": "Point", "coordinates": [ 125.342560413895711, -8.950543996381677 ] } },
{ "type": "Feature", "properties": { "id": 4651, "alert_type": "Deforestation/Fire" }, "geometry": { "type": "Point", "coordinates": [ 125.384960895306165, -8.950543996381677 ] } },
{ "type": "Feature", "properties": { "id": 4652, "alert_type": "Deforestation/Fire" }, "geometry": { "type": "Point", "coordinates": [ 125.368431894078356, -8.9507236594385 ] } },
{ "type": "Feature", "properties": { "id": 4653, "alert_type": "Deforestation/Fire" }, "geometry": { "type": "Point", "coordinates": [ 125.331600967429466, -8.951082985552148 ] } },
{ "type": "Feature", "properties": { "id": 4654, "alert_type": "Deforestation/Fire" }, "geometry": { "type": "Point", "coordinates": [ 125.415144288852574, -8.951082985552148 ] } },
{ "type": "Feature", "properties": { "id": 4655, "alert_type": "Deforestation/Fire" }, "geometry": { "type": "Point", "coordinates": [ 125.413167995227511, -8.951262648608973 ] } },
{ "type": "Feature", "properties": { "id": 4656, "alert_type": "Deforestation/Fire" }, "geometry": { "type": "Point", "coordinates": [ 125.418917213045873, -8.951262648608973 ] } },
{ "type": "Feature", "properties": { "id": 4657, "alert_type": "Deforestation/Fire" }, "geometry": { "type": "Point", "coordinates": [ 125.419096876102699, -8.951262648608973 ] } },
{ "type": "Feature", "properties": { "id": 4658, "alert_type": "Deforestation/Fire" }, "geometry": { "type": "Point", "coordinates": [ 125.415683278023053, -8.951442311665797 ] } },
{ "type": "Feature", "properties": { "id": 4659, "alert_type": "Deforestation/Fire" }, "geometry": { "type": "Point", "coordinates": [ 125.344357044463962, -8.95162197472262 ] } },
{ "type": "Feature", "properties": { "id": 4660, "alert_type": "Deforestation/Fire" }, "geometry": { "type": "Point", "coordinates": [ 125.351004577566442, -8.951801637779445 ] } },
{ "type": "Feature", "properties": { "id": 4661, "alert_type": "Deforestation/Fire" }, "geometry": { "type": "Point", "coordinates": [ 125.343818055293482, -8.952699953063563 ] } },
{ "type": "Feature", "properties": { "id": 4662, "alert_type": "Deforestation/Fire" }, "geometry": { "type": "Point", "coordinates": [ 125.328367032406632, -8.952879616120388 ] } },
{ "type": "Feature", "properties": { "id": 4663, "alert_type": "Deforestation/Fire" }, "geometry": { "type": "Point", "coordinates": [ 125.333397597997703, -8.953059279177211 ] } },
{ "type": "Feature", "properties": { "id": 4664, "alert_type": "Deforestation/Fire" }, "geometry": { "type": "Point", "coordinates": [ 125.454670161353832, -8.953059279177211 ] } },
{ "type": "Feature", "properties": { "id": 4665, "alert_type": "Deforestation/Fire" }, "geometry": { "type": "Point", "coordinates": [ 125.378133699146858, -8.954496583631803 ] } },
{ "type": "Feature", "properties": { "id": 4666, "alert_type": "Deforestation/Fire" }, "geometry": { "type": "Point", "coordinates": [ 125.420534180557297, -8.955035572802274 ] } },
{ "type": "Feature", "properties": { "id": 4667, "alert_type": "Deforestation/Fire" }, "geometry": { "type": "Point", "coordinates": [ 125.348129968657261, -8.955215235859098 ] } },
{ "type": "Feature", "properties": { "id": 4668, "alert_type": "Deforestation/Fire" }, "geometry": { "type": "Point", "coordinates": [ 125.420893506670936, -8.955215235859098 ] } },
{ "type": "Feature", "properties": { "id": 4669, "alert_type": "Deforestation/Fire" }, "geometry": { "type": "Point", "coordinates": [ 125.343638392236656, -8.955754225029571 ] } },
{ "type": "Feature", "properties": { "id": 4670, "alert_type": "Deforestation/Fire" }, "geometry": { "type": "Point", "coordinates": [ 125.343997718350309, -8.955754225029571 ] } },
{ "type": "Feature", "properties": { "id": 4671, "alert_type": "Deforestation/Fire" }, "geometry": { "type": "Point", "coordinates": [ 125.347051990316317, -8.955754225029571 ] } },
{ "type": "Feature", "properties": { "id": 4672, "alert_type": "Deforestation/Fire" }, "geometry": { "type": "Point", "coordinates": [ 125.355316490930221, -8.955754225029571 ] } },
{ "type": "Feature", "properties": { "id": 4673, "alert_type": "Deforestation/Fire" }, "geometry": { "type": "Point", "coordinates": [ 125.329804336861216, -8.955933888086394 ] } },
{ "type": "Feature", "properties": { "id": 4674, "alert_type": "Deforestation/Fire" }, "geometry": { "type": "Point", "coordinates": [ 125.343997718350309, -8.955933888086394 ] } },
{ "type": "Feature", "properties": { "id": 4675, "alert_type": "Deforestation/Fire" }, "geometry": { "type": "Point", "coordinates": [ 125.450897237160532, -8.956113551143218 ] } },
{ "type": "Feature", "properties": { "id": 4676, "alert_type": "Deforestation/Fire" }, "geometry": { "type": "Point", "coordinates": [ 125.450897237160532, -8.956293214200041 ] } },
{ "type": "Feature", "properties": { "id": 4677, "alert_type": "Deforestation/Fire" }, "geometry": { "type": "Point", "coordinates": [ 125.415144288852574, -8.956652540313689 ] } },
{ "type": "Feature", "properties": { "id": 4678, "alert_type": "Deforestation/Fire" }, "geometry": { "type": "Point", "coordinates": [ 125.451436226330998, -8.956652540313689 ] } },
{ "type": "Feature", "properties": { "id": 4679, "alert_type": "Deforestation/Fire" }, "geometry": { "type": "Point", "coordinates": [ 125.404184842386314, -8.956832203370514 ] } },
{ "type": "Feature", "properties": { "id": 4680, "alert_type": "Deforestation/Fire" }, "geometry": { "type": "Point", "coordinates": [ 125.345435022804907, -8.957371192540986 ] } },
{ "type": "Feature", "properties": { "id": 4681, "alert_type": "Deforestation/Fire" }, "geometry": { "type": "Point", "coordinates": [ 125.446405660739941, -8.957371192540986 ] } },
{ "type": "Feature", "properties": { "id": 4682, "alert_type": "Deforestation/Fire" }, "geometry": { "type": "Point", "coordinates": [ 125.374899764124024, -8.957550855597809 ] } },
{ "type": "Feature", "properties": { "id": 4683, "alert_type": "Deforestation/Fire" }, "geometry": { "type": "Point", "coordinates": [ 125.345435022804907, -8.957730518654634 ] } },
{ "type": "Feature", "properties": { "id": 4684, "alert_type": "Deforestation/Fire" }, "geometry": { "type": "Point", "coordinates": [ 125.376337068578607, -8.957730518654634 ] } },
{ "type": "Feature", "properties": { "id": 4685, "alert_type": "Deforestation/Fire" }, "geometry": { "type": "Point", "coordinates": [ 125.383343927794741, -8.958449170881929 ] } },
{ "type": "Feature", "properties": { "id": 4686, "alert_type": "Deforestation/Fire" }, "geometry": { "type": "Point", "coordinates": [ 125.376876057749087, -8.958628833938752 ] } },
{ "type": "Feature", "properties": { "id": 4687, "alert_type": "Deforestation/Fire" }, "geometry": { "type": "Point", "coordinates": [ 125.37669639469226, -8.958808496995577 ] } },
{ "type": "Feature", "properties": { "id": 4688, "alert_type": "Deforestation/Fire" }, "geometry": { "type": "Point", "coordinates": [ 125.37885235137415, -8.958808496995577 ] } },
{ "type": "Feature", "properties": { "id": 4689, "alert_type": "Deforestation/Fire" }, "geometry": { "type": "Point", "coordinates": [ 125.378672688317323, -8.959527149222872 ] } },
{ "type": "Feature", "properties": { "id": 4690, "alert_type": "Deforestation/Fire" }, "geometry": { "type": "Point", "coordinates": [ 125.426822387546125, -8.959886475336519 ] } },
{ "type": "Feature", "properties": { "id": 4691, "alert_type": "Deforestation/Fire" }, "geometry": { "type": "Point", "coordinates": [ 125.422690137239186, -8.960066138393344 ] } },
{ "type": "Feature", "properties": { "id": 4692, "alert_type": "Deforestation/Fire" }, "geometry": { "type": "Point", "coordinates": [ 125.376337068578607, -8.960245801450167 ] } },
{ "type": "Feature", "properties": { "id": 4693, "alert_type": "Deforestation/Fire" }, "geometry": { "type": "Point", "coordinates": [ 125.378672688317323, -8.960245801450167 ] } },
{ "type": "Feature", "properties": { "id": 4694, "alert_type": "Deforestation/Fire" }, "geometry": { "type": "Point", "coordinates": [ 125.368791220192008, -8.960425464506992 ] } },
{ "type": "Feature", "properties": { "id": 4695, "alert_type": "Deforestation/Fire" }, "geometry": { "type": "Point", "coordinates": [ 125.359269078180347, -8.960784790620639 ] } },
{ "type": "Feature", "properties": { "id": 4696, "alert_type": "Deforestation/Fire" }, "geometry": { "type": "Point", "coordinates": [ 125.332858608827223, -8.960964453677462 ] } },
{ "type": "Feature", "properties": { "id": 4697, "alert_type": "Deforestation/Fire" }, "geometry": { "type": "Point", "coordinates": [ 125.374720101067197, -8.960964453677462 ] } },
{ "type": "Feature", "properties": { "id": 4698, "alert_type": "Deforestation/Fire" }, "geometry": { "type": "Point", "coordinates": [ 125.375977742464968, -8.961144116734287 ] } },
{ "type": "Feature", "properties": { "id": 4699, "alert_type": "Deforestation/Fire" }, "geometry": { "type": "Point", "coordinates": [ 125.379750666658268, -8.961144116734287 ] } },
{ "type": "Feature", "properties": { "id": 4700, "alert_type": "Deforestation/Fire" }, "geometry": { "type": "Point", "coordinates": [ 125.379930329715094, -8.961144116734287 ] } },
{ "type": "Feature", "properties": { "id": 4701, "alert_type": "Deforestation/Fire" }, "geometry": { "type": "Point", "coordinates": [ 125.37885235137415, -8.961323779791112 ] } },
{ "type": "Feature", "properties": { "id": 4702, "alert_type": "Deforestation/Fire" }, "geometry": { "type": "Point", "coordinates": [ 125.379750666658268, -8.961323779791112 ] } },
{ "type": "Feature", "properties": { "id": 4703, "alert_type": "Deforestation/Fire" }, "geometry": { "type": "Point", "coordinates": [ 125.442632736546628, -8.961323779791112 ] } },
{ "type": "Feature", "properties": { "id": 4704, "alert_type": "Deforestation/Fire" }, "geometry": { "type": "Point", "coordinates": [ 125.37885235137415, -8.961503442847935 ] } },
{ "type": "Feature", "properties": { "id": 4705, "alert_type": "Deforestation/Fire" }, "geometry": { "type": "Point", "coordinates": [ 125.379930329715094, -8.961503442847935 ] } },
{ "type": "Feature", "properties": { "id": 4706, "alert_type": "Deforestation/Fire" }, "geometry": { "type": "Point", "coordinates": [ 125.37885235137415, -8.961683105904759 ] } },
{ "type": "Feature", "properties": { "id": 4707, "alert_type": "Deforestation/Fire" }, "geometry": { "type": "Point", "coordinates": [ 125.382445612510622, -8.961683105904759 ] } },
{ "type": "Feature", "properties": { "id": 4708, "alert_type": "Deforestation/Fire" }, "geometry": { "type": "Point", "coordinates": [ 125.378672688317323, -8.961862768961582 ] } },
{ "type": "Feature", "properties": { "id": 4709, "alert_type": "Deforestation/Fire" }, "geometry": { "type": "Point", "coordinates": [ 125.343638392236656, -8.962042432018407 ] } },
{ "type": "Feature", "properties": { "id": 4710, "alert_type": "Deforestation/Fire" }, "geometry": { "type": "Point", "coordinates": [ 125.378672688317323, -8.962042432018407 ] } },
{ "type": "Feature", "properties": { "id": 4711, "alert_type": "Deforestation/Fire" }, "geometry": { "type": "Point", "coordinates": [ 125.379391340544615, -8.962042432018407 ] } },
{ "type": "Feature", "properties": { "id": 4712, "alert_type": "Deforestation/Fire" }, "geometry": { "type": "Point", "coordinates": [ 125.332499282713584, -8.96222209507523 ] } },
{ "type": "Feature", "properties": { "id": 4713, "alert_type": "Deforestation/Fire" }, "geometry": { "type": "Point", "coordinates": [ 125.383343927794741, -8.96222209507523 ] } },
{ "type": "Feature", "properties": { "id": 4714, "alert_type": "Deforestation/Fire" }, "geometry": { "type": "Point", "coordinates": [ 125.383703253908394, -8.96222209507523 ] } },
{ "type": "Feature", "properties": { "id": 4715, "alert_type": "Deforestation/Fire" }, "geometry": { "type": "Point", "coordinates": [ 125.444429367114878, -8.96222209507523 ] } },
{ "type": "Feature", "properties": { "id": 4716, "alert_type": "Deforestation/Fire" }, "geometry": { "type": "Point", "coordinates": [ 125.377594709976378, -8.962401758132055 ] } },
{ "type": "Feature", "properties": { "id": 4717, "alert_type": "Deforestation/Fire" }, "geometry": { "type": "Point", "coordinates": [ 125.384601569192512, -8.962401758132055 ] } },
{ "type": "Feature", "properties": { "id": 4718, "alert_type": "Deforestation/Fire" }, "geometry": { "type": "Point", "coordinates": [ 125.413347658284337, -8.962401758132055 ] } },
{ "type": "Feature", "properties": { "id": 4719, "alert_type": "Deforestation/Fire" }, "geometry": { "type": "Point", "coordinates": [ 125.328906021577097, -8.962581421188878 ] } },
{ "type": "Feature", "properties": { "id": 4720, "alert_type": "Deforestation/Fire" }, "geometry": { "type": "Point", "coordinates": [ 125.377415046919552, -8.962581421188878 ] } },
{ "type": "Feature", "properties": { "id": 4721, "alert_type": "Deforestation/Fire" }, "geometry": { "type": "Point", "coordinates": [ 125.383703253908394, -8.962581421188878 ] } },
{ "type": "Feature", "properties": { "id": 4722, "alert_type": "Deforestation/Fire" }, "geometry": { "type": "Point", "coordinates": [ 125.342201087782072, -8.962761084245702 ] } },
{ "type": "Feature", "properties": { "id": 4723, "alert_type": "Deforestation/Fire" }, "geometry": { "type": "Point", "coordinates": [ 125.375259090237662, -8.962761084245702 ] } },
{ "type": "Feature", "properties": { "id": 4724, "alert_type": "Deforestation/Fire" }, "geometry": { "type": "Point", "coordinates": [ 125.377594709976378, -8.962761084245702 ] } },
{ "type": "Feature", "properties": { "id": 4725, "alert_type": "Deforestation/Fire" }, "geometry": { "type": "Point", "coordinates": [ 125.37831336220367, -8.962761084245702 ] } },
{ "type": "Feature", "properties": { "id": 4726, "alert_type": "Deforestation/Fire" }, "geometry": { "type": "Point", "coordinates": [ 125.343279066123017, -8.96312041035935 ] } },
{ "type": "Feature", "properties": { "id": 4727, "alert_type": "Deforestation/Fire" }, "geometry": { "type": "Point", "coordinates": [ 125.379032014430976, -8.963300073416175 ] } },
{ "type": "Feature", "properties": { "id": 4728, "alert_type": "Deforestation/Fire" }, "geometry": { "type": "Point", "coordinates": [ 125.379211677487788, -8.963300073416175 ] } },
{ "type": "Feature", "properties": { "id": 4729, "alert_type": "Deforestation/Fire" }, "geometry": { "type": "Point", "coordinates": [ 125.375259090237662, -8.963479736472998 ] } },
{ "type": "Feature", "properties": { "id": 4730, "alert_type": "Deforestation/Fire" }, "geometry": { "type": "Point", "coordinates": [ 125.379211677487788, -8.963479736472998 ] } },
{ "type": "Feature", "properties": { "id": 4731, "alert_type": "Deforestation/Fire" }, "geometry": { "type": "Point", "coordinates": [ 125.373821785783079, -8.963659399529822 ] } },
{ "type": "Feature", "properties": { "id": 4732, "alert_type": "Deforestation/Fire" }, "geometry": { "type": "Point", "coordinates": [ 125.377055720805913, -8.964198388700293 ] } },
{ "type": "Feature", "properties": { "id": 4733, "alert_type": "Deforestation/Fire" }, "geometry": { "type": "Point", "coordinates": [ 125.425205420034715, -8.964198388700293 ] } },
{ "type": "Feature", "properties": { "id": 4734, "alert_type": "Deforestation/Fire" }, "geometry": { "type": "Point", "coordinates": [ 125.343997718350309, -8.964378051757118 ] } },
{ "type": "Feature", "properties": { "id": 4735, "alert_type": "Deforestation/Fire" }, "geometry": { "type": "Point", "coordinates": [ 125.377055720805913, -8.964557714813941 ] } },
{ "type": "Feature", "properties": { "id": 4736, "alert_type": "Deforestation/Fire" }, "geometry": { "type": "Point", "coordinates": [ 125.425025756977888, -8.964557714813941 ] } },
{ "type": "Feature", "properties": { "id": 4737, "alert_type": "Deforestation/Fire" }, "geometry": { "type": "Point", "coordinates": [ 125.333756924111341, -8.964737377870765 ] } },
{ "type": "Feature", "properties": { "id": 4738, "alert_type": "Deforestation/Fire" }, "geometry": { "type": "Point", "coordinates": [ 125.384781232249338, -8.964737377870765 ] } },
{ "type": "Feature", "properties": { "id": 4739, "alert_type": "Deforestation/Fire" }, "geometry": { "type": "Point", "coordinates": [ 125.333217934940876, -8.96491704092759 ] } },
{ "type": "Feature", "properties": { "id": 4740, "alert_type": "Deforestation/Fire" }, "geometry": { "type": "Point", "coordinates": [ 125.37166582910119, -8.96491704092759 ] } },
{ "type": "Feature", "properties": { "id": 4741, "alert_type": "Deforestation/Fire" }, "geometry": { "type": "Point", "coordinates": [ 125.377594709976378, -8.965096703984413 ] } },
{ "type": "Feature", "properties": { "id": 4742, "alert_type": "Deforestation/Fire" }, "geometry": { "type": "Point", "coordinates": [ 125.371486166044363, -8.965276367041238 ] } },
{ "type": "Feature", "properties": { "id": 4743, "alert_type": "Deforestation/Fire" }, "geometry": { "type": "Point", "coordinates": [ 125.396638993999716, -8.965276367041238 ] } },
{ "type": "Feature", "properties": { "id": 4744, "alert_type": "Deforestation/Fire" }, "geometry": { "type": "Point", "coordinates": [ 125.37166582910119, -8.965456030098061 ] } },
{ "type": "Feature", "properties": { "id": 4745, "alert_type": "Deforestation/Fire" }, "geometry": { "type": "Point", "coordinates": [ 125.396638993999716, -8.965456030098061 ] } },
{ "type": "Feature", "properties": { "id": 4746, "alert_type": "Deforestation/Fire" }, "geometry": { "type": "Point", "coordinates": [ 125.340404457213836, -8.965635693154885 ] } },
{ "type": "Feature", "properties": { "id": 4747, "alert_type": "Deforestation/Fire" }, "geometry": { "type": "Point", "coordinates": [ 125.372025155214843, -8.965815356211708 ] } },
{ "type": "Feature", "properties": { "id": 4748, "alert_type": "Deforestation/Fire" }, "geometry": { "type": "Point", "coordinates": [ 125.379750666658268, -8.965815356211708 ] } },
{ "type": "Feature", "properties": { "id": 4749, "alert_type": "Deforestation/Fire" }, "geometry": { "type": "Point", "coordinates": [ 125.379750666658268, -8.965995019268533 ] } },
{ "type": "Feature", "properties": { "id": 4750, "alert_type": "Deforestation/Fire" }, "geometry": { "type": "Point", "coordinates": [ 125.371845492158016, -8.966174682325356 ] } },
{ "type": "Feature", "properties": { "id": 4751, "alert_type": "Deforestation/Fire" }, "geometry": { "type": "Point", "coordinates": [ 125.372384481328481, -8.966354345382181 ] } },
{ "type": "Feature", "properties": { "id": 4752, "alert_type": "Deforestation/Fire" }, "geometry": { "type": "Point", "coordinates": [ 125.379750666658268, -8.966354345382181 ] } },
{ "type": "Feature", "properties": { "id": 4753, "alert_type": "Deforestation/Fire" }, "geometry": { "type": "Point", "coordinates": [ 125.370947176873898, -8.966893334552653 ] } },
{ "type": "Feature", "properties": { "id": 4754, "alert_type": "Deforestation/Fire" }, "geometry": { "type": "Point", "coordinates": [ 125.377594709976378, -8.966893334552653 ] } },
{ "type": "Feature", "properties": { "id": 4755, "alert_type": "Deforestation/Fire" }, "geometry": { "type": "Point", "coordinates": [ 125.377774373033205, -8.966893334552653 ] } },
{ "type": "Feature", "properties": { "id": 4756, "alert_type": "Deforestation/Fire" }, "geometry": { "type": "Point", "coordinates": [ 125.377594709976378, -8.967072997609476 ] } },
{ "type": "Feature", "properties": { "id": 4757, "alert_type": "Deforestation/Fire" }, "geometry": { "type": "Point", "coordinates": [ 125.377954036090031, -8.967072997609476 ] } },
{ "type": "Feature", "properties": { "id": 4758, "alert_type": "Deforestation/Fire" }, "geometry": { "type": "Point", "coordinates": [ 125.351363903680095, -8.967252660666301 ] } },
{ "type": "Feature", "properties": { "id": 4759, "alert_type": "Deforestation/Fire" }, "geometry": { "type": "Point", "coordinates": [ 125.377594709976378, -8.967252660666301 ] } },
{ "type": "Feature", "properties": { "id": 4760, "alert_type": "Deforestation/Fire" }, "geometry": { "type": "Point", "coordinates": [ 125.377774373033205, -8.967252660666301 ] } },
{ "type": "Feature", "properties": { "id": 4761, "alert_type": "Deforestation/Fire" }, "geometry": { "type": "Point", "coordinates": [ 125.35405884953245, -8.967791649836771 ] } },
{ "type": "Feature", "properties": { "id": 4762, "alert_type": "Deforestation/Fire" }, "geometry": { "type": "Point", "coordinates": [ 125.376516731635434, -8.967791649836771 ] } },
{ "type": "Feature", "properties": { "id": 4763, "alert_type": "Deforestation/Fire" }, "geometry": { "type": "Point", "coordinates": [ 125.377415046919552, -8.967791649836771 ] } },
{ "type": "Feature", "properties": { "id": 4764, "alert_type": "Deforestation/Fire" }, "geometry": { "type": "Point", "coordinates": [ 125.381187971112851, -8.967791649836771 ] } },
{ "type": "Feature", "properties": { "id": 4765, "alert_type": "Deforestation/Fire" }, "geometry": { "type": "Point", "coordinates": [ 125.353879186475623, -8.967971312893596 ] } },
{ "type": "Feature", "properties": { "id": 4766, "alert_type": "Deforestation/Fire" }, "geometry": { "type": "Point", "coordinates": [ 125.377235383862725, -8.968330639007243 ] } },
{ "type": "Feature", "properties": { "id": 4767, "alert_type": "Deforestation/Fire" }, "geometry": { "type": "Point", "coordinates": [ 125.377415046919552, -8.968330639007243 ] } },
{ "type": "Feature", "properties": { "id": 4768, "alert_type": "Deforestation/Fire" }, "geometry": { "type": "Point", "coordinates": [ 125.381187971112851, -8.968510302064068 ] } },
{ "type": "Feature", "properties": { "id": 4769, "alert_type": "Deforestation/Fire" }, "geometry": { "type": "Point", "coordinates": [ 125.376516731635434, -8.968869628177716 ] } },
{ "type": "Feature", "properties": { "id": 4770, "alert_type": "Deforestation/Fire" }, "geometry": { "type": "Point", "coordinates": [ 125.375977742464968, -8.969049291234539 ] } },
{ "type": "Feature", "properties": { "id": 4771, "alert_type": "Deforestation/Fire" }, "geometry": { "type": "Point", "coordinates": [ 125.373821785783079, -8.969228954291363 ] } },
{ "type": "Feature", "properties": { "id": 4772, "alert_type": "Deforestation/Fire" }, "geometry": { "type": "Point", "coordinates": [ 125.382086286396984, -8.969588280405011 ] } },
{ "type": "Feature", "properties": { "id": 4773, "alert_type": "Deforestation/Fire" }, "geometry": { "type": "Point", "coordinates": [ 125.382984601681102, -8.969588280405011 ] } },
{ "type": "Feature", "properties": { "id": 4774, "alert_type": "Deforestation/Fire" }, "geometry": { "type": "Point", "coordinates": [ 125.372025155214843, -8.969767943461834 ] } },
{ "type": "Feature", "properties": { "id": 4775, "alert_type": "Deforestation/Fire" }, "geometry": { "type": "Point", "coordinates": [ 125.382086286396984, -8.969767943461834 ] } },
{ "type": "Feature", "properties": { "id": 4776, "alert_type": "Deforestation/Fire" }, "geometry": { "type": "Point", "coordinates": [ 125.383523590851567, -8.969767943461834 ] } },
{ "type": "Feature", "properties": { "id": 4777, "alert_type": "Deforestation/Fire" }, "geometry": { "type": "Point", "coordinates": [ 125.372564144385308, -8.969947606518659 ] } },
{ "type": "Feature", "properties": { "id": 4778, "alert_type": "Deforestation/Fire" }, "geometry": { "type": "Point", "coordinates": [ 125.383523590851567, -8.969947606518659 ] } },
{ "type": "Feature", "properties": { "id": 4779, "alert_type": "Deforestation/Fire" }, "geometry": { "type": "Point", "coordinates": [ 125.371306502987537, -8.970127269575482 ] } },
{ "type": "Feature", "properties": { "id": 4780, "alert_type": "Deforestation/Fire" }, "geometry": { "type": "Point", "coordinates": [ 125.371306502987537, -8.970306932632306 ] } },
{ "type": "Feature", "properties": { "id": 4781, "alert_type": "Deforestation/Fire" }, "geometry": { "type": "Point", "coordinates": [ 125.374181111896732, -8.970306932632306 ] } },
{ "type": "Feature", "properties": { "id": 4782, "alert_type": "Deforestation/Fire" }, "geometry": { "type": "Point", "coordinates": [ 125.386757525874401, -8.970306932632306 ] } },
{ "type": "Feature", "properties": { "id": 4783, "alert_type": "Deforestation/Fire" }, "geometry": { "type": "Point", "coordinates": [ 125.371126839930724, -8.970486595689131 ] } },
{ "type": "Feature", "properties": { "id": 4784, "alert_type": "Deforestation/Fire" }, "geometry": { "type": "Point", "coordinates": [ 125.371845492158016, -8.970486595689131 ] } },
{ "type": "Feature", "properties": { "id": 4785, "alert_type": "Deforestation/Fire" }, "geometry": { "type": "Point", "coordinates": [ 125.373462459669426, -8.970486595689131 ] } },
{ "type": "Feature", "properties": { "id": 4786, "alert_type": "Deforestation/Fire" }, "geometry": { "type": "Point", "coordinates": [ 125.382625275567449, -8.970486595689131 ] } },
{ "type": "Feature", "properties": { "id": 4787, "alert_type": "Deforestation/Fire" }, "geometry": { "type": "Point", "coordinates": [ 125.386577862817575, -8.970486595689131 ] } },
{ "type": "Feature", "properties": { "id": 4788, "alert_type": "Deforestation/Fire" }, "geometry": { "type": "Point", "coordinates": [ 125.371126839930724, -8.970666258745954 ] } },
{ "type": "Feature", "properties": { "id": 4789, "alert_type": "Deforestation/Fire" }, "geometry": { "type": "Point", "coordinates": [ 125.373642122726253, -8.970666258745954 ] } },
{ "type": "Feature", "properties": { "id": 4790, "alert_type": "Deforestation/Fire" }, "geometry": { "type": "Point", "coordinates": [ 125.383343927794741, -8.970666258745954 ] } },
{ "type": "Feature", "properties": { "id": 4791, "alert_type": "Deforestation/Fire" }, "geometry": { "type": "Point", "coordinates": [ 125.35567581704386, -8.970845921802779 ] } },
{ "type": "Feature", "properties": { "id": 4792, "alert_type": "Deforestation/Fire" }, "geometry": { "type": "Point", "coordinates": [ 125.371486166044363, -8.970845921802779 ] } },
{ "type": "Feature", "properties": { "id": 4793, "alert_type": "Deforestation/Fire" }, "geometry": { "type": "Point", "coordinates": [ 125.374540438010371, -8.970845921802779 ] } },
{ "type": "Feature", "properties": { "id": 4794, "alert_type": "Deforestation/Fire" }, "geometry": { "type": "Point", "coordinates": [ 125.381906623340157, -8.970845921802779 ] } },
{ "type": "Feature", "properties": { "id": 4795, "alert_type": "Deforestation/Fire" }, "geometry": { "type": "Point", "coordinates": [ 125.442992062660281, -8.970845921802779 ] } },
{ "type": "Feature", "properties": { "id": 4796, "alert_type": "Deforestation/Fire" }, "geometry": { "type": "Point", "coordinates": [ 125.443171725717107, -8.970845921802779 ] } },
{ "type": "Feature", "properties": { "id": 4797, "alert_type": "Deforestation/Fire" }, "geometry": { "type": "Point", "coordinates": [ 125.443351388773934, -8.970845921802779 ] } },
{ "type": "Feature", "properties": { "id": 4798, "alert_type": "Deforestation/Fire" }, "geometry": { "type": "Point", "coordinates": [ 125.355496153987033, -8.971025584859602 ] } },
{ "type": "Feature", "properties": { "id": 4799, "alert_type": "Deforestation/Fire" }, "geometry": { "type": "Point", "coordinates": [ 125.366635263510119, -8.971025584859602 ] } },
{ "type": "Feature", "properties": { "id": 4800, "alert_type": "Deforestation/Fire" }, "geometry": { "type": "Point", "coordinates": [ 125.370947176873898, -8.971025584859602 ] } },
{ "type": "Feature", "properties": { "id": 4801, "alert_type": "Deforestation/Fire" }, "geometry": { "type": "Point", "coordinates": [ 125.371126839930724, -8.971025584859602 ] } },
{ "type": "Feature", "properties": { "id": 4802, "alert_type": "Deforestation/Fire" }, "geometry": { "type": "Point", "coordinates": [ 125.371306502987537, -8.971025584859602 ] } },
{ "type": "Feature", "properties": { "id": 4803, "alert_type": "Deforestation/Fire" }, "geometry": { "type": "Point", "coordinates": [ 125.374540438010371, -8.971025584859602 ] } },
{ "type": "Feature", "properties": { "id": 4804, "alert_type": "Deforestation/Fire" }, "geometry": { "type": "Point", "coordinates": [ 125.382625275567449, -8.971025584859602 ] } },
{ "type": "Feature", "properties": { "id": 4805, "alert_type": "Deforestation/Fire" }, "geometry": { "type": "Point", "coordinates": [ 125.386937188931228, -8.971025584859602 ] } },
{ "type": "Feature", "properties": { "id": 4806, "alert_type": "Deforestation/Fire" }, "geometry": { "type": "Point", "coordinates": [ 125.387296515044866, -8.971025584859602 ] } },
{ "type": "Feature", "properties": { "id": 4807, "alert_type": "Deforestation/Fire" }, "geometry": { "type": "Point", "coordinates": [ 125.387476178101693, -8.971025584859602 ] } },
{ "type": "Feature", "properties": { "id": 4808, "alert_type": "Deforestation/Fire" }, "geometry": { "type": "Point", "coordinates": [ 125.371486166044363, -8.971205247916426 ] } },
{ "type": "Feature", "properties": { "id": 4809, "alert_type": "Deforestation/Fire" }, "geometry": { "type": "Point", "coordinates": [ 125.374720101067197, -8.971205247916426 ] } },
{ "type": "Feature", "properties": { "id": 4810, "alert_type": "Deforestation/Fire" }, "geometry": { "type": "Point", "coordinates": [ 125.371486166044363, -8.971384910973249 ] } },
{ "type": "Feature", "properties": { "id": 4811, "alert_type": "Deforestation/Fire" }, "geometry": { "type": "Point", "coordinates": [ 125.385140558362977, -8.971384910973249 ] } },
{ "type": "Feature", "properties": { "id": 4812, "alert_type": "Deforestation/Fire" }, "geometry": { "type": "Point", "coordinates": [ 125.386937188931228, -8.971384910973249 ] } },
{ "type": "Feature", "properties": { "id": 4813, "alert_type": "Deforestation/Fire" }, "geometry": { "type": "Point", "coordinates": [ 125.345974011975372, -8.971564574030074 ] } },
{ "type": "Feature", "properties": { "id": 4814, "alert_type": "Deforestation/Fire" }, "geometry": { "type": "Point", "coordinates": [ 125.371126839930724, -8.971564574030074 ] } },
{ "type": "Feature", "properties": { "id": 4815, "alert_type": "Deforestation/Fire" }, "geometry": { "type": "Point", "coordinates": [ 125.386937188931228, -8.971564574030074 ] } },
{ "type": "Feature", "properties": { "id": 4816, "alert_type": "Deforestation/Fire" }, "geometry": { "type": "Point", "coordinates": [ 125.369869198532953, -8.971744237086897 ] } },
{ "type": "Feature", "properties": { "id": 4817, "alert_type": "Deforestation/Fire" }, "geometry": { "type": "Point", "coordinates": [ 125.37004886158978, -8.971744237086897 ] } },
{ "type": "Feature", "properties": { "id": 4818, "alert_type": "Deforestation/Fire" }, "geometry": { "type": "Point", "coordinates": [ 125.386937188931228, -8.971744237086897 ] } },
{ "type": "Feature", "properties": { "id": 4819, "alert_type": "Deforestation/Fire" }, "geometry": { "type": "Point", "coordinates": [ 125.38711685198804, -8.971744237086897 ] } },
{ "type": "Feature", "properties": { "id": 4820, "alert_type": "Deforestation/Fire" }, "geometry": { "type": "Point", "coordinates": [ 125.374001448839905, -8.971923900143722 ] } },
{ "type": "Feature", "properties": { "id": 4821, "alert_type": "Deforestation/Fire" }, "geometry": { "type": "Point", "coordinates": [ 125.387835504215346, -8.971923900143722 ] } },
{ "type": "Feature", "properties": { "id": 4822, "alert_type": "Deforestation/Fire" }, "geometry": { "type": "Point", "coordinates": [ 125.388194830328985, -8.971923900143722 ] } },
{ "type": "Feature", "properties": { "id": 4823, "alert_type": "Deforestation/Fire" }, "geometry": { "type": "Point", "coordinates": [ 125.389452471726756, -8.971923900143722 ] } },
{ "type": "Feature", "properties": { "id": 4824, "alert_type": "Deforestation/Fire" }, "geometry": { "type": "Point", "coordinates": [ 125.389632134783582, -8.971923900143722 ] } },
{ "type": "Feature", "properties": { "id": 4825, "alert_type": "Deforestation/Fire" }, "geometry": { "type": "Point", "coordinates": [ 125.374899764124024, -8.972103563200545 ] } },
{ "type": "Feature", "properties": { "id": 4826, "alert_type": "Deforestation/Fire" }, "geometry": { "type": "Point", "coordinates": [ 125.385679547533456, -8.972103563200545 ] } },
{ "type": "Feature", "properties": { "id": 4827, "alert_type": "Deforestation/Fire" }, "geometry": { "type": "Point", "coordinates": [ 125.388015167272172, -8.972103563200545 ] } },
{ "type": "Feature", "properties": { "id": 4828, "alert_type": "Deforestation/Fire" }, "geometry": { "type": "Point", "coordinates": [ 125.388374493385811, -8.972103563200545 ] } },
{ "type": "Feature", "properties": { "id": 4829, "alert_type": "Deforestation/Fire" }, "geometry": { "type": "Point", "coordinates": [ 125.389093145613103, -8.972103563200545 ] } },
{ "type": "Feature", "properties": { "id": 4830, "alert_type": "Deforestation/Fire" }, "geometry": { "type": "Point", "coordinates": [ 125.389452471726756, -8.972103563200545 ] } },
{ "type": "Feature", "properties": { "id": 4831, "alert_type": "Deforestation/Fire" }, "geometry": { "type": "Point", "coordinates": [ 125.389811797840409, -8.972103563200545 ] } },
{ "type": "Feature", "properties": { "id": 4832, "alert_type": "Deforestation/Fire" }, "geometry": { "type": "Point", "coordinates": [ 125.38549988447663, -8.972283226257369 ] } },
{ "type": "Feature", "properties": { "id": 4833, "alert_type": "Deforestation/Fire" }, "geometry": { "type": "Point", "coordinates": [ 125.385679547533456, -8.972283226257369 ] } },
{ "type": "Feature", "properties": { "id": 4834, "alert_type": "Deforestation/Fire" }, "geometry": { "type": "Point", "coordinates": [ 125.386577862817575, -8.972283226257369 ] } },
{ "type": "Feature", "properties": { "id": 4835, "alert_type": "Deforestation/Fire" }, "geometry": { "type": "Point", "coordinates": [ 125.387835504215346, -8.972283226257369 ] } },
{ "type": "Feature", "properties": { "id": 4836, "alert_type": "Deforestation/Fire" }, "geometry": { "type": "Point", "coordinates": [ 125.388015167272172, -8.972283226257369 ] } },
{ "type": "Feature", "properties": { "id": 4837, "alert_type": "Deforestation/Fire" }, "geometry": { "type": "Point", "coordinates": [ 125.389452471726756, -8.972283226257369 ] } },
{ "type": "Feature", "properties": { "id": 4838, "alert_type": "Deforestation/Fire" }, "geometry": { "type": "Point", "coordinates": [ 125.359448741237159, -8.972462889314194 ] } },
{ "type": "Feature", "properties": { "id": 4839, "alert_type": "Deforestation/Fire" }, "geometry": { "type": "Point", "coordinates": [ 125.386218536703922, -8.972462889314194 ] } },
{ "type": "Feature", "properties": { "id": 4840, "alert_type": "Deforestation/Fire" }, "geometry": { "type": "Point", "coordinates": [ 125.386398199760748, -8.972462889314194 ] } },
{ "type": "Feature", "properties": { "id": 4841, "alert_type": "Deforestation/Fire" }, "geometry": { "type": "Point", "coordinates": [ 125.386937188931228, -8.972462889314194 ] } },
{ "type": "Feature", "properties": { "id": 4842, "alert_type": "Deforestation/Fire" }, "geometry": { "type": "Point", "coordinates": [ 125.374181111896732, -8.972642552371017 ] } },
{ "type": "Feature", "properties": { "id": 4843, "alert_type": "Deforestation/Fire" }, "geometry": { "type": "Point", "coordinates": [ 125.386218536703922, -8.972642552371017 ] } },
{ "type": "Feature", "properties": { "id": 4844, "alert_type": "Deforestation/Fire" }, "geometry": { "type": "Point", "coordinates": [ 125.386398199760748, -8.972642552371017 ] } },
{ "type": "Feature", "properties": { "id": 4845, "alert_type": "Deforestation/Fire" }, "geometry": { "type": "Point", "coordinates": [ 125.387835504215346, -8.972642552371017 ] } },
{ "type": "Feature", "properties": { "id": 4846, "alert_type": "Deforestation/Fire" }, "geometry": { "type": "Point", "coordinates": [ 125.388374493385811, -8.972642552371017 ] } },
{ "type": "Feature", "properties": { "id": 4847, "alert_type": "Deforestation/Fire" }, "geometry": { "type": "Point", "coordinates": [ 125.388913482556291, -8.972642552371017 ] } },
{ "type": "Feature", "properties": { "id": 4848, "alert_type": "Deforestation/Fire" }, "geometry": { "type": "Point", "coordinates": [ 125.378133699146858, -8.972822215427842 ] } },
{ "type": "Feature", "properties": { "id": 4849, "alert_type": "Deforestation/Fire" }, "geometry": { "type": "Point", "coordinates": [ 125.386218536703922, -8.972822215427842 ] } },
{ "type": "Feature", "properties": { "id": 4850, "alert_type": "Deforestation/Fire" }, "geometry": { "type": "Point", "coordinates": [ 125.387835504215346, -8.972822215427842 ] } },
{ "type": "Feature", "properties": { "id": 4851, "alert_type": "Deforestation/Fire" }, "geometry": { "type": "Point", "coordinates": [ 125.389093145613103, -8.972822215427842 ] } },
{ "type": "Feature", "properties": { "id": 4852, "alert_type": "Deforestation/Fire" }, "geometry": { "type": "Point", "coordinates": [ 125.389811797840409, -8.972822215427842 ] } },
{ "type": "Feature", "properties": { "id": 4853, "alert_type": "Deforestation/Fire" }, "geometry": { "type": "Point", "coordinates": [ 125.357113121498458, -8.973001878484665 ] } },
{ "type": "Feature", "properties": { "id": 4854, "alert_type": "Deforestation/Fire" }, "geometry": { "type": "Point", "coordinates": [ 125.359628404293986, -8.973001878484665 ] } },
{ "type": "Feature", "properties": { "id": 4855, "alert_type": "Deforestation/Fire" }, "geometry": { "type": "Point", "coordinates": [ 125.388554156442638, -8.973001878484665 ] } },
{ "type": "Feature", "properties": { "id": 4856, "alert_type": "Deforestation/Fire" }, "geometry": { "type": "Point", "coordinates": [ 125.389632134783582, -8.973001878484665 ] } },
{ "type": "Feature", "properties": { "id": 4857, "alert_type": "Deforestation/Fire" }, "geometry": { "type": "Point", "coordinates": [ 125.414964625795747, -8.973001878484665 ] } },
{ "type": "Feature", "properties": { "id": 4858, "alert_type": "Deforestation/Fire" }, "geometry": { "type": "Point", "coordinates": [ 125.386218536703922, -8.973181541541489 ] } },
{ "type": "Feature", "properties": { "id": 4859, "alert_type": "Deforestation/Fire" }, "geometry": { "type": "Point", "coordinates": [ 125.389272808669929, -8.973181541541489 ] } },
{ "type": "Feature", "properties": { "id": 4860, "alert_type": "Deforestation/Fire" }, "geometry": { "type": "Point", "coordinates": [ 125.389452471726756, -8.973181541541489 ] } },
{ "type": "Feature", "properties": { "id": 4861, "alert_type": "Deforestation/Fire" }, "geometry": { "type": "Point", "coordinates": [ 125.358370762896229, -8.973361204598312 ] } },
{ "type": "Feature", "properties": { "id": 4862, "alert_type": "Deforestation/Fire" }, "geometry": { "type": "Point", "coordinates": [ 125.361784360975875, -8.973361204598312 ] } },
{ "type": "Feature", "properties": { "id": 4863, "alert_type": "Deforestation/Fire" }, "geometry": { "type": "Point", "coordinates": [ 125.385679547533456, -8.973361204598312 ] } },
{ "type": "Feature", "properties": { "id": 4864, "alert_type": "Deforestation/Fire" }, "geometry": { "type": "Point", "coordinates": [ 125.387476178101693, -8.973361204598312 ] } },
{ "type": "Feature", "properties": { "id": 4865, "alert_type": "Deforestation/Fire" }, "geometry": { "type": "Point", "coordinates": [ 125.388733819499464, -8.973361204598312 ] } },
{ "type": "Feature", "properties": { "id": 4866, "alert_type": "Deforestation/Fire" }, "geometry": { "type": "Point", "coordinates": [ 125.389093145613103, -8.973361204598312 ] } },
{ "type": "Feature", "properties": { "id": 4867, "alert_type": "Deforestation/Fire" }, "geometry": { "type": "Point", "coordinates": [ 125.389452471726756, -8.973361204598312 ] } },
{ "type": "Feature", "properties": { "id": 4868, "alert_type": "Deforestation/Fire" }, "geometry": { "type": "Point", "coordinates": [ 125.361425034862222, -8.973540867655137 ] } },
{ "type": "Feature", "properties": { "id": 4869, "alert_type": "Deforestation/Fire" }, "geometry": { "type": "Point", "coordinates": [ 125.373103133555787, -8.973540867655137 ] } },
{ "type": "Feature", "properties": { "id": 4870, "alert_type": "Deforestation/Fire" }, "geometry": { "type": "Point", "coordinates": [ 125.374001448839905, -8.973540867655137 ] } },
{ "type": "Feature", "properties": { "id": 4871, "alert_type": "Deforestation/Fire" }, "geometry": { "type": "Point", "coordinates": [ 125.374360774953544, -8.973540867655137 ] } },
{ "type": "Feature", "properties": { "id": 4872, "alert_type": "Deforestation/Fire" }, "geometry": { "type": "Point", "coordinates": [ 125.385140558362977, -8.973540867655137 ] } },
{ "type": "Feature", "properties": { "id": 4873, "alert_type": "Deforestation/Fire" }, "geometry": { "type": "Point", "coordinates": [ 125.386038873647109, -8.973540867655137 ] } },
{ "type": "Feature", "properties": { "id": 4874, "alert_type": "Deforestation/Fire" }, "geometry": { "type": "Point", "coordinates": [ 125.38711685198804, -8.973540867655137 ] } },
{ "type": "Feature", "properties": { "id": 4875, "alert_type": "Deforestation/Fire" }, "geometry": { "type": "Point", "coordinates": [ 125.388194830328985, -8.973540867655137 ] } },
{ "type": "Feature", "properties": { "id": 4876, "alert_type": "Deforestation/Fire" }, "geometry": { "type": "Point", "coordinates": [ 125.360167393464465, -8.97372053071196 ] } },
{ "type": "Feature", "properties": { "id": 4877, "alert_type": "Deforestation/Fire" }, "geometry": { "type": "Point", "coordinates": [ 125.372564144385308, -8.97372053071196 ] } },
{ "type": "Feature", "properties": { "id": 4878, "alert_type": "Deforestation/Fire" }, "geometry": { "type": "Point", "coordinates": [ 125.384960895306165, -8.97372053071196 ] } },
{ "type": "Feature", "properties": { "id": 4879, "alert_type": "Deforestation/Fire" }, "geometry": { "type": "Point", "coordinates": [ 125.385140558362977, -8.97372053071196 ] } },
{ "type": "Feature", "properties": { "id": 4880, "alert_type": "Deforestation/Fire" }, "geometry": { "type": "Point", "coordinates": [ 125.388374493385811, -8.97372053071196 ] } },
{ "type": "Feature", "properties": { "id": 4881, "alert_type": "Deforestation/Fire" }, "geometry": { "type": "Point", "coordinates": [ 125.383523590851567, -8.973900193768785 ] } },
{ "type": "Feature", "properties": { "id": 4882, "alert_type": "Deforestation/Fire" }, "geometry": { "type": "Point", "coordinates": [ 125.386577862817575, -8.973900193768785 ] } },
{ "type": "Feature", "properties": { "id": 4883, "alert_type": "Deforestation/Fire" }, "geometry": { "type": "Point", "coordinates": [ 125.372384481328481, -8.974079856825607 ] } },
{ "type": "Feature", "properties": { "id": 4884, "alert_type": "Deforestation/Fire" }, "geometry": { "type": "Point", "coordinates": [ 125.38549988447663, -8.974079856825607 ] } },
{ "type": "Feature", "properties": { "id": 4885, "alert_type": "Deforestation/Fire" }, "geometry": { "type": "Point", "coordinates": [ 125.387835504215346, -8.974079856825607 ] } },
{ "type": "Feature", "properties": { "id": 4886, "alert_type": "Deforestation/Fire" }, "geometry": { "type": "Point", "coordinates": [ 125.351723229793734, -8.974259519882432 ] } },
{ "type": "Feature", "properties": { "id": 4887, "alert_type": "Deforestation/Fire" }, "geometry": { "type": "Point", "coordinates": [ 125.366814926566946, -8.974259519882432 ] } },
{ "type": "Feature", "properties": { "id": 4888, "alert_type": "Deforestation/Fire" }, "geometry": { "type": "Point", "coordinates": [ 125.366994589623772, -8.974259519882432 ] } },
{ "type": "Feature", "properties": { "id": 4889, "alert_type": "Deforestation/Fire" }, "geometry": { "type": "Point", "coordinates": [ 125.375618416351315, -8.974259519882432 ] } },
{ "type": "Feature", "properties": { "id": 4890, "alert_type": "Deforestation/Fire" }, "geometry": { "type": "Point", "coordinates": [ 125.385140558362977, -8.974259519882432 ] } },
{ "type": "Feature", "properties": { "id": 4891, "alert_type": "Deforestation/Fire" }, "geometry": { "type": "Point", "coordinates": [ 125.385320221419803, -8.974259519882432 ] } },
{ "type": "Feature", "properties": { "id": 4892, "alert_type": "Deforestation/Fire" }, "geometry": { "type": "Point", "coordinates": [ 125.388374493385811, -8.974259519882432 ] } },
{ "type": "Feature", "properties": { "id": 4893, "alert_type": "Deforestation/Fire" }, "geometry": { "type": "Point", "coordinates": [ 125.351363903680095, -8.974439182939257 ] } },
{ "type": "Feature", "properties": { "id": 4894, "alert_type": "Deforestation/Fire" }, "geometry": { "type": "Point", "coordinates": [ 125.367174252680599, -8.974439182939257 ] } },
{ "type": "Feature", "properties": { "id": 4895, "alert_type": "Deforestation/Fire" }, "geometry": { "type": "Point", "coordinates": [ 125.371306502987537, -8.974439182939257 ] } },
{ "type": "Feature", "properties": { "id": 4896, "alert_type": "Deforestation/Fire" }, "geometry": { "type": "Point", "coordinates": [ 125.384960895306165, -8.974439182939257 ] } },
{ "type": "Feature", "properties": { "id": 4897, "alert_type": "Deforestation/Fire" }, "geometry": { "type": "Point", "coordinates": [ 125.386757525874401, -8.974439182939257 ] } },
{ "type": "Feature", "properties": { "id": 4898, "alert_type": "Deforestation/Fire" }, "geometry": { "type": "Point", "coordinates": [ 125.367353915737411, -8.97461884599608 ] } },
{ "type": "Feature", "properties": { "id": 4899, "alert_type": "Deforestation/Fire" }, "geometry": { "type": "Point", "coordinates": [ 125.352441882021026, -8.974798509052905 ] } },
{ "type": "Feature", "properties": { "id": 4900, "alert_type": "Deforestation/Fire" }, "geometry": { "type": "Point", "coordinates": [ 125.375438753294489, -8.974798509052905 ] } },
{ "type": "Feature", "properties": { "id": 4901, "alert_type": "Deforestation/Fire" }, "geometry": { "type": "Point", "coordinates": [ 125.376516731635434, -8.974798509052905 ] } },
{ "type": "Feature", "properties": { "id": 4902, "alert_type": "Deforestation/Fire" }, "geometry": { "type": "Point", "coordinates": [ 125.388194830328985, -8.974798509052905 ] } },
{ "type": "Feature", "properties": { "id": 4903, "alert_type": "Deforestation/Fire" }, "geometry": { "type": "Point", "coordinates": [ 125.393045732863229, -8.974798509052905 ] } },
{ "type": "Feature", "properties": { "id": 4904, "alert_type": "Deforestation/Fire" }, "geometry": { "type": "Point", "coordinates": [ 125.366814926566946, -8.974978172109727 ] } },
{ "type": "Feature", "properties": { "id": 4905, "alert_type": "Deforestation/Fire" }, "geometry": { "type": "Point", "coordinates": [ 125.366994589623772, -8.974978172109727 ] } },
{ "type": "Feature", "properties": { "id": 4906, "alert_type": "Deforestation/Fire" }, "geometry": { "type": "Point", "coordinates": [ 125.388194830328985, -8.974978172109727 ] } },
{ "type": "Feature", "properties": { "id": 4907, "alert_type": "Deforestation/Fire" }, "geometry": { "type": "Point", "coordinates": [ 125.397537309283834, -8.974978172109727 ] } },
{ "type": "Feature", "properties": { "id": 4908, "alert_type": "Deforestation/Fire" }, "geometry": { "type": "Point", "coordinates": [ 125.350645251452789, -8.975157835166552 ] } },
{ "type": "Feature", "properties": { "id": 4909, "alert_type": "Deforestation/Fire" }, "geometry": { "type": "Point", "coordinates": [ 125.367174252680599, -8.975157835166552 ] } },
{ "type": "Feature", "properties": { "id": 4910, "alert_type": "Deforestation/Fire" }, "geometry": { "type": "Point", "coordinates": [ 125.353340197305158, -8.975337498223375 ] } },
{ "type": "Feature", "properties": { "id": 4911, "alert_type": "Deforestation/Fire" }, "geometry": { "type": "Point", "coordinates": [ 125.37669639469226, -8.975337498223375 ] } },
{ "type": "Feature", "properties": { "id": 4912, "alert_type": "Deforestation/Fire" }, "geometry": { "type": "Point", "coordinates": [ 125.341482435554781, -8.9755171612802 ] } },
{ "type": "Feature", "properties": { "id": 4913, "alert_type": "Deforestation/Fire" }, "geometry": { "type": "Point", "coordinates": [ 125.357831773725749, -8.9755171612802 ] } },
{ "type": "Feature", "properties": { "id": 4914, "alert_type": "Deforestation/Fire" }, "geometry": { "type": "Point", "coordinates": [ 125.341482435554781, -8.975696824337023 ] } },
{ "type": "Feature", "properties": { "id": 4915, "alert_type": "Deforestation/Fire" }, "geometry": { "type": "Point", "coordinates": [ 125.367713241851064, -8.975696824337023 ] } },
{ "type": "Feature", "properties": { "id": 4916, "alert_type": "Deforestation/Fire" }, "geometry": { "type": "Point", "coordinates": [ 125.36124537180541, -8.975876487393847 ] } },
{ "type": "Feature", "properties": { "id": 4917, "alert_type": "Deforestation/Fire" }, "geometry": { "type": "Point", "coordinates": [ 125.370587850760245, -8.975876487393847 ] } },
{ "type": "Feature", "properties": { "id": 4918, "alert_type": "Deforestation/Fire" }, "geometry": { "type": "Point", "coordinates": [ 125.345075696691254, -8.97605615045067 ] } },
{ "type": "Feature", "properties": { "id": 4919, "alert_type": "Deforestation/Fire" }, "geometry": { "type": "Point", "coordinates": [ 125.358011436782576, -8.97605615045067 ] } },
{ "type": "Feature", "properties": { "id": 4920, "alert_type": "Deforestation/Fire" }, "geometry": { "type": "Point", "coordinates": [ 125.358370762896229, -8.97605615045067 ] } },
{ "type": "Feature", "properties": { "id": 4921, "alert_type": "Deforestation/Fire" }, "geometry": { "type": "Point", "coordinates": [ 125.367353915737411, -8.97605615045067 ] } },
{ "type": "Feature", "properties": { "id": 4922, "alert_type": "Deforestation/Fire" }, "geometry": { "type": "Point", "coordinates": [ 125.370767513817071, -8.97605615045067 ] } },
{ "type": "Feature", "properties": { "id": 4923, "alert_type": "Deforestation/Fire" }, "geometry": { "type": "Point", "coordinates": [ 125.388374493385811, -8.97605615045067 ] } },
{ "type": "Feature", "properties": { "id": 4924, "alert_type": "Deforestation/Fire" }, "geometry": { "type": "Point", "coordinates": [ 125.358191099839402, -8.976235813507495 ] } },
{ "type": "Feature", "properties": { "id": 4925, "alert_type": "Deforestation/Fire" }, "geometry": { "type": "Point", "coordinates": [ 125.364838632941883, -8.976235813507495 ] } },
{ "type": "Feature", "properties": { "id": 4926, "alert_type": "Deforestation/Fire" }, "geometry": { "type": "Point", "coordinates": [ 125.370947176873898, -8.976235813507495 ] } },
{ "type": "Feature", "properties": { "id": 4927, "alert_type": "Deforestation/Fire" }, "geometry": { "type": "Point", "coordinates": [ 125.37669639469226, -8.976235813507495 ] } },
{ "type": "Feature", "properties": { "id": 4928, "alert_type": "Deforestation/Fire" }, "geometry": { "type": "Point", "coordinates": [ 125.387476178101693, -8.976235813507495 ] } },
{ "type": "Feature", "properties": { "id": 4929, "alert_type": "Deforestation/Fire" }, "geometry": { "type": "Point", "coordinates": [ 125.367174252680599, -8.97641547656432 ] } },
{ "type": "Feature", "properties": { "id": 4930, "alert_type": "Deforestation/Fire" }, "geometry": { "type": "Point", "coordinates": [ 125.384062580022047, -8.97641547656432 ] } },
{ "type": "Feature", "properties": { "id": 4931, "alert_type": "Deforestation/Fire" }, "geometry": { "type": "Point", "coordinates": [ 125.365377622112348, -8.976595139621143 ] } },
{ "type": "Feature", "properties": { "id": 4932, "alert_type": "Deforestation/Fire" }, "geometry": { "type": "Point", "coordinates": [ 125.371126839930724, -8.976595139621143 ] } },
{ "type": "Feature", "properties": { "id": 4933, "alert_type": "Deforestation/Fire" }, "geometry": { "type": "Point", "coordinates": [ 125.381726960283331, -8.976595139621143 ] } },
{ "type": "Feature", "properties": { "id": 4934, "alert_type": "Deforestation/Fire" }, "geometry": { "type": "Point", "coordinates": [ 125.381906623340157, -8.976595139621143 ] } },
{ "type": "Feature", "properties": { "id": 4935, "alert_type": "Deforestation/Fire" }, "geometry": { "type": "Point", "coordinates": [ 125.371306502987537, -8.976774802677967 ] } },
{ "type": "Feature", "properties": { "id": 4936, "alert_type": "Deforestation/Fire" }, "geometry": { "type": "Point", "coordinates": [ 125.381367634169678, -8.976774802677967 ] } },
{ "type": "Feature", "properties": { "id": 4937, "alert_type": "Deforestation/Fire" }, "geometry": { "type": "Point", "coordinates": [ 125.381906623340157, -8.976774802677967 ] } },
{ "type": "Feature", "properties": { "id": 4938, "alert_type": "Deforestation/Fire" }, "geometry": { "type": "Point", "coordinates": [ 125.388554156442638, -8.976774802677967 ] } },
{ "type": "Feature", "properties": { "id": 4939, "alert_type": "Deforestation/Fire" }, "geometry": { "type": "Point", "coordinates": [ 125.365197959055536, -8.97695446573479 ] } },
{ "type": "Feature", "properties": { "id": 4940, "alert_type": "Deforestation/Fire" }, "geometry": { "type": "Point", "coordinates": [ 125.381187971112851, -8.977134128791615 ] } },
{ "type": "Feature", "properties": { "id": 4941, "alert_type": "Deforestation/Fire" }, "geometry": { "type": "Point", "coordinates": [ 125.381367634169678, -8.977134128791615 ] } },
{ "type": "Feature", "properties": { "id": 4942, "alert_type": "Deforestation/Fire" }, "geometry": { "type": "Point", "coordinates": [ 125.368611557135182, -8.977313791848438 ] } },
{ "type": "Feature", "properties": { "id": 4943, "alert_type": "Deforestation/Fire" }, "geometry": { "type": "Point", "coordinates": [ 125.376337068578607, -8.977673117962086 ] } },
{ "type": "Feature", "properties": { "id": 4944, "alert_type": "Deforestation/Fire" }, "geometry": { "type": "Point", "coordinates": [ 125.399693265965723, -8.97785278101891 ] } },
{ "type": "Feature", "properties": { "id": 4945, "alert_type": "Deforestation/Fire" }, "geometry": { "type": "Point", "coordinates": [ 125.387476178101693, -8.978032444075733 ] } },
{ "type": "Feature", "properties": { "id": 4946, "alert_type": "Deforestation/Fire" }, "geometry": { "type": "Point", "coordinates": [ 125.358730089009867, -8.978212107132558 ] } },
{ "type": "Feature", "properties": { "id": 4947, "alert_type": "Deforestation/Fire" }, "geometry": { "type": "Point", "coordinates": [ 125.372923470498961, -8.978212107132558 ] } },
{ "type": "Feature", "properties": { "id": 4948, "alert_type": "Deforestation/Fire" }, "geometry": { "type": "Point", "coordinates": [ 125.388554156442638, -8.978212107132558 ] } },
{ "type": "Feature", "properties": { "id": 4949, "alert_type": "Deforestation/Fire" }, "geometry": { "type": "Point", "coordinates": [ 125.397177983170181, -8.978571433246206 ] } },
{ "type": "Feature", "properties": { "id": 4950, "alert_type": "Deforestation/Fire" }, "geometry": { "type": "Point", "coordinates": [ 125.362503013203167, -8.97875109630303 ] } },
{ "type": "Feature", "properties": { "id": 4951, "alert_type": "Deforestation/Fire" }, "geometry": { "type": "Point", "coordinates": [ 125.381008308056039, -8.978930759359853 ] } },
{ "type": "Feature", "properties": { "id": 4952, "alert_type": "Deforestation/Fire" }, "geometry": { "type": "Point", "coordinates": [ 125.381187971112851, -8.978930759359853 ] } },
{ "type": "Feature", "properties": { "id": 4953, "alert_type": "Deforestation/Fire" }, "geometry": { "type": "Point", "coordinates": [ 125.369689535476127, -8.979290085473501 ] } },
{ "type": "Feature", "properties": { "id": 4954, "alert_type": "Deforestation/Fire" }, "geometry": { "type": "Point", "coordinates": [ 125.379930329715094, -8.979290085473501 ] } },
{ "type": "Feature", "properties": { "id": 4955, "alert_type": "Deforestation/Fire" }, "geometry": { "type": "Point", "coordinates": [ 125.367713241851064, -8.979469748530326 ] } },
{ "type": "Feature", "properties": { "id": 4956, "alert_type": "Deforestation/Fire" }, "geometry": { "type": "Point", "coordinates": [ 125.37004886158978, -8.979469748530326 ] } },
{ "type": "Feature", "properties": { "id": 4957, "alert_type": "Deforestation/Fire" }, "geometry": { "type": "Point", "coordinates": [ 125.382265949453796, -8.979469748530326 ] } },
{ "type": "Feature", "properties": { "id": 4958, "alert_type": "Deforestation/Fire" }, "geometry": { "type": "Point", "coordinates": [ 125.381726960283331, -8.979649411587149 ] } },
{ "type": "Feature", "properties": { "id": 4959, "alert_type": "Deforestation/Fire" }, "geometry": { "type": "Point", "coordinates": [ 125.359448741237159, -8.979829074643973 ] } },
{ "type": "Feature", "properties": { "id": 4960, "alert_type": "Deforestation/Fire" }, "geometry": { "type": "Point", "coordinates": [ 125.359808067350812, -8.979829074643973 ] } },
{ "type": "Feature", "properties": { "id": 4961, "alert_type": "Deforestation/Fire" }, "geometry": { "type": "Point", "coordinates": [ 125.360886045691757, -8.980008737700798 ] } },
{ "type": "Feature", "properties": { "id": 4962, "alert_type": "Deforestation/Fire" }, "geometry": { "type": "Point", "coordinates": [ 125.376516731635434, -8.980368063814446 ] } },
{ "type": "Feature", "properties": { "id": 4963, "alert_type": "Deforestation/Fire" }, "geometry": { "type": "Point", "coordinates": [ 125.388374493385811, -8.980368063814446 ] } },
{ "type": "Feature", "properties": { "id": 4964, "alert_type": "Deforestation/Fire" }, "geometry": { "type": "Point", "coordinates": [ 125.386398199760748, -8.980727389928093 ] } },
{ "type": "Feature", "properties": { "id": 4965, "alert_type": "Deforestation/Fire" }, "geometry": { "type": "Point", "coordinates": [ 125.386757525874401, -8.980727389928093 ] } },
{ "type": "Feature", "properties": { "id": 4966, "alert_type": "Deforestation/Fire" }, "geometry": { "type": "Point", "coordinates": [ 125.389452471726756, -8.980727389928093 ] } },
{ "type": "Feature", "properties": { "id": 4967, "alert_type": "Deforestation/Fire" }, "geometry": { "type": "Point", "coordinates": [ 125.370408187703418, -8.980907052984916 ] } },
{ "type": "Feature", "properties": { "id": 4968, "alert_type": "Deforestation/Fire" }, "geometry": { "type": "Point", "coordinates": [ 125.386937188931228, -8.980907052984916 ] } },
{ "type": "Feature", "properties": { "id": 4969, "alert_type": "Deforestation/Fire" }, "geometry": { "type": "Point", "coordinates": [ 125.387476178101693, -8.981086716041741 ] } },
{ "type": "Feature", "properties": { "id": 4970, "alert_type": "Deforestation/Fire" }, "geometry": { "type": "Point", "coordinates": [ 125.389272808669929, -8.981086716041741 ] } },
{ "type": "Feature", "properties": { "id": 4971, "alert_type": "Deforestation/Fire" }, "geometry": { "type": "Point", "coordinates": [ 125.357292784555284, -8.981266379098564 ] } },
{ "type": "Feature", "properties": { "id": 4972, "alert_type": "Deforestation/Fire" }, "geometry": { "type": "Point", "coordinates": [ 125.359808067350812, -8.981266379098564 ] } },
{ "type": "Feature", "properties": { "id": 4973, "alert_type": "Deforestation/Fire" }, "geometry": { "type": "Point", "coordinates": [ 125.389632134783582, -8.981266379098564 ] } },
{ "type": "Feature", "properties": { "id": 4974, "alert_type": "Deforestation/Fire" }, "geometry": { "type": "Point", "coordinates": [ 125.358730089009867, -8.981805368269036 ] } },
{ "type": "Feature", "properties": { "id": 4975, "alert_type": "Deforestation/Fire" }, "geometry": { "type": "Point", "coordinates": [ 125.358011436782576, -8.982164694382684 ] } },
{ "type": "Feature", "properties": { "id": 4976, "alert_type": "Deforestation/Fire" }, "geometry": { "type": "Point", "coordinates": [ 125.389991460897235, -8.982883346609979 ] } },
{ "type": "Feature", "properties": { "id": 4977, "alert_type": "Deforestation/Fire" }, "geometry": { "type": "Point", "coordinates": [ 125.393764385090535, -8.982883346609979 ] } },
{ "type": "Feature", "properties": { "id": 4978, "alert_type": "Deforestation/Fire" }, "geometry": { "type": "Point", "coordinates": [ 125.386398199760748, -8.983063009666804 ] } },
{ "type": "Feature", "properties": { "id": 4979, "alert_type": "Deforestation/Fire" }, "geometry": { "type": "Point", "coordinates": [ 125.386398199760748, -8.983242672723627 ] } },
{ "type": "Feature", "properties": { "id": 4980, "alert_type": "Deforestation/Fire" }, "geometry": { "type": "Point", "coordinates": [ 125.375977742464968, -8.983601998837274 ] } },
{ "type": "Feature", "properties": { "id": 4981, "alert_type": "Deforestation/Fire" }, "geometry": { "type": "Point", "coordinates": [ 125.37669639469226, -8.983961324950924 ] } },
{ "type": "Feature", "properties": { "id": 4982, "alert_type": "Deforestation/Fire" }, "geometry": { "type": "Point", "coordinates": [ 125.379930329715094, -8.98521896634869 ] } },
{ "type": "Feature", "properties": { "id": 4983, "alert_type": "Deforestation/Fire" }, "geometry": { "type": "Point", "coordinates": [ 125.354777501759742, -8.986476607746457 ] } },
{ "type": "Feature", "properties": { "id": 4984, "alert_type": "Deforestation/Fire" }, "geometry": { "type": "Point", "coordinates": [ 125.358909752066694, -8.987734249144225 ] } },
{ "type": "Feature", "properties": { "id": 4985, "alert_type": "Deforestation/Fire" }, "geometry": { "type": "Point", "coordinates": [ 125.363042002373646, -8.993124140848941 ] } },
{ "type": "Feature", "properties": { "id": 4986, "alert_type": "Deforestation/Fire" }, "geometry": { "type": "Point", "coordinates": [ 125.358730089009867, -8.993842793076238 ] } },
{ "type": "Feature", "properties": { "id": 4987, "alert_type": "Deforestation/Fire" }, "geometry": { "type": "Point", "coordinates": [ 125.358550425953041, -8.994561445303534 ] } }
]
}
